stop_code,stop_name,route_short_name,route_long_name,route_type,route_color,route_text_color,direction_id,eol_stop_names_all,eol_stop_names_day,eol_stop_names_owl,start_time,end_time,day_headway,owl_headway,day_headway_min,owl_headway_min,mon,tue,wed,thu,fri,sat,sun
10390,19th Avenue & Holloway/Sf State,28,19TH AVENUE,3,005B95,FFFFFF,1,19th Avenue & Holloway/Sf State@@@2###Powell St & Beach St@@@170,Powell St & Beach St@@@70,,05:06:00,24:34:00,12.029411764705882,,12.029411764705882,,0,0,0,0,0,1,1
10390,19th Avenue & Holloway/Sf State,29,SUNSET,3,005B95,FFFFFF,1,25th Ave & California St@@@22###Bowley St & Lincoln Blvd@@@142,Bowley St & Lincoln Blvd@@@70,,05:30:00,24:30:00,12.088235294117647,,12.088235294117647,,0,0,0,0,0,1,1
10390,19th Avenue & Holloway/Sf State,91,3RD-19TH AVE OWL,3,666666,FFFFFF,0,Ulloa St & West Portal Ave@@@22,,Ulloa St & West Portal Ave@@@14,24:05:00,29:05:00,,30.0,,30.0,0,0,0,0,0,1,1
10913,Dublin St & La Grande Ave,52,EXCELSIOR,3,005B95,FFFFFF,1,Laguna Honda Blvd/Forest Hill Sta@@@58,Laguna Honda Blvd/Forest Hill Sta@@@28,,08:00:00,22:02:00,30.23076923076923,,30.23076923076923,,0,0,0,0,0,1,1
13016,3rd St & 4th St,91,3RD-19TH AVE OWL,3,666666,FFFFFF,0,Ulloa St & West Portal Ave@@@26,,Ulloa St & West Portal Ave@@@16,23:56:41,29:56:37,,30.0,,30.0,0,0,0,0,0,1,1
13016,3rd St & 4th St,TBUS,THIRD BUS,3,BF2B45,FFFFFF,1,Visitacion Ave & Bay Shore Blvd@@@24,,,05:17:34,08:03:34,,,,,0,0,0,0,0,1,1
13018,Bacon St & San Bruno Ave,54,FELTON,3,005B95,FFFFFF,0,Daly City BART Stop A2@@@94,Daly City BART Stop A2@@@42,,06:03:00,22:15:00,20.05,,20.05,,0,0,0,0,0,1,1
13019,Bacon St & San Bruno Ave,54,FELTON,3,005B95,FFFFFF,1,Newhall St & Hudson@@@96,Newhall St & Hudson@@@42,,06:04:00,22:27:00,20.15,,20.15,,0,0,0,0,0,1,1
13020,Bacon St & Somerset St,54,FELTON,3,005B95,FFFFFF,0,Daly City BART Stop A2@@@94,Daly City BART Stop A2@@@42,,06:04:05,22:16:00,20.05,,20.05,,0,0,0,0,0,1,1
13021,Bacon St & Somerset St,54,FELTON,3,005B95,FFFFFF,1,Newhall St & Hudson@@@96,Newhall St & Hudson@@@42,,06:02:48,22:25:39,20.15,,20.15,,0,0,0,0,0,1,1
13023,Baker Beach Parking Lot Sw,29,SUNSET,3,005B95,FFFFFF,0,Fitzgerald Ave & Keith St@@@154,Fitzgerald Ave & Keith St@@@68,,05:00:25,21:40:25,12.06060606060606,,12.06060606060606,,0,0,0,0,0,1,1
13023,Baker Beach Parking Lot Sw,29,SUNSET,3,005B95,FFFFFF,1,25th Ave & California St@@@22,,,21:46:25,24:53:25,,,,,0,0,0,0,0,1,1
13024,Baker St & Greenwich St,45,UNION-STOCKTON,3,005B95,FFFFFF,0,Lyon St & Greenwich St@@@138,Lyon St & Greenwich St@@@56,,04:34:15,22:28:50,15.222222222222221,,15.222222222222221,,0,0,0,0,0,1,1
13031,Bay St & Midway St,8,BAYSHORE,3,005B95,FFFFFF,1,Kearny St & North Point St@@@264,Kearny St & North Point St@@@118,,05:47:08,24:50:02,7.155172413793103,,7.155172413793103,,0,0,0,0,0,1,1
13032,Balboa St & 4th Ave,31,BALBOA,3,005B95,FFFFFF,0,Cabrillo St & La Playa St@@@110,Cabrillo St & La Playa St@@@42,,04:36:42,22:23:28,20.3,,20.3,,0,0,0,0,0,1,1
13033,Balboa St & 4th Ave,31,BALBOA,3,005B95,FFFFFF,1,Cyril Magnin St & Market St@@@98###Masonic Ave & Geary Blvd@@@12,Cyril Magnin St & Market St@@@42,,05:12:27,22:52:27,20.0,,20.0,,0,0,0,0,0,1,1
13034,Balboa St & 6th Ave,31,BALBOA,3,005B95,FFFFFF,0,Cabrillo St & La Playa St@@@110,Cabrillo St & La Playa St@@@42,,04:37:00,22:24:00,20.3,,20.3,,0,0,0,0,0,1,1
13035,Balboa St & 6th Ave,31,BALBOA,3,005B95,FFFFFF,1,Cyril Magnin St & Market St@@@98###Masonic Ave & Geary Blvd@@@12,Cyril Magnin St & Market St@@@42,,05:12:00,22:52:00,20.0,,20.0,,0,0,0,0,0,1,1
13036,Balboa St & 8th Ave,31,BALBOA,3,005B95,FFFFFF,0,Cabrillo St & La Playa St@@@110,Cabrillo St & La Playa St@@@42,,04:37:30,22:24:30,20.3,,20.3,,0,0,0,0,0,1,1
13037,Balboa St & 8th Ave,31,BALBOA,3,005B95,FFFFFF,1,Cyril Magnin St & Market St@@@98###Masonic Ave & Geary Blvd@@@12,Cyril Magnin St & Market St@@@42,,05:11:21,22:51:21,20.0,,20.0,,0,0,0,0,0,1,1
13038,Balboa St & 10th Ave,31,BALBOA,3,005B95,FFFFFF,0,Cabrillo St & La Playa St@@@110,Cabrillo St & La Playa St@@@42,,04:38:05,22:25:05,20.3,,20.3,,0,0,0,0,0,1,1
13039,Balboa St & 10th Ave,31,BALBOA,3,005B95,FFFFFF,1,Cyril Magnin St & Market St@@@98###Masonic Ave & Geary Blvd@@@12,Cyril Magnin St & Market St@@@42,,05:10:50,22:50:50,20.0,,20.0,,0,0,0,0,0,1,1
13040,Balboa St & 12th Ave,31,BALBOA,3,005B95,FFFFFF,0,Cabrillo St & La Playa St@@@110,Cabrillo St & La Playa St@@@42,,04:38:40,22:25:40,20.35,,20.35,,0,0,0,0,0,1,1
13041,Balboa St & 12th Ave,31,BALBOA,3,005B95,FFFFFF,1,Cyril Magnin St & Market St@@@98###Masonic Ave & Geary Blvd@@@12,Cyril Magnin St & Market St@@@42,,05:10:19,22:50:19,20.0,,20.0,,0,0,0,0,0,1,1
13043,Balboa St & 17th Ave,31,BALBOA,3,005B95,FFFFFF,0,Cabrillo St & La Playa St@@@110,Cabrillo St & La Playa St@@@42,,04:40:10,22:27:10,20.3,,20.3,,0,0,0,0,0,1,1
13044,Balboa St & 17th Ave,31,BALBOA,3,005B95,FFFFFF,1,Cyril Magnin St & Market St@@@98###Masonic Ave & Geary Blvd@@@12,Cyril Magnin St & Market St@@@42,,05:08:59,22:48:59,20.0,,20.0,,0,0,0,0,0,1,1
13045,Balboa St & 19th Ave,31,BALBOA,3,005B95,FFFFFF,0,Cabrillo St & La Playa St@@@110,Cabrillo St & La Playa St@@@42,,04:40:45,22:27:45,20.35,,20.35,,0,0,0,0,0,1,1
13046,Balboa St & 19th Ave,31,BALBOA,3,005B95,FFFFFF,1,Cyril Magnin St & Market St@@@98###Masonic Ave & Geary Blvd@@@12,Cyril Magnin St & Market St@@@42,,05:08:28,22:48:28,20.0,,20.0,,0,0,0,0,0,1,1
13047,Balboa St & 21st Ave,31,BALBOA,3,005B95,FFFFFF,0,Cabrillo St & La Playa St@@@110,Cabrillo St & La Playa St@@@42,,04:41:20,22:28:20,20.35,,20.35,,0,0,0,0,0,1,1
13048,Balboa St & 21st Ave,31,BALBOA,3,005B95,FFFFFF,1,Cyril Magnin St & Market St@@@98###Masonic Ave & Geary Blvd@@@12,Cyril Magnin St & Market St@@@42,,05:07:57,22:47:57,20.0,,20.0,,0,0,0,0,0,1,1
13049,Balboa St & 23rd Ave,31,BALBOA,3,005B95,FFFFFF,0,Cabrillo St & La Playa St@@@110,Cabrillo St & La Playa St@@@42,,04:41:55,22:28:55,20.4,,20.4,,0,0,0,0,0,1,1
13050,Balboa St & 23rd Ave,31,BALBOA,3,005B95,FFFFFF,1,Cyril Magnin St & Market St@@@98###Masonic Ave & Geary Blvd@@@12,Cyril Magnin St & Market St@@@42,,05:07:26,22:47:26,20.0,,20.0,,0,0,0,0,0,1,1
13051,Balboa St & 25th Ave,31,BALBOA,3,005B95,FFFFFF,0,Cabrillo St & La Playa St@@@110,Cabrillo St & La Playa St@@@42,,04:42:35,22:29:35,20.35,,20.35,,0,0,0,0,0,1,1
13052,Balboa St & 25th Ave,31,BALBOA,3,005B95,FFFFFF,1,Cyril Magnin St & Market St@@@98###Masonic Ave & Geary Blvd@@@12,Cyril Magnin St & Market St@@@42,,05:06:58,22:46:58,20.0,,20.0,,0,0,0,0,0,1,1
13053,Balboa St & 28th Ave,31,BALBOA,3,005B95,FFFFFF,0,Cabrillo St & La Playa St@@@110,Cabrillo St & La Playa St@@@42,,04:43:23,22:30:23,20.35,,20.35,,0,0,0,0,0,1,1
13054,Balboa St & 28th Ave,31,BALBOA,3,005B95,FFFFFF,1,Cyril Magnin St & Market St@@@98###Masonic Ave & Geary Blvd@@@12,Cyril Magnin St & Market St@@@42,,05:06:08,22:46:08,20.0,,20.0,,0,0,0,0,0,1,1
13055,Balboa St & 30th Ave,31,BALBOA,3,005B95,FFFFFF,0,Cabrillo St & La Playa St@@@110,Cabrillo St & La Playa St@@@42,,04:44:03,22:31:03,20.35,,20.35,,0,0,0,0,0,1,1
13056,Balboa St & 30th Ave,31,BALBOA,3,005B95,FFFFFF,1,Cyril Magnin St & Market St@@@98###Masonic Ave & Geary Blvd@@@12,Cyril Magnin St & Market St@@@42,,05:05:36,22:45:36,20.0,,20.0,,0,0,0,0,0,1,1
13057,Balboa St & 32nd Ave,31,BALBOA,3,005B95,FFFFFF,0,Cabrillo St & La Playa St@@@110,Cabrillo St & La Playa St@@@42,,04:44:34,22:31:34,20.4,,20.4,,0,0,0,0,0,1,1
13058,Balboa St & 32nd Ave,31,BALBOA,3,005B95,FFFFFF,1,Cyril Magnin St & Market St@@@98###Masonic Ave & Geary Blvd@@@12,Cyril Magnin St & Market St@@@42,,05:05:05,22:45:05,20.0,,20.0,,0,0,0,0,0,1,1
13059,Balboa St & 34th Ave,18,46TH AVENUE,3,005B95,FFFFFF,1,33rd Ave & Geary Blvd@@@22###Legion Of Honor@@@74,Legion Of Honor@@@42,,06:32:35,22:22:21,20.05,,20.05,,0,0,0,0,0,1,1
13059,Balboa St & 34th Ave,31,BALBOA,3,005B95,FFFFFF,1,Cyril Magnin St & Market St@@@98###Masonic Ave & Geary Blvd@@@12,Cyril Magnin St & Market St@@@42,,05:04:34,22:44:34,20.0,,20.0,,0,0,0,0,0,1,1
13060,Balboa St & 35th Ave,18,46TH AVENUE,3,005B95,FFFFFF,0,19th Ave & Buckingham/Stonestown@@@96,19th Ave & Buckingham/Stonestown@@@42,,06:04:37,22:04:54,20.0,,20.0,,0,0,0,0,0,1,1
13060,Balboa St & 35th Ave,31,BALBOA,3,005B95,FFFFFF,0,Cabrillo St & La Playa St@@@110,Cabrillo St & La Playa St@@@42,,04:45:19,22:32:19,20.4,,20.4,,0,0,0,0,0,1,1
13061,Balboa St & 37th Ave,18,46TH AVENUE,3,005B95,FFFFFF,0,19th Ave & Buckingham/Stonestown@@@96,19th Ave & Buckingham/Stonestown@@@42,,06:05:17,22:05:40,20.0,,20.0,,0,0,0,0,0,1,1
13061,Balboa St & 37th Ave,31,BALBOA,3,005B95,FFFFFF,0,Cabrillo St & La Playa St@@@110,Cabrillo St & La Playa St@@@42,,04:46:02,22:33:02,20.4,,20.4,,0,0,0,0,0,1,1
13062,Balboa St & 37th Ave,18,46TH AVENUE,3,005B95,FFFFFF,1,33rd Ave & Geary Blvd@@@22###Legion Of Honor@@@74,Legion Of Honor@@@42,,06:31:46,22:21:24,20.05,,20.05,,0,0,0,0,0,1,1
13062,Balboa St & 37th Ave,31,BALBOA,3,005B95,FFFFFF,1,Cyril Magnin St & Market St@@@98###Masonic Ave & Geary Blvd@@@12,Cyril Magnin St & Market St@@@42,,05:03:47,22:43:47,20.0,,20.0,,0,0,0,0,0,1,1
13063,Balboa St & 40th Ave,18,46TH AVENUE,3,005B95,FFFFFF,0,19th Ave & Buckingham/Stonestown@@@96,19th Ave & Buckingham/Stonestown@@@42,,06:06:05,22:06:36,20.0,,20.0,,0,0,0,0,0,1,1
13063,Balboa St & 40th Ave,31,BALBOA,3,005B95,FFFFFF,0,Cabrillo St & La Playa St@@@110,Cabrillo St & La Playa St@@@40,,04:46:54,22:33:54,20.473684210526315,,20.473684210526315,,0,0,0,0,0,1,1
13064,Balboa St & 40th Ave,18,46TH AVENUE,3,005B95,FFFFFF,1,33rd Ave & Geary Blvd@@@22###Legion Of Honor@@@74,Legion Of Honor@@@42,,06:30:58,22:20:27,20.05,,20.05,,0,0,0,0,0,1,1
13064,Balboa St & 40th Ave,31,BALBOA,3,005B95,FFFFFF,1,Cyril Magnin St & Market St@@@98###Masonic Ave & Geary Blvd@@@12,Cyril Magnin St & Market St@@@42,,05:03:00,22:43:00,20.0,,20.0,,0,0,0,0,0,1,1
13065,Balboa St & 43rd Ave,18,46TH AVENUE,3,005B95,FFFFFF,0,19th Ave & Buckingham/Stonestown@@@96,19th Ave & Buckingham/Stonestown@@@42,,06:06:54,22:07:33,20.0,,20.0,,0,0,0,0,0,1,1
13065,Balboa St & 43rd Ave,31,BALBOA,3,005B95,FFFFFF,0,Cabrillo St & La Playa St@@@110,Cabrillo St & La Playa St@@@40,,04:47:47,22:34:47,20.473684210526315,,20.473684210526315,,0,0,0,0,0,1,1
13066,Balboa St & 43rd Ave,18,46TH AVENUE,3,005B95,FFFFFF,1,33rd Ave & Geary Blvd@@@22###Legion Of Honor@@@74,Legion Of Honor@@@42,,06:30:09,22:19:30,20.05,,20.05,,0,0,0,0,0,1,1
13066,Balboa St & 43rd Ave,31,BALBOA,3,005B95,FFFFFF,1,Cyril Magnin St & Market St@@@98###Masonic Ave & Geary Blvd@@@12,Cyril Magnin St & Market St@@@42,,05:02:13,22:42:13,20.0,,20.0,,0,0,0,0,0,1,1
13067,Balboa St & Arguello Blvd,31,BALBOA,3,005B95,FFFFFF,0,Cabrillo St & La Playa St@@@110,Cabrillo St & La Playa St@@@42,,04:36:11,22:22:36,20.3,,20.3,,0,0,0,0,0,1,1
13070,Balboa St & Park Presidio Blvd,31,BALBOA,3,005B95,FFFFFF,0,Cabrillo St & La Playa St@@@110,Cabrillo St & La Playa St@@@42,,04:39:12,22:26:12,20.3,,20.3,,0,0,0,0,0,1,1
13071,Balboa St & Park Presidio Blvd,31,BALBOA,3,005B95,FFFFFF,1,Cyril Magnin St & Market St@@@98###Masonic Ave & Geary Blvd@@@12,Cyril Magnin St & Market St@@@42,,05:09:52,22:49:52,20.0,,20.0,,0,0,0,0,0,1,1
13072,Broderick St & Bay St,30,STOCKTON,3,005B95,FFFFFF,0,Crissy Field Terminal@@@104###Divisadero St & Chestnut St@@@36,Crissy Field Terminal@@@56,,05:34:53,24:27:24,15.296296296296296,,15.296296296296296,,0,0,0,0,0,1,1
13074,Broderick St & Beach St,30,STOCKTON,3,005B95,FFFFFF,0,Crissy Field Terminal@@@104###Divisadero St & Chestnut St@@@36,Crissy Field Terminal@@@56,,05:35:33,24:27:57,15.296296296296296,,15.296296296296296,,0,0,0,0,0,1,1
13075,Broderick St & Francisco St,30,STOCKTON,3,005B95,FFFFFF,0,Crissy Field Terminal@@@104###Divisadero St & Chestnut St@@@36,Crissy Field Terminal@@@56,,05:34:34,24:27:08,15.296296296296296,,15.296296296296296,,0,0,0,0,0,1,1
13076,Broderick St & Jefferson St,30,STOCKTON,3,005B95,FFFFFF,0,Crissy Field Terminal@@@104###Divisadero St & Chestnut St@@@36,Crissy Field Terminal@@@56,,05:35:52,24:28:13,15.296296296296296,,15.296296296296296,,0,0,0,0,0,1,1
13077,Broderick St & North Point St,30,STOCKTON,3,005B95,FFFFFF,0,Crissy Field Terminal@@@104###Divisadero St & Chestnut St@@@36,Crissy Field Terminal@@@56,,05:35:13,24:27:41,15.25925925925926,,15.25925925925926,,0,0,0,0,0,1,1
13082,Broadway & Columbus Ave,12,FOLSOM-PACIFIC,3,005B95,FFFFFF,0,Main St & Howard St@@@54###Valencia St & Cesar Chavez St@@@98,Main St & Howard St@@@40###Valencia St & Cesar Chavez St@@@42,,06:08:23,22:08:52,10.0,,10.0,,0,0,0,0,0,1,1
13084,Broadway & Montgomery St,12,FOLSOM-PACIFIC,3,005B95,FFFFFF,0,Main St & Howard St@@@54###Valencia St & Cesar Chavez St@@@98,Main St & Howard St@@@40###Valencia St & Cesar Chavez St@@@42,,06:09:29,22:10:11,10.0,,10.0,,0,0,0,0,0,1,1
13085,Broadway & Steiner St,22,FILLMORE,3,005B95,FFFFFF,1,Fillmore St & Bay St@@@282,Fillmore St & Bay St@@@112,Fillmore St & Bay St@@@14,05:21:34,29:29:08,7.509090909090909,30.0,7.509090909090909,30.0,0,0,0,0,0,1,1
13086,Broadway & Steiner St,22,FILLMORE,3,005B95,FFFFFF,0,Fillmore St & Sutter St@@@16###Mission Bay North & 4th St@@@266,Mission Bay North & 4th St@@@108,Fillmore St & Sutter St@@@2###Mission Bay North & 4th St@@@14,05:39:32,29:47:32,7.679245283018868,28.428571428571427,7.679245283018868,28.428571428571427,0,0,0,0,0,1,1
13087,Broadway & Stockton St/Chinatown,12,FOLSOM-PACIFIC,3,005B95,FFFFFF,0,Main St & Howard St@@@54###Valencia St & Cesar Chavez St@@@98,Main St & Howard St@@@40###Valencia St & Cesar Chavez St@@@42,,06:07:29,22:07:47,10.0,,10.0,,0,0,0,0,0,1,1
13089,Beale St & Mission St,38,GEARY,3,005B95,FFFFFF,1,Transit Center Bay D@@@228,Transit Center Bay D@@@82,Transit Center Bay D@@@16,06:08:53,29:49:10,10.1,30.0,10.1,30.0,0,0,0,0,0,1,1
13089,Beale St & Mission St,38R,GEARY RAPID,3,BF2B45,FFFFFF,1,Transit Center Bay C@@@174,Transit Center Bay C@@@84,,06:40:20,21:41:37,10.097560975609756,,10.097560975609756,,0,0,0,0,0,1,1
13089,Beale St & Mission St,5,FULTON,3,005B95,FFFFFF,1,Transit Center Bay B@@@276,Transit Center Bay B@@@120,,04:49:03,24:55:22,6.966101694915254,,6.966101694915254,,0,0,0,0,0,1,1
13089,Beale St & Mission St,7,HAIGHT-NORIEGA,3,005B95,FFFFFF,1,Transit Center Bay E@@@156,Transit Center Bay E@@@70,,05:39:47,24:45:47,12.264705882352942,,12.264705882352942,,0,0,0,0,0,1,1
13092,Beach St & Mason St,F,MARKET & WHARVES,0,B49A36,000000,0,17th St & Castro St@@@114###17th St & Noe St@@@28,17th St & Castro St@@@64###17th St & Noe St@@@4,,07:01:22,23:03:17,12.363636363636363,,12.363636363636363,,0,0,0,0,0,1,1
13092,Beach St & Mason St,FBUS,MARKET & WHARVES BUS,3,B49A36,000000,0,17th St & Castro St@@@2,,,23:26:08,23:26:08,,,,,0,0,0,0,0,1,1
13092,Beach St & Mason St,LOWL,OWL TARAVAL,3,666666,FFFFFF,0,The Embarcadero & Ferry Building@@@8###Wawona/46th Ave /Sf Zoo@@@28,,The Embarcadero & Ferry Building@@@8###Wawona/46th Ave /Sf Zoo@@@16,23:40:57,30:45:48,,25.0,,25.0,0,0,0,0,0,1,1
13093,Beach St & Polk St,19,POLK,3,005B95,FFFFFF,0,Galvez Ave & Hill Ave@@@102,Galvez Ave & Hill Ave@@@44,,05:05:00,22:00:00,20.0,,20.0,,0,0,0,0,0,1,1
13095,Beach St & Stockton St,F,MARKET & WHARVES,0,B49A36,000000,0,17th St & Castro St@@@114###17th St & Noe St@@@28,17th St & Castro St@@@64###17th St & Noe St@@@4,,07:03:00,23:05:00,12.393939393939394,,12.393939393939394,,0,0,0,0,0,1,1
13095,Beach St & Stockton St,FBUS,MARKET & WHARVES BUS,3,B49A36,000000,0,17th St & Castro St@@@2,,,23:27:22,23:27:22,,,,,0,0,0,0,0,1,1
13095,Beach St & Stockton St,LOWL,OWL TARAVAL,3,666666,FFFFFF,0,The Embarcadero & Ferry Building@@@8###Wawona/46th Ave /Sf Zoo@@@28,,The Embarcadero & Ferry Building@@@8###Wawona/46th Ave /Sf Zoo@@@16,23:41:58,30:46:40,,25.0,,25.0,0,0,0,0,0,1,1
13096,Bemis St & Moffitt St,35,EUREKA,3,005B95,FFFFFF,0,Bosworth St & Diamond St@@@58,Bosworth St & Diamond St@@@28,,07:13:49,21:14:49,30.076923076923077,,30.076923076923077,,0,0,0,0,0,1,1
13103,3rd St & 20th St,15,BAYVIEW HUNTERS POINT EXPRESS,3,005B95,FFFFFF,1,Sutter St & Sansome St@@@130,Sutter St & Sansome St@@@68,,08:23:00,22:21:00,12.606060606060606,,12.606060606060606,,0,0,0,0,0,1,1
13103,3rd St & 20th St,91,3RD-19TH AVE OWL,3,666666,FFFFFF,1,19th Ave & Holloway/Sf State@@@24,,19th Ave & Holloway/Sf State@@@16,24:27:00,29:57:00,,30.0,,30.0,0,0,0,0,0,1,1
13103,3rd St & 20th St,TBUS,THIRD BUS,3,BF2B45,FFFFFF,0,Pacific Ave & Powell St@@@16###Stockton St & Washington St@@@4,,,05:24:00,24:06:00,,,,,0,0,0,0,0,1,1
13104,3rd St & 20th St,15,BAYVIEW HUNTERS POINT EXPRESS,3,005B95,FFFFFF,0,Palou Ave & 3rd St@@@130,Palou Ave & 3rd St@@@68,,08:19:00,22:26:00,12.636363636363637,,12.636363636363637,,0,0,0,0,0,1,1
13104,3rd St & 20th St,91,3RD-19TH AVE OWL,3,666666,FFFFFF,0,Ulloa St & West Portal Ave@@@26,,Ulloa St & West Portal Ave@@@18,24:01:00,30:01:00,,30.0,,30.0,0,0,0,0,0,1,1
13104,3rd St & 20th St,TBUS,THIRD BUS,3,BF2B45,FFFFFF,1,Visitacion Ave & Bay Shore Blvd@@@24,,,05:23:00,08:09:00,,,,,0,0,0,0,0,1,1
13107,3rd St & 23rd St,91,3RD-19TH AVE OWL,3,666666,FFFFFF,1,19th Ave & Holloway/Sf State@@@24,,19th Ave & Holloway/Sf State@@@16,24:25:48,29:55:48,,30.0,,30.0,0,0,0,0,0,1,1
13107,3rd St & 23rd St,TBUS,THIRD BUS,3,BF2B45,FFFFFF,0,Pacific Ave & Powell St@@@16###Stockton St & Washington St@@@4,,,05:22:19,24:04:19,,,,,0,0,0,0,0,1,1
13108,3rd St & 23rd St,91,3RD-19TH AVE OWL,3,666666,FFFFFF,0,Ulloa St & West Portal Ave@@@26,,Ulloa St & West Portal Ave@@@18,24:02:17,30:02:17,,30.0,,30.0,0,0,0,0,0,1,1
13108,3rd St & 23rd St,TBUS,THIRD BUS,3,BF2B45,FFFFFF,1,Visitacion Ave & Bay Shore Blvd@@@24,,,05:24:55,08:10:55,,,,,0,0,0,0,0,1,1
13113,3rd St & Bayview St,91,3RD-19TH AVE OWL,3,666666,FFFFFF,0,Ulloa St & West Portal Ave@@@26,,Ulloa St & West Portal Ave@@@18,24:09:59,30:09:59,,30.0,,30.0,0,0,0,0,0,1,1
13113,3rd St & Bayview St,TBUS,THIRD BUS,3,BF2B45,FFFFFF,1,Visitacion Ave & Bay Shore Blvd@@@24,,,05:31:57,08:17:57,,,,,0,0,0,0,0,1,1
13114,3rd St & Brannan St,15,BAYVIEW HUNTERS POINT EXPRESS,3,005B95,FFFFFF,1,Sutter St & Sansome St@@@130,Sutter St & Sansome St@@@66,,08:29:27,22:26:54,12.65625,,12.65625,,0,0,0,0,0,1,1
13114,3rd St & Brannan St,30,STOCKTON,3,005B95,FFFFFF,0,Crissy Field Terminal@@@102###Divisadero St & Chestnut St@@@36,Crissy Field Terminal@@@56,,05:05:45,24:00:45,15.037037037037036,,15.037037037037036,,0,0,0,0,0,1,1
13114,3rd St & Brannan St,45,UNION-STOCKTON,3,005B95,FFFFFF,0,Lyon St & Greenwich St@@@124###Sutter St & Kearny St@@@8,Lyon St & Greenwich St@@@56,,05:22:04,22:32:04,15.0,,15.0,,0,0,0,0,0,1,1
13114,3rd St & Brannan St,91,3RD-19TH AVE OWL,3,666666,FFFFFF,1,19th Ave & Holloway/Sf State@@@24,,19th Ave & Holloway/Sf State@@@18,24:35:43,30:05:43,,30.0,,30.0,0,0,0,0,0,1,1
13114,3rd St & Brannan St,TBUS,THIRD BUS,3,BF2B45,FFFFFF,0,Pacific Ave & Powell St@@@16###Stockton St & Washington St@@@4,,,05:35:14,24:17:14,,,,,0,0,0,0,0,1,1
13115,3rd St & Carroll Ave,91,3RD-19TH AVE OWL,3,666666,FFFFFF,0,Ulloa St & West Portal Ave@@@26,,Ulloa St & West Portal Ave@@@18,24:11:55,30:11:55,,30.0,,30.0,0,0,0,0,0,1,1
13115,3rd St & Carroll Ave,TBUS,THIRD BUS,3,BF2B45,FFFFFF,1,Visitacion Ave & Bay Shore Blvd@@@24,,,05:34:00,08:20:00,,,,,0,0,0,0,0,1,1
13116,3rd St & Carroll Ave,91,3RD-19TH AVE OWL,3,666666,FFFFFF,1,19th Ave & Holloway/Sf State@@@24,,19th Ave & Holloway/Sf State@@@16,24:15:32,29:45:32,,30.0,,30.0,0,0,0,0,0,1,1
13116,3rd St & Carroll Ave,TBUS,THIRD BUS,3,BF2B45,FFFFFF,0,Pacific Ave & Powell St@@@16###Stockton St & Washington St@@@4,,,05:10:11,23:52:11,,,,,0,0,0,0,0,1,1
13123,3rd St & Evans Ave,15,BAYVIEW HUNTERS POINT EXPRESS,3,005B95,FFFFFF,0,Palou Ave & 3rd St@@@130,Palou Ave & 3rd St@@@66,,08:24:11,22:30:36,12.65625,,12.65625,,0,0,0,0,0,1,1
13123,3rd St & Evans Ave,91,3RD-19TH AVE OWL,3,666666,FFFFFF,0,Ulloa St & West Portal Ave@@@26,,Ulloa St & West Portal Ave@@@18,24:07:00,30:07:00,,30.0,,30.0,0,0,0,0,0,1,1
13123,3rd St & Evans Ave,TBUS,THIRD BUS,3,BF2B45,FFFFFF,1,Visitacion Ave & Bay Shore Blvd@@@24,,,05:28:56,08:14:56,,,,,0,0,0,0,0,1,1
13124,3rd St & Folsom St / Moscone Center,30,STOCKTON,3,005B95,FFFFFF,0,Crissy Field Terminal@@@104###Divisadero St & Chestnut St@@@36###Van Ness Ave & North Point St@@@54,Crissy Field Terminal@@@56###Van Ness Ave & North Point St@@@40,,05:08:44,24:03:44,8.638297872340425,,8.638297872340425,,0,0,0,0,0,1,1
13124,3rd St & Folsom St / Moscone Center,45,UNION-STOCKTON,3,005B95,FFFFFF,0,Lyon St & Greenwich St@@@124###Sutter St & Kearny St@@@8,Lyon St & Greenwich St@@@56,,05:25:24,22:35:24,15.0,,15.0,,0,0,0,0,0,1,1
13124,3rd St & Folsom St / Moscone Center,8,BAYSHORE,3,005B95,FFFFFF,1,Kearny St & North Point St@@@264,Kearny St & North Point St@@@118,,05:34:58,24:36:31,7.068965517241379,,7.068965517241379,,0,0,0,0,0,1,1
13124,3rd St & Folsom St / Moscone Center,91,3RD-19TH AVE OWL,3,666666,FFFFFF,1,19th Ave & Holloway/Sf State@@@24,,19th Ave & Holloway/Sf State@@@18,24:38:35,30:08:35,,30.0,,30.0,0,0,0,0,0,1,1
13124,3rd St & Folsom St / Moscone Center,TBUS,THIRD BUS,3,BF2B45,FFFFFF,0,Pacific Ave & Powell St@@@16###Stockton St & Washington St@@@4,,,05:38:57,24:20:57,,,,,0,0,0,0,0,1,1
13127,3rd St & Hudson Ave,54,FELTON,3,005B95,FFFFFF,1,Newhall St & Hudson@@@96,Newhall St & Hudson@@@42,,06:16:41,22:41:10,20.25,,20.25,,0,0,0,0,0,1,1
13127,3rd St & Hudson Ave,91,3RD-19TH AVE OWL,3,666666,FFFFFF,1,19th Ave & Holloway/Sf State@@@24,,19th Ave & Holloway/Sf State@@@16,24:20:14,29:50:14,,30.0,,30.0,0,0,0,0,0,1,1
13127,3rd St & Hudson Ave,TBUS,THIRD BUS,3,BF2B45,FFFFFF,0,Pacific Ave & Powell St@@@16###Stockton St & Washington St@@@4,,,05:16:14,23:58:14,,,,,0,0,0,0,0,1,1
13129,3rd St & Innes Ave,54,FELTON,3,005B95,FFFFFF,0,Daly City BART Stop A2@@@94,Daly City BART Stop A2@@@42,,05:50:18,22:00:20,20.0,,20.0,,0,0,0,0,0,1,1
13129,3rd St & Innes Ave,91,3RD-19TH AVE OWL,3,666666,FFFFFF,0,Ulloa St & West Portal Ave@@@26,,Ulloa St & West Portal Ave@@@18,24:07:55,30:07:55,,30.0,,30.0,0,0,0,0,0,1,1
13129,3rd St & Innes Ave,TBUS,THIRD BUS,3,BF2B45,FFFFFF,1,Visitacion Ave & Bay Shore Blvd@@@24,,,05:29:51,08:15:51,,,,,0,0,0,0,0,1,1
13134,3rd St & La Salle Ave,54,FELTON,3,005B95,FFFFFF,1,Newhall St & Hudson@@@96,Newhall St & Hudson@@@42,,06:15:52,22:40:07,20.25,,20.25,,0,0,0,0,0,1,1
13134,3rd St & La Salle Ave,91,3RD-19TH AVE OWL,3,666666,FFFFFF,1,19th Ave & Holloway/Sf State@@@24,,19th Ave & Holloway/Sf State@@@16,24:19:19,29:49:19,,30.0,,30.0,0,0,0,0,0,1,1
13134,3rd St & La Salle Ave,TBUS,THIRD BUS,3,BF2B45,FFFFFF,0,Pacific Ave & Powell St@@@16###Stockton St & Washington St@@@4,,,05:15:02,23:57:02,,,,,0,0,0,0,0,1,1
13135,3rd St & Kirkwood Ave,54,FELTON,3,005B95,FFFFFF,0,Daly City BART Stop A2@@@94,Daly City BART Stop A2@@@42,,05:50:46,22:00:52,20.0,,20.0,,0,0,0,0,0,1,1
13135,3rd St & Kirkwood Ave,91,3RD-19TH AVE OWL,3,666666,FFFFFF,0,Ulloa St & West Portal Ave@@@26,,Ulloa St & West Portal Ave@@@18,24:08:18,30:08:18,,30.0,,30.0,0,0,0,0,0,1,1
13135,3rd St & Kirkwood Ave,TBUS,THIRD BUS,3,BF2B45,FFFFFF,1,Visitacion Ave & Bay Shore Blvd@@@24,,,05:30:15,08:16:15,,,,,0,0,0,0,0,1,1
13136,3rd St & Mission St / Moscone Center,15,BAYVIEW HUNTERS POINT EXPRESS,3,005B95,FFFFFF,1,Sutter St & Sansome St@@@130,Sutter St & Sansome St@@@66,,08:32:46,22:29:57,12.6875,,12.6875,,0,0,0,0,0,1,1
13136,3rd St & Mission St / Moscone Center,30,STOCKTON,3,005B95,FFFFFF,0,Crissy Field Terminal@@@104###Divisadero St & Chestnut St@@@36###Van Ness Ave & North Point St@@@54,Crissy Field Terminal@@@56###Van Ness Ave & North Point St@@@42,,05:10:00,24:05:00,8.541666666666666,,8.541666666666666,,0,0,0,0,0,1,1
13136,3rd St & Mission St / Moscone Center,45,UNION-STOCKTON,3,005B95,FFFFFF,0,Lyon St & Greenwich St@@@124###Sutter St & Kearny St@@@8,Lyon St & Greenwich St@@@56,,05:26:54,22:36:54,15.037037037037036,,15.037037037037036,,0,0,0,0,0,1,1
13136,3rd St & Mission St / Moscone Center,8,BAYSHORE,3,005B95,FFFFFF,1,Kearny St & North Point St@@@264,Kearny St & North Point St@@@118,,05:36:20,24:38:03,7.068965517241379,,7.068965517241379,,0,0,0,0,0,1,1
13136,3rd St & Mission St / Moscone Center,91,3RD-19TH AVE OWL,3,666666,FFFFFF,1,19th Ave & Holloway/Sf State@@@24,,19th Ave & Holloway/Sf State@@@18,24:39:52,30:09:52,,30.0,,30.0,0,0,0,0,0,1,1
13141,3rd St & Palou Ave,24,DIVISADERO,3,005B95,FFFFFF,1,Divisadero St & Sutter St@@@8###Fillmore St & Jackson St@@@16###Jackson St & Webster St@@@158,Jackson St & Webster St@@@70,,05:07:00,24:26:00,12.088235294117647,,12.088235294117647,,0,0,0,0,0,1,1
13141,3rd St & Palou Ave,54,FELTON,3,005B95,FFFFFF,1,Newhall St & Hudson@@@96,Newhall St & Hudson@@@42,,06:15:00,22:39:00,20.2,,20.2,,0,0,0,0,0,1,1
13141,3rd St & Palou Ave,91,3RD-19TH AVE OWL,3,666666,FFFFFF,1,19th Ave & Holloway/Sf State@@@24,,19th Ave & Holloway/Sf State@@@16,24:18:19,29:48:19,,30.0,,30.0,0,0,0,0,0,1,1
13141,3rd St & Palou Ave,TBUS,THIRD BUS,3,BF2B45,FFFFFF,0,Pacific Ave & Powell St@@@16###Stockton St & Washington St@@@4,,,05:13:46,23:55:46,,,,,0,0,0,0,0,1,1
13143,3rd St & Oakdale Ave,54,FELTON,3,005B95,FFFFFF,0,Daly City BART Stop A2@@@94,Daly City BART Stop A2@@@42,,05:51:54,22:02:08,20.0,,20.0,,0,0,0,0,0,1,1
13143,3rd St & Oakdale Ave,91,3RD-19TH AVE OWL,3,666666,FFFFFF,0,Ulloa St & West Portal Ave@@@26,,Ulloa St & West Portal Ave@@@18,24:09:14,30:09:14,,30.0,,30.0,0,0,0,0,0,1,1
13143,3rd St & Oakdale Ave,TBUS,THIRD BUS,3,BF2B45,FFFFFF,1,Visitacion Ave & Bay Shore Blvd@@@24,,,05:31:11,08:17:11,,,,,0,0,0,0,0,1,1
13144,3rd St & Bryant St,30,STOCKTON,3,005B95,FFFFFF,0,Crissy Field Terminal@@@102###Divisadero St & Chestnut St@@@36,Crissy Field Terminal@@@56,,05:07:12,24:02:12,15.037037037037036,,15.037037037037036,,0,0,0,0,0,1,1
13144,3rd St & Bryant St,45,UNION-STOCKTON,3,005B95,FFFFFF,0,Lyon St & Greenwich St@@@124###Sutter St & Kearny St@@@8,Lyon St & Greenwich St@@@56,,05:23:41,22:33:41,15.0,,15.0,,0,0,0,0,0,1,1
13144,3rd St & Bryant St,8,BAYSHORE,3,005B95,FFFFFF,1,Kearny St & North Point St@@@264,Kearny St & North Point St@@@120,,05:33:23,24:34:46,7.067796610169491,,7.067796610169491,,0,0,0,0,0,1,1
13144,3rd St & Bryant St,91,3RD-19TH AVE OWL,3,666666,FFFFFF,1,19th Ave & Holloway/Sf State@@@24,,19th Ave & Holloway/Sf State@@@18,24:37:07,30:07:07,,30.0,,30.0,0,0,0,0,0,1,1
13145,3rd St & Revere Ave,91,3RD-19TH AVE OWL,3,666666,FFFFFF,1,19th Ave & Holloway/Sf State@@@24,,19th Ave & Holloway/Sf State@@@16,24:17:45,29:47:45,,30.0,,30.0,0,0,0,0,0,1,1
13145,3rd St & Revere Ave,TBUS,THIRD BUS,3,BF2B45,FFFFFF,0,Pacific Ave & Powell St@@@16###Stockton St & Washington St@@@4,,,05:13:02,23:55:02,,,,,0,0,0,0,0,1,1
13146,3rd St & Salinas Ave,91,3RD-19TH AVE OWL,3,666666,FFFFFF,0,Ulloa St & West Portal Ave@@@26,,Ulloa St & West Portal Ave@@@18,24:13:21,30:13:21,,30.0,,30.0,0,0,0,0,0,1,1
13146,3rd St & Salinas Ave,TBUS,THIRD BUS,3,BF2B45,FFFFFF,1,Visitacion Ave & Bay Shore Blvd@@@24,,,05:36:42,08:22:42,,,,,0,0,0,0,0,1,1
13149,3rd St & Van Dyke Ave,91,3RD-19TH AVE OWL,3,666666,FFFFFF,1,19th Ave & Holloway/Sf State@@@24,,19th Ave & Holloway/Sf State@@@16,24:16:48,29:46:48,,30.0,,30.0,0,0,0,0,0,1,1
13150,3rd St & Williams Ave,91,3RD-19TH AVE OWL,3,666666,FFFFFF,0,Ulloa St & West Portal Ave@@@26,,Ulloa St & West Portal Ave@@@18,24:10:52,30:10:52,,30.0,,30.0,0,0,0,0,0,1,1
13150,3rd St & Williams Ave,TBUS,THIRD BUS,3,BF2B45,FFFFFF,1,Visitacion Ave & Bay Shore Blvd@@@24,,,05:32:51,08:18:51,,,,,0,0,0,0,0,1,1
13153,4th St & 3rd St,91,3RD-19TH AVE OWL,3,666666,FFFFFF,1,19th Ave & Holloway/Sf State@@@24,,19th Ave & Holloway/Sf State@@@18,24:31:54,30:01:54,,30.0,,30.0,0,0,0,0,0,1,1
13153,4th St & 3rd St,TBUS,THIRD BUS,3,BF2B45,FFFFFF,0,Pacific Ave & Powell St@@@16###Stockton St & Washington St@@@4,,,05:30:18,24:12:18,,,,,0,0,0,0,0,1,1
13156,4th St & Brannan St,91,3RD-19TH AVE OWL,3,666666,FFFFFF,0,Ulloa St & West Portal Ave@@@22,,Ulloa St & West Portal Ave@@@16,24:52:46,29:52:46,,30.0,,30.0,0,0,0,0,0,1,1
13156,4th St & Brannan St,TBUS,THIRD BUS,3,BF2B45,FFFFFF,1,Visitacion Ave & Bay Shore Blvd@@@24,,,05:12:59,07:58:49,,,,,0,0,0,0,0,1,1
13158,4th St & Folsom St / Moscone Center,30,STOCKTON,3,005B95,FFFFFF,1,Townsend St & 4th St/Caltrain@@@136,Townsend St & 4th St/Caltrain@@@56,,06:18:37,24:27:01,15.222222222222221,,15.222222222222221,,0,0,0,0,0,1,1
13158,4th St & Folsom St / Moscone Center,45,UNION-STOCKTON,3,005B95,FFFFFF,1,Townsend St & Lusk St/Caltrain@@@132,Townsend St & Lusk St/Caltrain@@@54,,05:03:29,22:23:44,15.076923076923077,,15.076923076923077,,0,0,0,0,0,1,1
13158,4th St & Folsom St / Moscone Center,8,BAYSHORE,3,005B95,FFFFFF,0,City College Terminal@@@260,City College Terminal@@@118,,05:14:54,24:17:27,7.086206896551724,,7.086206896551724,,0,0,0,0,0,1,1
13158,4th St & Folsom St / Moscone Center,91,3RD-19TH AVE OWL,3,666666,FFFFFF,0,Ulloa St & West Portal Ave@@@22,,Ulloa St & West Portal Ave@@@16,24:50:01,29:50:01,,30.0,,30.0,0,0,0,0,0,1,1
13158,4th St & Folsom St / Moscone Center,TBUS,THIRD BUS,3,BF2B45,FFFFFF,1,Visitacion Ave & Bay Shore Blvd@@@24,,,05:09:32,07:55:23,,,,,0,0,0,0,0,1,1
13160,4th St & Mission St / Moscone Center,15,BAYVIEW HUNTERS POINT EXPRESS,3,005B95,FFFFFF,0,Palou Ave & 3rd St@@@130,Palou Ave & 3rd St@@@68,,08:07:36,22:13:39,12.363636363636363,,12.363636363636363,,0,0,0,0,0,1,1
13160,4th St & Mission St / Moscone Center,30,STOCKTON,3,005B95,FFFFFF,1,4th St & Mission St / Moscone Center@@@54###Townsend St & 4th St/Caltrain@@@136,4th St & Mission St / Moscone Center@@@42###Townsend St & 4th St/Caltrain@@@56,,06:17:33,24:25:41,15.222222222222221,,15.222222222222221,,0,0,0,0,0,1,1
13160,4th St & Mission St / Moscone Center,45,UNION-STOCKTON,3,005B95,FFFFFF,1,Townsend St & Lusk St/Caltrain@@@132,Townsend St & Lusk St/Caltrain@@@54,,05:02:30,22:22:35,15.115384615384615,,15.115384615384615,,0,0,0,0,0,1,1
13160,4th St & Mission St / Moscone Center,8,BAYSHORE,3,005B95,FFFFFF,0,City College Terminal@@@260,City College Terminal@@@118,,05:13:39,24:16:02,7.086206896551724,,7.086206896551724,,0,0,0,0,0,1,1
13160,4th St & Mission St / Moscone Center,91,3RD-19TH AVE OWL,3,666666,FFFFFF,0,Ulloa St & West Portal Ave@@@22,,Ulloa St & West Portal Ave@@@16,24:48:25,29:48:25,,30.0,,30.0,0,0,0,0,0,1,1
13161,4th St & Market St,15,BAYVIEW HUNTERS POINT EXPRESS,3,005B95,FFFFFF,0,Palou Ave & 3rd St@@@130,Palou Ave & 3rd St@@@68,,08:07:00,22:13:00,12.363636363636363,,12.363636363636363,,0,0,0,0,0,1,1
13161,4th St & Market St,30,STOCKTON,3,005B95,FFFFFF,1,4th St & Mission St / Moscone Center@@@54###Townsend St & 4th St/Caltrain@@@136,4th St & Mission St / Moscone Center@@@42###Townsend St & 4th St/Caltrain@@@56,,06:17:00,24:25:00,8.666666666666666,,8.666666666666666,,0,0,0,0,0,1,1
13161,4th St & Market St,45,UNION-STOCKTON,3,005B95,FFFFFF,1,Townsend St & Lusk St/Caltrain@@@132,Townsend St & Lusk St/Caltrain@@@56,,05:02:00,22:22:00,15.074074074074074,,15.074074074074074,,0,0,0,0,0,1,1
13161,4th St & Market St,5,FULTON,3,005B95,FFFFFF,0,6th Ave & Fulton St@@@2###Cabrillo St & La Playa St@@@16,,6th Ave & Fulton St@@@2###Cabrillo St & La Playa St@@@12,25:24:00,29:10:00,,27.666666666666668,,27.666666666666668,0,0,0,0,0,1,1
13161,4th St & Market St,8,BAYSHORE,3,005B95,FFFFFF,0,City College Terminal@@@260,City College Terminal@@@118,,05:13:00,24:15:18,7.086206896551724,,7.086206896551724,,0,0,0,0,0,1,1
13161,4th St & Market St,91,3RD-19TH AVE OWL,3,666666,FFFFFF,0,Ulloa St & West Portal Ave@@@22,,Ulloa St & West Portal Ave@@@16,24:47:35,29:47:35,,30.0,,30.0,0,0,0,0,0,1,1
13161,4th St & Market St,TBUS,THIRD BUS,3,BF2B45,FFFFFF,1,Visitacion Ave & Bay Shore Blvd@@@24,,,05:06:29,07:52:20,,,,,0,0,0,0,0,1,1
13163,4th St & Townsend St/Caltrain,15,BAYVIEW HUNTERS POINT EXPRESS,3,005B95,FFFFFF,0,Palou Ave & 3rd St@@@130,Palou Ave & 3rd St@@@66,,08:11:24,22:17:46,12.375,,12.375,,0,0,0,0,0,1,1
13164,4th St & Townsend St/Caltrain,91,3RD-19TH AVE OWL,3,666666,FFFFFF,0,Ulloa St & West Portal Ave@@@26,,Ulloa St & West Portal Ave@@@16,23:54:00,29:54:00,,30.0,,30.0,0,0,0,0,0,1,1
13177,6th Ave & Balboa St,44,O'SHAUGHNESSY,3,005B95,FFFFFF,1,California St & 6th Ave@@@170,California St & 6th Ave@@@70,,05:39:38,24:38:26,12.147058823529411,,12.147058823529411,,0,0,0,0,0,1,1
13178,6th Ave & Balboa St,44,O'SHAUGHNESSY,3,005B95,FFFFFF,0,Hudson Ave & 3rd St@@@166,Hudson Ave & 3rd St@@@70,,06:01:18,24:06:18,12.029411764705882,,12.029411764705882,,0,0,0,0,0,1,1
13180,6th Ave & Clement St,44,O'SHAUGHNESSY,3,005B95,FFFFFF,1,California St & 6th Ave@@@170,California St & 6th Ave@@@68,,05:41:59,24:41:29,12.212121212121213,,12.212121212121213,,0,0,0,0,0,1,1
13181,6th Ave & Clement St,44,O'SHAUGHNESSY,3,005B95,FFFFFF,0,Hudson Ave & 3rd St@@@166,Hudson Ave & 3rd St@@@70,,05:58:54,24:03:54,12.0,,12.0,,0,0,0,0,0,1,1
13184,6th Ave & Geary Blvd,44,O'SHAUGHNESSY,3,005B95,FFFFFF,1,California St & 6th Ave@@@170,California St & 6th Ave@@@70,,05:41:00,24:40:00,12.176470588235293,,12.176470588235293,,0,0,0,0,0,1,1
13185,6th Ave & Geary Blvd,44,O'SHAUGHNESSY,3,005B95,FFFFFF,0,Hudson Ave & 3rd St@@@166,Hudson Ave & 3rd St@@@70,,06:00:00,24:05:00,12.0,,12.0,,0,0,0,0,0,1,1
13188,1697 7th Ave,36,TERESITA,3,005B95,FFFFFF,1,Laguna Honda Blvd/Forest Hill Sta@@@58,Laguna Honda Blvd/Forest Hill Sta@@@28,,09:03:46,22:55:46,30.0,,30.0,,0,0,0,0,0,1,1
13188,1697 7th Ave,43,MASONIC,3,005B95,FFFFFF,0,Munich St & Geneva Ave@@@112,Munich St & Geneva Ave@@@40,,05:31:40,24:24:05,20.63157894736842,,20.63157894736842,,0,0,0,0,0,1,1
13188,1697 7th Ave,44,O'SHAUGHNESSY,3,005B95,FFFFFF,0,Hudson Ave & 3rd St@@@166,Hudson Ave & 3rd St@@@70,,06:09:40,24:14:40,12.058823529411764,,12.058823529411764,,0,0,0,0,0,1,1
13189,1697 7th Ave,43,MASONIC,3,005B95,FFFFFF,1,Marina Blvd & Laguna St@@@112,Marina Blvd & Laguna St@@@42,,05:26:16,24:16:16,20.15,,20.15,,0,0,0,0,0,1,1
13189,1697 7th Ave,44,O'SHAUGHNESSY,3,005B95,FFFFFF,1,California St & 6th Ave@@@170,California St & 6th Ave@@@70,,05:32:16,24:30:16,12.058823529411764,,12.058823529411764,,0,0,0,0,0,1,1
13191,7th St & Brannan St,19,POLK,3,005B95,FFFFFF,1,Beach St & Polk St@@@102,Beach St & Polk St@@@42,,05:33:05,22:22:05,20.05,,20.05,,0,0,0,0,0,1,1
13192,7th St & Folsom St,19,POLK,3,005B95,FFFFFF,1,Beach St & Polk St@@@102,Beach St & Polk St@@@42,,05:35:02,22:24:02,20.05,,20.05,,0,0,0,0,0,1,1
13192,7th St & Folsom St,27,BRYANT,3,005B95,FFFFFF,1,Jackson St & Van Ness Ave@@@104,Jackson St & Van Ness Ave@@@42,,05:18:42,22:22:14,20.0,,20.0,,0,0,0,0,0,1,1
13193,7th St & Harrison St,19,POLK,3,005B95,FFFFFF,1,Beach St & Polk St@@@102,Beach St & Polk St@@@42,,05:34:25,22:23:25,20.05,,20.05,,0,0,0,0,0,1,1
13194,7th St & Howard St,19,POLK,3,005B95,FFFFFF,1,Beach St & Polk St@@@102,Beach St & Polk St@@@42,,05:35:37,22:24:37,20.05,,20.05,,0,0,0,0,0,1,1
13194,7th St & Howard St,27,BRYANT,3,005B95,FFFFFF,1,Jackson St & Van Ness Ave@@@104,Jackson St & Van Ness Ave@@@42,,05:19:20,22:23:01,20.0,,20.0,,0,0,0,0,0,1,1
13195,7th St & Mission St,19,POLK,3,005B95,FFFFFF,1,Beach St & Polk St@@@102,Beach St & Polk St@@@42,,05:36:23,22:25:23,20.05,,20.05,,0,0,0,0,0,1,1
13195,7th St & Mission St,27,BRYANT,3,005B95,FFFFFF,1,Jackson St & Van Ness Ave@@@104,Jackson St & Van Ness Ave@@@42,,05:20:12,22:24:03,20.0,,20.0,,0,0,0,0,0,1,1
13196,7th St & Market St,19,POLK,3,005B95,FFFFFF,1,Beach St & Polk St@@@102,Beach St & Polk St@@@42,,05:37:00,22:26:00,20.05,,20.05,,0,0,0,0,0,1,1
13201,8th Ave & Fulton St,44,O'SHAUGHNESSY,3,005B95,FFFFFF,1,California St & 6th Ave@@@170,California St & 6th Ave@@@70,,05:38:05,24:36:40,12.117647058823529,,12.117647058823529,,0,0,0,0,0,1,1
13202,8th Ave & Fulton St,44,O'SHAUGHNESSY,3,005B95,FFFFFF,0,Hudson Ave & 3rd St@@@166,Hudson Ave & 3rd St@@@72,,06:03:04,24:08:04,11.942857142857143,,11.942857142857143,,0,0,0,0,0,1,1
13203,8th St & Brannan St,19,POLK,3,005B95,FFFFFF,0,Galvez Ave & Hill Ave@@@102,Galvez Ave & Hill Ave@@@42,,05:23:00,22:24:00,20.2,,20.2,,0,0,0,0,0,1,1
13204,8th St & Bryant St,19,POLK,3,005B95,FFFFFF,0,Galvez Ave & Hill Ave@@@102,Galvez Ave & Hill Ave@@@42,,05:22:20,22:23:20,20.2,,20.2,,0,0,0,0,0,1,1
13205,8th St & Folsom St,19,POLK,3,005B95,FFFFFF,0,Galvez Ave & Hill Ave@@@102,Galvez Ave & Hill Ave@@@42,,05:21:12,22:22:12,20.2,,20.2,,0,0,0,0,0,1,1
13205,8th St & Folsom St,27,BRYANT,3,005B95,FFFFFF,0,24th St & Mission St@@@102,24th St & Mission St@@@42,,05:23:55,22:19:08,20.15,,20.15,,0,0,0,0,0,1,1
13206,8th St & Harrison St,19,POLK,3,005B95,FFFFFF,0,Galvez Ave & Hill Ave@@@102,Galvez Ave & Hill Ave@@@42,,05:21:48,22:22:48,20.2,,20.2,,0,0,0,0,0,1,1
13208,8th St & Mission St,19,POLK,3,005B95,FFFFFF,0,Galvez Ave & Hill Ave@@@102,Galvez Ave & Hill Ave@@@42,,05:20:00,22:21:00,20.2,,20.2,,0,0,0,0,0,1,1
13208,8th St & Mission St,27,BRYANT,3,005B95,FFFFFF,0,24th St & Mission St@@@102,24th St & Mission St@@@42,,05:22:38,22:17:43,20.2,,20.2,,0,0,0,0,0,1,1
13209,8th St & Market St,19,POLK,3,005B95,FFFFFF,0,Galvez Ave & Hill Ave@@@102,Galvez Ave & Hill Ave@@@40,,05:19:09,22:19:35,20.157894736842106,,20.157894736842106,,0,0,0,0,0,1,1
13209,8th St & Market St,27,BRYANT,3,005B95,FFFFFF,0,24th St & Mission St@@@102,24th St & Mission St@@@42,,05:22:00,22:17:00,20.15,,20.15,,0,0,0,0,0,1,1
13211,9th Ave & Irving St,44,O'SHAUGHNESSY,3,005B95,FFFFFF,1,California St & 6th Ave@@@170,California St & 6th Ave@@@70,,05:34:39,24:32:45,12.088235294117647,,12.088235294117647,,0,0,0,0,0,1,1
13213,9th Ave & Irving St,44,O'SHAUGHNESSY,3,005B95,FFFFFF,0,Hudson Ave & 3rd St@@@166,Hudson Ave & 3rd St@@@70,,06:07:26,24:12:26,12.029411764705882,,12.029411764705882,,0,0,0,0,0,1,1
13214,9th Ave & Judah St,43,MASONIC,3,005B95,FFFFFF,1,Marina Blvd & Laguna St@@@112,Marina Blvd & Laguna St@@@42,,05:28:00,24:18:00,20.15,,20.15,,0,0,0,0,0,1,1
13214,9th Ave & Judah St,44,O'SHAUGHNESSY,3,005B95,FFFFFF,1,California St & 6th Ave@@@170,California St & 6th Ave@@@70,,05:34:00,24:32:00,12.058823529411764,,12.058823529411764,,0,0,0,0,0,1,1
13214,9th Ave & Judah St,6,HAYES-PARNASSUS,3,005B95,FFFFFF,1,Hyde St & Grove St@@@116,Hyde St & Grove St@@@42,,05:05:00,24:05:00,20.0,,20.0,,0,0,0,0,0,1,1
13215,9th Ave & Judah St,43,MASONIC,3,005B95,FFFFFF,0,Munich St & Geneva Ave@@@112,Munich St & Geneva Ave@@@40,,05:30:00,24:22:00,20.57894736842105,,20.57894736842105,,0,0,0,0,0,1,1
13215,9th Ave & Judah St,44,O'SHAUGHNESSY,3,005B95,FFFFFF,0,Hudson Ave & 3rd St@@@166,Hudson Ave & 3rd St@@@70,,06:08:00,24:13:00,12.029411764705882,,12.029411764705882,,0,0,0,0,0,1,1
13215,9th Ave & Judah St,6,HAYES-PARNASSUS,3,005B95,FFFFFF,0,14th Ave & Quintara St@@@114,14th Ave & Quintara St@@@42,,05:36:00,24:22:00,20.6,,20.6,,0,0,0,0,0,1,1
13215,9th Ave & Judah St,66,QUINTARA,3,005B95,FFFFFF,0,Vicente St & 30th Ave@@@86,Vicente St & 30th Ave@@@44,,08:00:00,22:00:00,20.0,,20.0,,0,0,0,0,0,1,1
13216,9th Ave & Kirkham St,43,MASONIC,3,005B95,FFFFFF,0,Munich St & Geneva Ave@@@112,Munich St & Geneva Ave@@@40,,05:30:22,24:22:28,20.57894736842105,,20.57894736842105,,0,0,0,0,0,1,1
13216,9th Ave & Kirkham St,44,O'SHAUGHNESSY,3,005B95,FFFFFF,0,Hudson Ave & 3rd St@@@166,Hudson Ave & 3rd St@@@70,,06:08:22,24:13:22,12.029411764705882,,12.029411764705882,,0,0,0,0,0,1,1
13216,9th Ave & Kirkham St,6,HAYES-PARNASSUS,3,005B95,FFFFFF,0,14th Ave & Quintara St@@@114,14th Ave & Quintara St@@@42,,05:36:28,24:22:33,20.6,,20.6,,0,0,0,0,0,1,1
13216,9th Ave & Kirkham St,66,QUINTARA,3,005B95,FFFFFF,0,Vicente St & 30th Ave@@@86,Vicente St & 30th Ave@@@42,,08:00:39,22:00:39,20.0,,20.0,,0,0,0,0,0,1,1
13217,9th Ave & Kirkham St,43,MASONIC,3,005B95,FFFFFF,1,Marina Blvd & Laguna St@@@112,Marina Blvd & Laguna St@@@42,,05:27:29,24:17:29,20.15,,20.15,,0,0,0,0,0,1,1
13217,9th Ave & Kirkham St,44,O'SHAUGHNESSY,3,005B95,FFFFFF,1,California St & 6th Ave@@@170,California St & 6th Ave@@@70,,05:33:29,24:31:29,12.058823529411764,,12.058823529411764,,0,0,0,0,0,1,1
13217,9th Ave & Kirkham St,6,HAYES-PARNASSUS,3,005B95,FFFFFF,1,Hyde St & Grove St@@@116,Hyde St & Grove St@@@42,,05:04:25,24:04:25,20.0,,20.0,,0,0,0,0,0,1,1
13218,9th Ave & Lawton St,43,MASONIC,3,005B95,FFFFFF,0,Munich St & Geneva Ave@@@112,Munich St & Geneva Ave@@@40,,05:30:48,24:23:00,20.63157894736842,,20.63157894736842,,0,0,0,0,0,1,1
13218,9th Ave & Lawton St,44,O'SHAUGHNESSY,3,005B95,FFFFFF,0,Hudson Ave & 3rd St@@@166,Hudson Ave & 3rd St@@@70,,06:08:48,24:13:48,12.058823529411764,,12.058823529411764,,0,0,0,0,0,1,1
13218,9th Ave & Lawton St,6,HAYES-PARNASSUS,3,005B95,FFFFFF,0,14th Ave & Quintara St@@@114,14th Ave & Quintara St@@@42,,05:37:00,24:23:12,20.6,,20.6,,0,0,0,0,0,1,1
13218,9th Ave & Lawton St,66,QUINTARA,3,005B95,FFFFFF,0,Vicente St & 30th Ave@@@86,Vicente St & 30th Ave@@@42,,08:01:26,22:01:26,20.0,,20.0,,0,0,0,0,0,1,1
13219,9th Ave & Lawton St,6,HAYES-PARNASSUS,3,005B95,FFFFFF,1,Hyde St & Grove St@@@116,Hyde St & Grove St@@@42,,05:03:52,24:03:52,20.0,,20.0,,0,0,0,0,0,1,1
13220,9th Ave & Lincoln Way,44,O'SHAUGHNESSY,3,005B95,FFFFFF,1,California St & 6th Ave@@@170,California St & 6th Ave@@@68,,05:35:08,24:33:17,12.090909090909092,,12.090909090909092,,0,0,0,0,0,1,1
13221,9th Ave & Lincoln Way,44,O'SHAUGHNESSY,3,005B95,FFFFFF,0,Hudson Ave & 3rd St@@@166,Hudson Ave & 3rd St@@@70,,06:06:47,24:11:47,12.029411764705882,,12.029411764705882,,0,0,0,0,0,1,1
13222,9th Ave & Moraga St,6,HAYES-PARNASSUS,3,005B95,FFFFFF,0,14th Ave & Quintara St@@@114,14th Ave & Quintara St@@@42,,05:37:32,24:23:51,20.65,,20.65,,0,0,0,0,0,1,1
13223,9th Ave & Moraga St,6,HAYES-PARNASSUS,3,005B95,FFFFFF,1,Hyde St & Grove St@@@116,Hyde St & Grove St@@@42,,05:03:20,24:03:20,20.0,,20.0,,0,0,0,0,0,1,1
13224,9th Ave & Noriega St,6,HAYES-PARNASSUS,3,005B95,FFFFFF,0,14th Ave & Quintara St@@@114,14th Ave & Quintara St@@@42,,05:38:05,24:24:30,20.6,,20.6,,0,0,0,0,0,1,1
13225,9th Ave & Noriega St,6,HAYES-PARNASSUS,3,005B95,FFFFFF,1,Hyde St & Grove St@@@116,Hyde St & Grove St@@@42,,05:02:48,24:02:48,20.0,,20.0,,0,0,0,0,0,1,1
13226,9th Ave & Ortega St,6,HAYES-PARNASSUS,3,005B95,FFFFFF,0,14th Ave & Quintara St@@@114,14th Ave & Quintara St@@@42,,05:38:37,24:25:08,20.6,,20.6,,0,0,0,0,0,1,1
13229,9th St & Avenue H,25,TREASURE ISLAND,3,005B95,FFFFFF,1,Transit Center Bay 29@@@82###Transit Center Bay E@@@28,Transit Center Bay 29@@@34,Transit Center Bay E@@@18,06:37:54,30:15:54,25.0,30.0,25.0,30.0,0,0,0,0,0,1,1
13230,10th Ave & Ortega St,6,HAYES-PARNASSUS,3,005B95,FFFFFF,1,Hyde St & Grove St@@@116,Hyde St & Grove St@@@42,,05:02:01,24:02:01,20.0,,20.0,,0,0,0,0,0,1,1
13231,10th Ave & Pacheco St,6,HAYES-PARNASSUS,3,005B95,FFFFFF,1,Hyde St & Grove St@@@116,Hyde St & Grove St@@@42,,05:01:29,24:01:29,20.0,,20.0,,0,0,0,0,0,1,1
13232,10th Ave & Pacheco St,6,HAYES-PARNASSUS,3,005B95,FFFFFF,0,14th Ave & Quintara St@@@114,14th Ave & Quintara St@@@42,,05:39:29,24:26:11,20.6,,20.6,,0,0,0,0,0,1,1
13233,10th Ave & Quintara St,6,HAYES-PARNASSUS,3,005B95,FFFFFF,1,Hyde St & Grove St@@@116,Hyde St & Grove St@@@42,,05:01:02,24:01:02,20.0,,20.0,,0,0,0,0,0,1,1
13234,10th Ave & Quintara St,6,HAYES-PARNASSUS,3,005B95,FFFFFF,0,14th Ave & Quintara St@@@114,14th Ave & Quintara St@@@42,,05:39:56,24:26:43,20.65,,20.65,,0,0,0,0,0,1,1
13235,11th St & Bryant St,9,SAN BRUNO,3,005B95,FFFFFF,1,Market St & Steuart St@@@184,Market St & Steuart St@@@84,,05:31:05,24:18:30,10.024390243902438,,10.024390243902438,,0,0,0,0,0,1,1
13235,11th St & Bryant St,90,SAN BRUNO OWL,3,666666,FFFFFF,1,Van Ness Ave & North Point St@@@20,,Van Ness Ave & North Point St@@@12,24:27:39,28:57:39,,30.0,,30.0,0,0,0,0,0,1,1
13238,11th St & Harrison St,12,FOLSOM-PACIFIC,3,005B95,FFFFFF,0,Valencia St & Cesar Chavez St@@@98,Valencia St & Cesar Chavez St@@@42,,06:28:14,22:32:07,20.1,,20.1,,0,0,0,0,0,1,1
13238,11th St & Harrison St,27,BRYANT,3,005B95,FFFFFF,0,24th St & Mission St@@@102,24th St & Mission St@@@40,,05:26:06,22:21:33,20.210526315789473,,20.210526315789473,,0,0,0,0,0,1,1
13238,11th St & Harrison St,9,SAN BRUNO,3,005B95,FFFFFF,1,Market St & Steuart St@@@184,Market St & Steuart St@@@84,,05:31:32,24:19:03,10.024390243902438,,10.024390243902438,,0,0,0,0,0,1,1
13238,11th St & Harrison St,90,SAN BRUNO OWL,3,666666,FFFFFF,1,Van Ness Ave & North Point St@@@20,,Van Ness Ave & North Point St@@@12,24:28:14,28:58:14,,30.0,,30.0,0,0,0,0,0,1,1
13239,11th St & Harrison St,9,SAN BRUNO,3,005B95,FFFFFF,0,Sunnydale Ave / Mclaren School@@@190,Sunnydale Ave / Mclaren School@@@82,,05:35:53,24:28:15,10.125,,10.125,,0,0,0,0,0,1,1
13239,11th St & Harrison St,90,SAN BRUNO OWL,3,666666,FFFFFF,0,Bayshore Blvd & Arleta Ave@@@22,,Bayshore Blvd & Arleta Ave@@@16,24:33:42,29:33:42,,30.0,,30.0,0,0,0,0,0,1,1
13240,11th St & Howard St,9,SAN BRUNO,3,005B95,FFFFFF,1,Market St & Steuart St@@@184,Market St & Steuart St@@@84,,05:32:48,24:20:34,10.048780487804878,,10.048780487804878,,0,0,0,0,0,1,1
13240,11th St & Howard St,90,SAN BRUNO OWL,3,666666,FFFFFF,1,Van Ness Ave & North Point St@@@20,,Van Ness Ave & North Point St@@@12,24:29:50,28:59:50,,30.0,,30.0,0,0,0,0,0,1,1
13241,11th St & Howard St,9,SAN BRUNO,3,005B95,FFFFFF,0,Sunnydale Ave / Mclaren School@@@190,Sunnydale Ave / Mclaren School@@@84,,05:34:38,24:26:46,10.121951219512194,,10.121951219512194,,0,0,0,0,0,1,1
13241,11th St & Howard St,90,SAN BRUNO OWL,3,666666,FFFFFF,0,Bayshore Blvd & Arleta Ave@@@22,,Bayshore Blvd & Arleta Ave@@@16,24:32:24,29:32:24,,30.0,,30.0,0,0,0,0,0,1,1
13243,11th St & Mission St,9,SAN BRUNO,3,005B95,FFFFFF,0,Sunnydale Ave / Mclaren School@@@190,Sunnydale Ave / Mclaren School@@@84,,05:34:00,24:26:00,10.097560975609756,,10.097560975609756,,0,0,0,0,0,1,1
13243,11th St & Mission St,90,SAN BRUNO OWL,3,666666,FFFFFF,0,Bayshore Blvd & Arleta Ave@@@22,,Bayshore Blvd & Arleta Ave@@@16,24:31:43,29:31:43,,30.0,,30.0,0,0,0,0,0,1,1
13245,11th St & Market St,9,SAN BRUNO,3,005B95,FFFFFF,0,Sunnydale Ave / Mclaren School@@@190,Sunnydale Ave / Mclaren School@@@84,,05:33:24,24:25:24,10.097560975609756,,10.097560975609756,,0,0,0,0,0,1,1
13247,14th Ave & Quintara St,6,HAYES-PARNASSUS,3,005B95,FFFFFF,1,Hyde St & Grove St@@@116,Hyde St & Grove St@@@44,,05:00:00,24:00:00,20.0,,20.0,,0,0,0,0,0,1,1
13248,14th Ave & Santiago St,48,QUINTARA-24TH STREET,3,005B95,FFFFFF,0,Lower Great Hwy & Rivera St@@@110,Lower Great Hwy & Rivera St@@@42,,05:32:14,24:32:14,20.05,,20.05,,0,0,0,0,0,1,1
13249,14th Ave & Taraval St,48,QUINTARA-24TH STREET,3,005B95,FFFFFF,1,22nd St Caltrain Station/Iowa@@@108,22nd St Caltrain Station/Iowa@@@42,,05:33:47,24:12:59,20.0,,20.0,,0,0,0,0,0,1,1
13250,14th Ave & Taraval St,48,QUINTARA-24TH STREET,3,005B95,FFFFFF,0,Lower Great Hwy & Rivera St@@@110,Lower Great Hwy & Rivera St@@@42,,05:31:37,24:31:37,20.0,,20.0,,0,0,0,0,0,1,1
13251,14th Ave & Ulloa St,48,QUINTARA-24TH STREET,3,005B95,FFFFFF,0,Lower Great Hwy & Rivera St@@@110,Lower Great Hwy & Rivera St@@@42,,05:31:06,24:31:06,20.05,,20.05,,0,0,0,0,0,1,1
13252,14th Ave & Ulloa St,48,QUINTARA-24TH STREET,3,005B95,FFFFFF,1,22nd St Caltrain Station/Iowa@@@108,22nd St Caltrain Station/Iowa@@@42,,05:34:27,24:13:36,20.0,,20.0,,0,0,0,0,0,1,1
13253,14th St & Alpine Ter,37,CORBETT,3,005B95,FFFFFF,1,Masonic Ave & Haight St@@@54,Masonic Ave & Haight St@@@28,,09:10:18,22:08:18,30.0,,30.0,,0,0,0,0,0,1,1
13254,14th St & Church St,37,CORBETT,3,005B95,FFFFFF,1,Masonic Ave & Haight St@@@54,Masonic Ave & Haight St@@@28,,09:08:00,22:06:00,30.0,,30.0,,0,0,0,0,0,1,1
13255,14th St & Church St,37,CORBETT,3,005B95,FFFFFF,0,Parkridge Dr & Burnett Ave@@@54,Parkridge Dr & Burnett Ave@@@28,,09:18:00,22:18:00,30.076923076923077,,30.076923076923077,,0,0,0,0,0,1,1
13256,14th St & Castro St,37,CORBETT,3,005B95,FFFFFF,1,Masonic Ave & Haight St@@@54,Masonic Ave & Haight St@@@28,,09:09:55,22:07:55,30.076923076923077,,30.076923076923077,,0,0,0,0,0,1,1
13257,14th St & Castro St,37,CORBETT,3,005B95,FFFFFF,0,Parkridge Dr & Burnett Ave@@@54,Parkridge Dr & Burnett Ave@@@28,,09:16:03,22:16:03,30.0,,30.0,,0,0,0,0,0,1,1
13258,14th St & Noe St,37,CORBETT,3,005B95,FFFFFF,1,Masonic Ave & Haight St@@@54,Masonic Ave & Haight St@@@28,,09:09:11,22:07:11,30.0,,30.0,,0,0,0,0,0,1,1
13259,14th St & Noe St,37,CORBETT,3,005B95,FFFFFF,0,Parkridge Dr & Burnett Ave@@@54,Parkridge Dr & Burnett Ave@@@28,,09:16:45,22:16:45,30.076923076923077,,30.076923076923077,,0,0,0,0,0,1,1
13260,14th St & Sanchez St,37,CORBETT,3,005B95,FFFFFF,1,Masonic Ave & Haight St@@@54,Masonic Ave & Haight St@@@28,,09:08:34,22:06:34,30.0,,30.0,,0,0,0,0,0,1,1
13261,14th St & Sanchez St,37,CORBETT,3,005B95,FFFFFF,0,Parkridge Dr & Burnett Ave@@@54,Parkridge Dr & Burnett Ave@@@28,,09:17:29,22:17:29,30.076923076923077,,30.076923076923077,,0,0,0,0,0,1,1
13262,15th Ave & Noriega St,66,QUINTARA,3,005B95,FFFFFF,0,Vicente St & 30th Ave@@@86,Vicente St & 30th Ave@@@42,,08:05:30,22:05:13,20.0,,20.0,,0,0,0,0,0,1,1
13263,15th Ave & Ortega St,66,QUINTARA,3,005B95,FFFFFF,0,Vicente St & 30th Ave@@@86,Vicente St & 30th Ave@@@42,,08:05:54,22:05:35,20.0,,20.0,,0,0,0,0,0,1,1
13264,15th Ave & Pacheco St,66,QUINTARA,3,005B95,FFFFFF,0,Vicente St & 30th Ave@@@86,Vicente St & 30th Ave@@@42,,08:06:26,22:06:03,20.0,,20.0,,0,0,0,0,0,1,1
13265,15th Ave & Quintara St,66,QUINTARA,3,005B95,FFFFFF,0,Vicente St & 30th Ave@@@86,Vicente St & 30th Ave@@@42,,08:06:58,22:06:32,20.0,,20.0,,0,0,0,0,0,1,1
13266,15th Ave & Taraval St,L,TARAVAL,0,942D83,FFFFFF,0,47th Ave & Cutler Ave@@@168,47th Ave & Cutler Ave@@@70,,05:26:42,24:13:19,12.058823529411764,,12.058823529411764,,0,0,0,0,0,1,1
13266,15th Ave & Taraval St,LOWL,OWL TARAVAL,3,666666,FFFFFF,0,Wawona/46th Ave /Sf Zoo@@@28,,Wawona/46th Ave /Sf Zoo@@@20,24:23:38,29:48:38,,25.0,,25.0,0,0,0,0,0,1,1
13267,15th Ave & Taraval St,LOWL,OWL TARAVAL,3,666666,FFFFFF,1,Jones St & Beach St@@@30,,Jones St & Beach St@@@20,24:09:04,29:59:04,,25.0,,25.0,0,0,0,0,0,1,1
13270,15th Ave & West Portal Ave,57,PARKMERCED,3,005B95,FFFFFF,0,Daly City BART Stop B3@@@92,Daly City BART Stop B3@@@34,,05:02:09,22:02:09,25.0625,,25.0625,,0,0,0,0,0,1,1
13272,16th Ave & Lawton St,66,QUINTARA,3,005B95,FFFFFF,1,9th Ave & Judah St@@@86,9th Ave & Judah St@@@42,,08:22:29,22:20:38,20.0,,20.0,,0,0,0,0,0,1,1
13273,16th Ave & Lawton St,66,QUINTARA,3,005B95,FFFFFF,0,Vicente St & 30th Ave@@@86,Vicente St & 30th Ave@@@42,,08:03:54,22:03:48,20.0,,20.0,,0,0,0,0,0,1,1
13275,16th Ave & Lomita Ave,66,QUINTARA,3,005B95,FFFFFF,0,Vicente St & 30th Ave@@@86,Vicente St & 30th Ave@@@42,,08:04:34,22:04:23,20.0,,20.0,,0,0,0,0,0,1,1
13276,16th Ave & Moraga St,66,QUINTARA,3,005B95,FFFFFF,1,9th Ave & Judah St@@@86,9th Ave & Judah St@@@42,,08:21:54,22:20:07,20.0,,20.0,,0,0,0,0,0,1,1
13277,16th Ave & Moraga St,66,QUINTARA,3,005B95,FFFFFF,0,Vicente St & 30th Ave@@@86,Vicente St & 30th Ave@@@42,,08:04:44,22:04:33,20.0,,20.0,,0,0,0,0,0,1,1
13278,16th Ave & Noriega St,66,QUINTARA,3,005B95,FFFFFF,1,9th Ave & Judah St@@@86,9th Ave & Judah St@@@42,,08:21:14,22:19:30,20.0,,20.0,,0,0,0,0,0,1,1
13279,16th Ave & Ortega St,66,QUINTARA,3,005B95,FFFFFF,1,9th Ave & Judah St@@@86,9th Ave & Judah St@@@42,,08:20:39,22:18:59,20.0,,20.0,,0,0,0,0,0,1,1
13280,16th Ave & Pacheco St,66,QUINTARA,3,005B95,FFFFFF,1,9th Ave & Judah St@@@86,9th Ave & Judah St@@@42,,08:20:04,22:18:28,20.0,,20.0,,0,0,0,0,0,1,1
13281,16th St & Bryant St,22,FILLMORE,3,005B95,FFFFFF,1,Fillmore St & Bay St@@@260###Fillmore St & Sutter St@@@28,Fillmore St & Bay St@@@110,Fillmore St & Bay St@@@14###Fillmore St & Sutter St@@@6,05:12:00,30:19:00,7.685185185185185,28.666666666666668,7.685185185185185,28.666666666666668,0,0,0,0,0,1,1
13281,16th St & Bryant St,33,ASHBURY-18TH ST,3,005B95,FFFFFF,1,Arguello Blvd & California St@@@14###Sacramento St & Cherry St@@@84,Sacramento St & Cherry St@@@42,,06:08:00,22:47:00,20.25,,20.25,,0,0,0,0,0,1,1
13281,16th St & Bryant St,55,DOGPATCH,3,005B95,FFFFFF,1,16th St & Mission St@@@104,16th St & Mission St@@@42,,05:09:00,22:10:00,20.05,,20.05,,0,0,0,0,0,1,1
13282,16th St & Bryant St,22,FILLMORE,3,005B95,FFFFFF,0,Mission Bay North & 4th St@@@288,Mission Bay North & 4th St@@@112,Mission Bay North & 4th St@@@16,04:44:00,29:54:00,7.5636363636363635,30.0,7.5636363636363635,30.0,0,0,0,0,0,1,1
13282,16th St & Bryant St,33,ASHBURY-18TH ST,3,005B95,FFFFFF,0,25th St & Potrero Ave@@@98,25th St & Potrero Ave@@@42,,05:42:00,22:28:00,19.85,,19.85,,0,0,0,0,0,1,1
13282,16th St & Bryant St,55,DOGPATCH,3,005B95,FFFFFF,0,20th St & 3rd St@@@104,20th St & 3rd St@@@42,,05:03:00,22:03:00,20.1,,20.1,,0,0,0,0,0,1,1
13283,16th St & Church St,22,FILLMORE,3,005B95,FFFFFF,1,Fillmore St & Bay St@@@260###Fillmore St & Sutter St@@@28,Fillmore St & Bay St@@@108,Fillmore St & Bay St@@@14###Fillmore St & Sutter St@@@6,05:20:11,30:27:11,7.69811320754717,28.666666666666668,7.69811320754717,28.666666666666668,0,0,0,0,0,1,1
13284,16th St & Dolores St,22,FILLMORE,3,005B95,FFFFFF,1,Fillmore St & Bay St@@@260###Fillmore St & Sutter St@@@28,Fillmore St & Bay St@@@108,Fillmore St & Bay St@@@14###Fillmore St & Sutter St@@@6,05:19:14,30:26:14,7.69811320754717,28.666666666666668,7.69811320754717,28.666666666666668,0,0,0,0,0,1,1
13285,16th St & Dolores St,22,FILLMORE,3,005B95,FFFFFF,0,Mission Bay North & 4th St@@@288,Mission Bay North & 4th St@@@112,Mission Bay North & 4th St@@@16,04:38:18,29:48:18,7.490909090909091,30.0,7.490909090909091,30.0,0,0,0,0,0,1,1
13291,16th St & Mission St,22,FILLMORE,3,005B95,FFFFFF,1,Fillmore St & Bay St@@@260###Fillmore St & Sutter St@@@28,Fillmore St & Bay St@@@110,Fillmore St & Bay St@@@14###Fillmore St & Sutter St@@@6,05:16:00,30:23:00,7.685185185185185,28.666666666666668,7.685185185185185,28.666666666666668,0,0,0,0,0,1,1
13291,16th St & Mission St,55,DOGPATCH,3,005B95,FFFFFF,1,16th St & Mission St@@@104,16th St & Mission St@@@42,,05:11:10,22:13:02,20.05,,20.05,,0,0,0,0,0,1,1
13292,16th St & Mission St,33,ASHBURY-18TH ST,3,005B95,FFFFFF,0,25th St & Potrero Ave@@@98,25th St & Potrero Ave@@@42,,05:39:04,22:24:20,19.75,,19.75,,0,0,0,0,0,1,1
13293,16th St & Mission St,22,FILLMORE,3,005B95,FFFFFF,0,Mission Bay North & 4th St@@@288,Mission Bay North & 4th St@@@112,Mission Bay North & 4th St@@@16,04:41:00,29:51:00,7.509090909090909,30.0,7.509090909090909,30.0,0,0,0,0,0,1,1
13293,16th St & Mission St,55,DOGPATCH,3,005B95,FFFFFF,0,20th St & 3rd St@@@104,20th St & 3rd St@@@42,,05:00:00,22:00:00,20.1,,20.1,,0,0,0,0,0,1,1
13295,16th St & Potrero Ave,22,FILLMORE,3,005B95,FFFFFF,1,Fillmore St & Bay St@@@260###Fillmore St & Sutter St@@@28,Fillmore St & Bay St@@@108,Fillmore St & Bay St@@@14###Fillmore St & Sutter St@@@6,05:11:00,30:18:00,7.6415094339622645,28.666666666666668,7.6415094339622645,28.666666666666668,0,0,0,0,0,1,1
13295,16th St & Potrero Ave,33,ASHBURY-18TH ST,3,005B95,FFFFFF,1,Arguello Blvd & California St@@@14###Sacramento St & Cherry St@@@84,Sacramento St & Cherry St@@@42,,06:07:08,22:46:02,20.25,,20.25,,0,0,0,0,0,1,1
13295,16th St & Potrero Ave,55,DOGPATCH,3,005B95,FFFFFF,1,16th St & Mission St@@@104,16th St & Mission St@@@42,,05:08:11,22:09:04,20.05,,20.05,,0,0,0,0,0,1,1
13296,16th St & Potrero Ave,22,FILLMORE,3,005B95,FFFFFF,0,Mission Bay North & 4th St@@@288,Mission Bay North & 4th St@@@112,Mission Bay North & 4th St@@@16,04:45:00,29:55:00,7.581818181818182,30.0,7.581818181818182,30.0,0,0,0,0,0,1,1
13296,16th St & Potrero Ave,33,ASHBURY-18TH ST,3,005B95,FFFFFF,0,25th St & Potrero Ave@@@98,25th St & Potrero Ave@@@44,,05:43:01,22:29:01,19.952380952380953,,19.952380952380953,,0,0,0,0,0,1,1
13296,16th St & Potrero Ave,55,DOGPATCH,3,005B95,FFFFFF,0,20th St & 3rd St@@@104,20th St & 3rd St@@@42,,05:03:45,22:03:40,20.1,,20.1,,0,0,0,0,0,1,1
13299,16th St & Shotwell St,22,FILLMORE,3,005B95,FFFFFF,0,Mission Bay North & 4th St@@@288,Mission Bay North & 4th St@@@110,Mission Bay North & 4th St@@@16,04:42:14,29:52:14,7.518518518518518,30.0,7.518518518518518,30.0,0,0,0,0,0,1,1
13299,16th St & Shotwell St,33,ASHBURY-18TH ST,3,005B95,FFFFFF,0,25th St & Potrero Ave@@@98,25th St & Potrero Ave@@@42,,05:40:05,22:25:36,19.8,,19.8,,0,0,0,0,0,1,1
13299,16th St & Shotwell St,55,DOGPATCH,3,005B95,FFFFFF,0,20th St & 3rd St@@@104,20th St & 3rd St@@@40,,05:01:11,22:01:11,20.105263157894736,,20.105263157894736,,0,0,0,0,0,1,1
13300,16th St & Valencia St,22,FILLMORE,3,005B95,FFFFFF,1,Fillmore St & Bay St@@@260###Fillmore St & Sutter St@@@28,Fillmore St & Bay St@@@110,Fillmore St & Bay St@@@14###Fillmore St & Sutter St@@@6,05:17:00,30:24:00,7.685185185185185,28.666666666666668,7.685185185185185,28.666666666666668,0,0,0,0,0,1,1
13301,16th St & Valencia St,22,FILLMORE,3,005B95,FFFFFF,0,Mission Bay North & 4th St@@@288,Mission Bay North & 4th St@@@112,Mission Bay North & 4th St@@@16,04:39:57,29:49:57,7.509090909090909,30.0,7.509090909090909,30.0,0,0,0,0,0,1,1
13304,17th Ave & Rivera St,48,QUINTARA-24TH STREET,3,005B95,FFFFFF,1,22nd St Caltrain Station/Iowa@@@108,22nd St Caltrain Station/Iowa@@@42,,05:31:29,24:10:53,20.0,,20.0,,0,0,0,0,0,1,1
13305,17th Ave & Rivera St,48,QUINTARA-24TH STREET,3,005B95,FFFFFF,0,Lower Great Hwy & Rivera St@@@110,Lower Great Hwy & Rivera St@@@40,,05:33:43,24:33:43,20.05263157894737,,20.05263157894737,,0,0,0,0,0,1,1
13306,17th Ave & Santiago St,48,QUINTARA-24TH STREET,3,005B95,FFFFFF,1,22nd St Caltrain Station/Iowa@@@108,22nd St Caltrain Station/Iowa@@@42,,05:32:09,24:11:30,20.05,,20.05,,0,0,0,0,0,1,1
13307,17th St & Belvedere St,37,CORBETT,3,005B95,FFFFFF,1,Masonic Ave & Haight St@@@54,Masonic Ave & Haight St@@@28,,09:16:22,22:14:22,30.076923076923077,,30.076923076923077,,0,0,0,0,0,1,1
13309,17th St & Clayton St,37,CORBETT,3,005B95,FFFFFF,1,Masonic Ave & Haight St@@@54,Masonic Ave & Haight St@@@28,,09:16:05,22:14:05,30.0,,30.0,,0,0,0,0,0,1,1
13310,17th St & Cole St,37,CORBETT,3,005B95,FFFFFF,1,Masonic Ave & Haight St@@@54,Masonic Ave & Haight St@@@28,,09:16:43,22:14:43,30.076923076923077,,30.076923076923077,,0,0,0,0,0,1,1
13311,17th St & Castro St,F,MARKET & WHARVES,0,B49A36,000000,1,Jones St & Beach St@@@142,Jones St & Beach St@@@70,,06:00:00,22:00:00,12.058823529411764,,12.058823529411764,,0,0,0,0,0,1,1
13311,17th St & Castro St,FBUS,MARKET & WHARVES BUS,3,B49A36,000000,1,Jones St & Beach St@@@10,,,22:25:00,24:05:00,,,,,0,0,0,0,0,1,1
13314,17th St & Diamond St,37,CORBETT,3,005B95,FFFFFF,0,Parkridge Dr & Burnett Ave@@@54,Parkridge Dr & Burnett Ave@@@28,,09:22:41,22:22:41,30.076923076923077,,30.076923076923077,,0,0,0,0,0,1,1
13322,18th St & Church St,33,ASHBURY-18TH ST,3,005B95,FFFFFF,1,Arguello Blvd & California St@@@14###Sacramento St & Cherry St@@@84,Sacramento St & Cherry St@@@40,,06:15:06,22:56:41,20.473684210526315,,20.473684210526315,,0,0,0,0,0,1,1
13323,18th St & Church St,33,ASHBURY-18TH ST,3,005B95,FFFFFF,0,25th St & Potrero Ave@@@98,25th St & Potrero Ave@@@42,,05:35:02,22:18:15,19.6,,19.6,,0,0,0,0,0,1,1
13325,18th St & Castro St,33,ASHBURY-18TH ST,3,005B95,FFFFFF,1,Arguello Blvd & California St@@@14###Sacramento St & Cherry St@@@84,Sacramento St & Cherry St@@@40,,06:17:00,23:00:00,20.57894736842105,,20.57894736842105,,0,0,0,0,0,1,1
13326,18th St & Castro St,33,ASHBURY-18TH ST,3,005B95,FFFFFF,0,25th St & Potrero Ave@@@98,25th St & Potrero Ave@@@44,,05:33:00,22:15:00,19.523809523809526,,19.523809523809526,,0,0,0,0,0,1,1
13327,18th St & Danvers St,33,ASHBURY-18TH ST,3,005B95,FFFFFF,1,Arguello Blvd & California St@@@14###Sacramento St & Cherry St@@@84,Sacramento St & Cherry St@@@40,,06:19:17,23:03:12,20.63157894736842,,20.63157894736842,,0,0,0,0,0,1,1
13328,18th St & Danvers St,33,ASHBURY-18TH ST,3,005B95,FFFFFF,0,25th St & Potrero Ave@@@98,25th St & Potrero Ave@@@44,,05:30:37,22:12:01,19.476190476190474,,19.476190476190474,,0,0,0,0,0,1,1
13329,18th St & Diamond St,33,ASHBURY-18TH ST,3,005B95,FFFFFF,0,25th St & Potrero Ave@@@98,25th St & Potrero Ave@@@44,,05:32:23,22:14:17,19.523809523809526,,19.523809523809526,,0,0,0,0,0,1,1
13330,18th St & Dolores St,33,ASHBURY-18TH ST,3,005B95,FFFFFF,1,Arguello Blvd & California St@@@14###Sacramento St & Cherry St@@@84,Sacramento St & Cherry St@@@40,,06:14:38,22:55:51,20.473684210526315,,20.473684210526315,,0,0,0,0,0,1,1
13331,18th St & Dolores St,33,ASHBURY-18TH ST,3,005B95,FFFFFF,0,25th St & Potrero Ave@@@98,25th St & Potrero Ave@@@42,,05:35:42,22:19:20,19.65,,19.65,,0,0,0,0,0,1,1
13332,18th St & Eureka St,33,ASHBURY-18TH ST,3,005B95,FFFFFF,1,Arguello Blvd & California St@@@14###Sacramento St & Cherry St@@@84,Sacramento St & Cherry St@@@40,,06:17:49,23:01:09,20.63157894736842,,20.63157894736842,,0,0,0,0,0,1,1
13333,18th St & Guerrero St,33,ASHBURY-18TH ST,3,005B95,FFFFFF,1,Arguello Blvd & California St@@@14###Sacramento St & Cherry St@@@84,Sacramento St & Cherry St@@@42,,06:14:04,22:54:53,20.4,,20.4,,0,0,0,0,0,1,1
13334,18th St & Guerrero St,33,ASHBURY-18TH ST,3,005B95,FFFFFF,0,25th St & Potrero Ave@@@98,25th St & Potrero Ave@@@42,,05:36:24,22:20:27,19.7,,19.7,,0,0,0,0,0,1,1
13335,18th St & Hattie St,33,ASHBURY-18TH ST,3,005B95,FFFFFF,1,Arguello Blvd & California St@@@14###Sacramento St & Cherry St@@@84,Sacramento St & Cherry St@@@40,,06:18:37,23:02:16,20.63157894736842,,20.63157894736842,,0,0,0,0,0,1,1
13336,18th St & Hattie St,33,ASHBURY-18TH ST,3,005B95,FFFFFF,0,25th St & Potrero Ave@@@98,25th St & Potrero Ave@@@44,,05:31:24,22:13:01,19.476190476190474,,19.476190476190474,,0,0,0,0,0,1,1
13338,18th St & Mission St,33,ASHBURY-18TH ST,3,005B95,FFFFFF,1,Arguello Blvd & California St@@@14###Sacramento St & Cherry St@@@84,Sacramento St & Cherry St@@@42,,06:13:00,22:53:00,20.35,,20.35,,0,0,0,0,0,1,1
13339,18th St & Market St,33,ASHBURY-18TH ST,3,005B95,FFFFFF,1,Arguello Blvd & California St@@@14###Sacramento St & Cherry St@@@84,Sacramento St & Cherry St@@@40,,06:19:36,23:03:39,20.63157894736842,,20.63157894736842,,0,0,0,0,0,1,1
13340,18th St & Noe St,33,ASHBURY-18TH ST,3,005B95,FFFFFF,1,Arguello Blvd & California St@@@14###Sacramento St & Cherry St@@@84,Sacramento St & Cherry St@@@40,,06:16:12,22:58:36,20.57894736842105,,20.57894736842105,,0,0,0,0,0,1,1
13341,18th St & Noe St,33,ASHBURY-18TH ST,3,005B95,FFFFFF,0,25th St & Potrero Ave@@@98,25th St & Potrero Ave@@@42,,05:33:35,22:15:56,19.55,,19.55,,0,0,0,0,0,1,1
13344,18th St & Sanchez St,33,ASHBURY-18TH ST,3,005B95,FFFFFF,1,Arguello Blvd & California St@@@14###Sacramento St & Cherry St@@@84,Sacramento St & Cherry St@@@40,,06:15:39,22:57:39,20.526315789473685,,20.526315789473685,,0,0,0,0,0,1,1
13345,18th St & Sanchez St,33,ASHBURY-18TH ST,3,005B95,FFFFFF,0,25th St & Potrero Ave@@@98,25th St & Potrero Ave@@@42,,05:34:15,22:17:01,19.6,,19.6,,0,0,0,0,0,1,1
13348,18th St & Valencia St,33,ASHBURY-18TH ST,3,005B95,FFFFFF,1,Arguello Blvd & California St@@@14###Sacramento St & Cherry St@@@84,Sacramento St & Cherry St@@@42,,06:13:32,22:53:56,20.4,,20.4,,0,0,0,0,0,1,1
13349,18th St & Valencia St,33,ASHBURY-18TH ST,3,005B95,FFFFFF,0,25th St & Potrero Ave@@@98,25th St & Potrero Ave@@@42,,05:37:04,22:21:31,19.7,,19.7,,0,0,0,0,0,1,1
13352,19th Ave & Buckingham/Stonestown,18,46TH AVENUE,3,005B95,FFFFFF,1,33rd Ave & Geary Blvd@@@22###Legion Of Honor@@@74,Legion Of Honor@@@42,,06:10:00,22:00:00,20.0,,20.0,,0,0,0,0,0,1,1
13354,19th Ave & Eucalyptus Dr,28,19TH AVENUE,3,005B95,FFFFFF,0,Daly City BART Stop D4@@@168,Daly City BART Stop D4@@@68,,05:36:18,24:39:33,12.545454545454545,,12.545454545454545,,0,0,0,0,0,1,1
13354,19th Ave & Eucalyptus Dr,91,3RD-19TH AVE OWL,3,666666,FFFFFF,1,19th Ave & Holloway/Sf State@@@24,,19th Ave & Holloway/Sf State@@@20,25:16:52,30:46:52,,30.0,,30.0,0,0,0,0,0,1,1
13355,19th Ave & Eucalyptus Dr,28,19TH AVENUE,3,005B95,FFFFFF,1,Powell St & Beach St@@@170,Powell St & Beach St@@@68,,05:08:44,24:08:59,12.06060606060606,,12.06060606060606,,0,0,0,0,0,1,1
13355,19th Ave & Eucalyptus Dr,91,3RD-19TH AVE OWL,3,666666,FFFFFF,0,Ulloa St & West Portal Ave@@@22,,Ulloa St & West Portal Ave@@@14,24:07:27,29:07:27,,30.0,,30.0,0,0,0,0,0,1,1
13356,19th Ave & Holloway/Sf State,28,19TH AVENUE,3,005B95,FFFFFF,0,Daly City BART Stop D4@@@168,Daly City BART Stop D4@@@66,,05:39:00,24:42:00,12.65625,,12.65625,,0,0,0,0,0,1,1
13356,19th Ave & Holloway/Sf State,29,SUNSET,3,005B95,FFFFFF,0,Fitzgerald Ave & Keith St@@@168,Fitzgerald Ave & Keith St@@@68,,05:23:00,24:22:00,12.424242424242424,,12.424242424242424,,0,0,0,0,0,1,1
13358,19th Ave & Holloway/Sf State,M,OCEAN VIEW,0,008547,FFFFFF,0,San Jose Ave & Niagra Ave@@@172,San Jose Ave & Niagra Ave@@@70,,05:49:00,24:57:00,12.117647058823529,,12.117647058823529,,0,0,0,0,0,1,1
13359,19th Ave & Irving St,28,19TH AVENUE,3,005B95,FFFFFF,0,Daly City BART Stop D4@@@168,Daly City BART Stop D4@@@68,,05:27:14,24:31:19,12.363636363636363,,12.363636363636363,,0,0,0,0,0,1,1
13359,19th Ave & Irving St,91,3RD-19TH AVE OWL,3,666666,FFFFFF,1,19th Ave & Holloway/Sf State@@@24,,19th Ave & Holloway/Sf State@@@20,25:09:48,30:39:48,,30.0,,30.0,0,0,0,0,0,1,1
13360,19th Ave & Irving St,28,19TH AVENUE,3,005B95,FFFFFF,1,Powell St & Beach St@@@170,Powell St & Beach St@@@68,,05:17:20,24:18:20,12.181818181818182,,12.181818181818182,,0,0,0,0,0,1,1
13360,19th Ave & Irving St,91,3RD-19TH AVE OWL,3,666666,FFFFFF,0,Ulloa St & West Portal Ave@@@22,,Ulloa St & West Portal Ave@@@14,24:15:11,29:15:11,,30.0,,30.0,0,0,0,0,0,1,1
13361,19th Ave & Junipero Serra Blvd,M,OCEAN VIEW,0,008547,FFFFFF,1,Metro Embarcadero Station@@@138###The Embarcadero & Folsom St@@@6###Ulloa St & Lenox Way@@@28,Metro Embarcadero Station@@@70,,05:10:49,23:37:49,12.058823529411764,,12.058823529411764,,0,0,0,0,0,1,1
13362,19th Ave & Junipero Serra Blvd,28,19TH AVENUE,3,005B95,FFFFFF,1,19th Avenue & Holloway/Sf State@@@2###Powell St & Beach St@@@170,Powell St & Beach St@@@70,,05:05:16,24:33:16,12.0,,12.0,,0,0,0,0,0,1,1
13363,19th Ave & Junipero Serra Blvd,28,19TH AVENUE,3,005B95,FFFFFF,0,Daly City BART Stop D4@@@168,Daly City BART Stop D4@@@66,,05:39:49,24:42:49,12.65625,,12.65625,,0,0,0,0,0,1,1
13364,19th Ave & Judah St,28,19TH AVENUE,3,005B95,FFFFFF,1,Powell St & Beach St@@@170,Powell St & Beach St@@@68,,05:17:00,24:18:00,12.181818181818182,,12.181818181818182,,0,0,0,0,0,1,1
13364,19th Ave & Judah St,91,3RD-19TH AVE OWL,3,666666,FFFFFF,0,Ulloa St & West Portal Ave@@@22,,Ulloa St & West Portal Ave@@@14,24:14:47,29:14:47,,30.0,,30.0,0,0,0,0,0,1,1
13365,19th Ave & Judah St,28,19TH AVENUE,3,005B95,FFFFFF,0,Daly City BART Stop D4@@@168,Daly City BART Stop D4@@@68,,05:28:00,24:32:00,12.393939393939394,,12.393939393939394,,0,0,0,0,0,1,1
13365,19th Ave & Judah St,91,3RD-19TH AVE OWL,3,666666,FFFFFF,1,19th Ave & Holloway/Sf State@@@24,,19th Ave & Holloway/Sf State@@@20,25:10:17,30:40:17,,30.0,,30.0,0,0,0,0,0,1,1
13368,19th Ave & Lawton St,28,19TH AVENUE,3,005B95,FFFFFF,1,Powell St & Beach St@@@170,Powell St & Beach St@@@68,,05:16:00,24:16:55,12.181818181818182,,12.181818181818182,,0,0,0,0,0,1,1
13368,19th Ave & Lawton St,91,3RD-19TH AVE OWL,3,666666,FFFFFF,0,Ulloa St & West Portal Ave@@@22,,Ulloa St & West Portal Ave@@@14,24:13:54,29:13:54,,30.0,,30.0,0,0,0,0,0,1,1
13369,19th Ave & Lawton St,28,19TH AVENUE,3,005B95,FFFFFF,0,Daly City BART Stop D4@@@168,Daly City BART Stop D4@@@68,,05:28:57,24:32:52,12.393939393939394,,12.393939393939394,,0,0,0,0,0,1,1
13369,19th Ave & Lawton St,91,3RD-19TH AVE OWL,3,666666,FFFFFF,1,19th Ave & Holloway/Sf State@@@24,,19th Ave & Holloway/Sf State@@@20,25:11:03,30:41:03,,30.0,,30.0,0,0,0,0,0,1,1
13371,19th Ave & Lincoln Way,28,19TH AVENUE,3,005B95,FFFFFF,0,Daly City BART Stop D4@@@168,Daly City BART Stop D4@@@68,,05:26:45,24:30:55,12.363636363636363,,12.363636363636363,,0,0,0,0,0,1,1
13371,19th Ave & Lincoln Way,91,3RD-19TH AVE OWL,3,666666,FFFFFF,1,19th Ave & Holloway/Sf State@@@24,,19th Ave & Holloway/Sf State@@@20,25:09:26,30:39:26,,30.0,,30.0,0,0,0,0,0,1,1
13374,19th Ave & Noriega St,28,19TH AVENUE,3,005B95,FFFFFF,1,Powell St & Beach St@@@170,Powell St & Beach St@@@68,,05:14:59,24:15:48,12.151515151515152,,12.151515151515152,,0,0,0,0,0,1,1
13374,19th Ave & Noriega St,91,3RD-19TH AVE OWL,3,666666,FFFFFF,0,Ulloa St & West Portal Ave@@@22,,Ulloa St & West Portal Ave@@@14,24:12:59,29:12:59,,30.0,,30.0,0,0,0,0,0,1,1
13375,19th Ave & Noriega St,28,19TH AVENUE,3,005B95,FFFFFF,0,Daly City BART Stop D4@@@168,Daly City BART Stop D4@@@66,,05:30:01,24:33:50,12.46875,,12.46875,,0,0,0,0,0,1,1
13375,19th Ave & Noriega St,91,3RD-19TH AVE OWL,3,666666,FFFFFF,1,19th Ave & Holloway/Sf State@@@24,,19th Ave & Holloway/Sf State@@@20,25:11:54,30:41:54,,30.0,,30.0,0,0,0,0,0,1,1
13376,19th Ave & Randolph St,M,OCEAN VIEW,0,008547,FFFFFF,0,San Jose Ave & Niagra Ave@@@172,San Jose Ave & Niagra Ave@@@70,,05:51:04,24:59:22,12.117647058823529,,12.117647058823529,,0,0,0,0,0,1,1
13379,19th Ave & Ortega St,28,19TH AVENUE,3,005B95,FFFFFF,1,Powell St & Beach St@@@170,Powell St & Beach St@@@68,,05:14:33,24:15:20,12.151515151515152,,12.151515151515152,,0,0,0,0,0,1,1
13379,19th Ave & Ortega St,91,3RD-19TH AVE OWL,3,666666,FFFFFF,0,Ulloa St & West Portal Ave@@@22,,Ulloa St & West Portal Ave@@@14,24:12:36,29:12:36,,30.0,,30.0,0,0,0,0,0,1,1
13380,19th Ave & Ortega St,28,19TH AVENUE,3,005B95,FFFFFF,0,Daly City BART Stop D4@@@168,Daly City BART Stop D4@@@66,,05:30:32,24:34:18,12.46875,,12.46875,,0,0,0,0,0,1,1
13380,19th Ave & Ortega St,91,3RD-19TH AVE OWL,3,666666,FFFFFF,1,19th Ave & Holloway/Sf State@@@24,,19th Ave & Holloway/Sf State@@@20,25:12:18,30:42:18,,30.0,,30.0,0,0,0,0,0,1,1
13383,19th Ave & Quintara St,28,19TH AVENUE,3,005B95,FFFFFF,1,Powell St & Beach St@@@170,Powell St & Beach St@@@70,,05:13:25,24:14:05,12.147058823529411,,12.147058823529411,,0,0,0,0,0,1,1
13383,19th Ave & Quintara St,91,3RD-19TH AVE OWL,3,666666,FFFFFF,0,Ulloa St & West Portal Ave@@@22,,Ulloa St & West Portal Ave@@@14,24:11:36,29:11:36,,30.0,,30.0,0,0,0,0,0,1,1
13384,19th Ave & Quintara St,28,19TH AVENUE,3,005B95,FFFFFF,0,Daly City BART Stop D4@@@168,Daly City BART Stop D4@@@66,,05:31:33,24:35:14,12.5,,12.5,,0,0,0,0,0,1,1
13384,19th Ave & Quintara St,91,3RD-19TH AVE OWL,3,666666,FFFFFF,1,19th Ave & Holloway/Sf State@@@24,,19th Ave & Holloway/Sf State@@@20,25:13:06,30:43:06,,30.0,,30.0,0,0,0,0,0,1,1
13385,19th Ave & Randolph St,M,OCEAN VIEW,0,008547,FFFFFF,1,Metro Embarcadero Station@@@138###The Embarcadero & Folsom St@@@6###Ulloa St & Lenox Way@@@28,Metro Embarcadero Station@@@70,,05:09:41,23:36:41,12.058823529411764,,12.058823529411764,,0,0,0,0,0,1,1
13387,19th Ave & Randolph St,M,OCEAN VIEW,0,008547,FFFFFF,0,San Jose Ave & Niagra Ave@@@172,San Jose Ave & Niagra Ave@@@70,,05:51:50,25:00:14,12.147058823529411,,12.147058823529411,,0,0,0,0,0,1,1
13388,19th Ave & Rivera St,28,19TH AVENUE,3,005B95,FFFFFF,1,Powell St & Beach St@@@170,Powell St & Beach St@@@70,,05:13:02,24:13:41,12.117647058823529,,12.117647058823529,,0,0,0,0,0,1,1
13388,19th Ave & Rivera St,91,3RD-19TH AVE OWL,3,666666,FFFFFF,0,Ulloa St & West Portal Ave@@@22,,Ulloa St & West Portal Ave@@@14,24:11:16,29:11:16,,30.0,,30.0,0,0,0,0,0,1,1
13389,19th Ave & Rivera St,28,19TH AVENUE,3,005B95,FFFFFF,0,Daly City BART Stop D4@@@168,Daly City BART Stop D4@@@68,,05:32:03,24:35:41,12.515151515151516,,12.515151515151516,,0,0,0,0,0,1,1
13389,19th Ave & Rivera St,91,3RD-19TH AVE OWL,3,666666,FFFFFF,1,19th Ave & Holloway/Sf State@@@24,,19th Ave & Holloway/Sf State@@@20,25:13:30,30:43:30,,30.0,,30.0,0,0,0,0,0,1,1
13390,19th Ave & Sloat Blvd,28,19TH AVENUE,3,005B95,FFFFFF,0,Daly City BART Stop D4@@@168,Daly City BART Stop D4@@@68,,05:35:17,24:38:37,12.575757575757576,,12.575757575757576,,0,0,0,0,0,1,1
13390,19th Ave & Sloat Blvd,91,3RD-19TH AVE OWL,3,666666,FFFFFF,1,19th Ave & Holloway/Sf State@@@24,,19th Ave & Holloway/Sf State@@@20,25:16:04,30:46:04,,30.0,,30.0,0,0,0,0,0,1,1
13391,19th Ave & Sloat Blvd,28,19TH AVENUE,3,005B95,FFFFFF,1,Powell St & Beach St@@@170,Powell St & Beach St@@@70,,05:09:40,24:10:00,12.088235294117647,,12.088235294117647,,0,0,0,0,0,1,1
13391,19th Ave & Sloat Blvd,91,3RD-19TH AVE OWL,3,666666,FFFFFF,0,Ulloa St & West Portal Ave@@@22,,Ulloa St & West Portal Ave@@@14,24:08:16,29:08:16,,30.0,,30.0,0,0,0,0,0,1,1
13394,19th Ave & Taraval St,28,19TH AVENUE,3,005B95,FFFFFF,1,Powell St & Beach St@@@170,Powell St & Beach St@@@70,,05:12:00,24:12:32,12.117647058823529,,12.117647058823529,,0,0,0,0,0,1,1
13394,19th Ave & Taraval St,91,3RD-19TH AVE OWL,3,666666,FFFFFF,0,Ulloa St & West Portal Ave@@@22,,Ulloa St & West Portal Ave@@@14,24:10:20,29:10:20,,30.0,,30.0,0,0,0,0,0,1,1
13395,19th Ave & Taraval St,28,19TH AVENUE,3,005B95,FFFFFF,0,Daly City BART Stop D4@@@168,Daly City BART Stop D4@@@68,,05:33:06,24:36:38,12.515151515151516,,12.515151515151516,,0,0,0,0,0,1,1
13395,19th Ave & Taraval St,91,3RD-19TH AVE OWL,3,666666,FFFFFF,1,19th Ave & Holloway/Sf State@@@24,,19th Ave & Holloway/Sf State@@@20,25:14:20,30:44:20,,30.0,,30.0,0,0,0,0,0,1,1
13398,19th Ave & Vicente St,28,19TH AVENUE,3,005B95,FFFFFF,1,Powell St & Beach St@@@170,Powell St & Beach St@@@70,,05:10:58,24:11:26,12.088235294117647,,12.088235294117647,,0,0,0,0,0,1,1
13398,19th Ave & Vicente St,91,3RD-19TH AVE OWL,3,666666,FFFFFF,0,Ulloa St & West Portal Ave@@@22,,Ulloa St & West Portal Ave@@@14,24:09:26,29:09:26,,30.0,,30.0,0,0,0,0,0,1,1
13399,19th Ave & Vicente St,28,19TH AVENUE,3,005B95,FFFFFF,0,Daly City BART Stop D4@@@168,Daly City BART Stop D4@@@68,,05:34:05,24:37:31,12.545454545454545,,12.545454545454545,,0,0,0,0,0,1,1
13399,19th Ave & Vicente St,91,3RD-19TH AVE OWL,3,666666,FFFFFF,1,19th Ave & Holloway/Sf State@@@24,,19th Ave & Holloway/Sf State@@@20,25:15:06,30:45:06,,30.0,,30.0,0,0,0,0,0,1,1
13402,19th Ave & Winston/Stonestown,28,19TH AVENUE,3,005B95,FFFFFF,1,Powell St & Beach St@@@170,Powell St & Beach St@@@70,,05:07:37,24:07:46,12.058823529411764,,12.058823529411764,,0,0,0,0,0,1,1
13402,19th Ave & Winston/Stonestown,91,3RD-19TH AVE OWL,3,666666,FFFFFF,0,Ulloa St & West Portal Ave@@@22,,Ulloa St & West Portal Ave@@@14,24:06:28,29:06:28,,30.0,,30.0,0,0,0,0,0,1,1
13403,19th Ave & Winston/Stonestown,M,OCEAN VIEW,0,008547,FFFFFF,0,San Jose Ave & Niagra Ave@@@172,San Jose Ave & Niagra Ave@@@68,,05:46:56,24:54:56,12.121212121212121,,12.121212121212121,,0,0,0,0,0,1,1
13406,20th Av/Stonestown Mall,57,PARKMERCED,3,005B95,FFFFFF,1,Ulloa St & West Portal Ave@@@92,Ulloa St & West Portal Ave@@@32,,05:18:12,22:20:00,25.466666666666665,,25.466666666666665,,0,0,0,0,0,1,1
13408,20th Ave & Winston/Stonestown,18,46TH AVENUE,3,005B95,FFFFFF,1,33rd Ave & Geary Blvd@@@22###Legion Of Honor@@@74,Legion Of Honor@@@42,,06:10:28,22:00:28,20.0,,20.0,,0,0,0,0,0,1,1
13408,20th Ave & Winston/Stonestown,57,PARKMERCED,3,005B95,FFFFFF,1,Ulloa St & West Portal Ave@@@92,Ulloa St & West Portal Ave@@@32,,05:17:16,22:18:58,25.4,,25.4,,0,0,0,0,0,1,1
13408,20th Ave & Winston/Stonestown,58,LAKE MERCED,3,005B95,FFFFFF,0,Mission St & Flournoy@@@66,Mission St & Flournoy@@@28,,06:00:39,22:00:39,30.0,,30.0,,0,0,0,0,0,1,1
13409,20th Ave & Winston/Stonestown,57,PARKMERCED,3,005B95,FFFFFF,0,Daly City BART Stop B3@@@92,Daly City BART Stop B3@@@34,,05:07:05,22:07:43,25.125,,25.125,,0,0,0,0,0,1,1
13410,20th St & 3rd St,55,DOGPATCH,3,005B95,FFFFFF,1,16th St & Mission St@@@104,16th St & Mission St@@@44,,05:00:00,22:00:00,20.0,,20.0,,0,0,0,0,0,1,1
13414,20th St & Collingwood St,35,EUREKA,3,005B95,FFFFFF,0,Bosworth St & Diamond St@@@58,Bosworth St & Diamond St@@@28,,07:02:24,21:02:38,30.0,,30.0,,0,0,0,0,0,1,1
13415,20th St & Eureka St,35,EUREKA,3,005B95,FFFFFF,0,Bosworth St & Diamond St@@@58,Bosworth St & Diamond St@@@28,,07:02:58,21:03:16,30.0,,30.0,,0,0,0,0,0,1,1
13424,21st St & Douglass St,35,EUREKA,3,005B95,FFFFFF,1,Market St & Castro St@@@56,Market St & Castro St@@@28,,07:35:28,21:06:28,30.153846153846153,,30.153846153846153,,0,0,0,0,0,1,1
13425,22nd Ave & Irving St,7,HAIGHT-NORIEGA,3,005B95,FFFFFF,1,Transit Center Bay E@@@156,Transit Center Bay E@@@70,,05:10:43,24:11:34,12.117647058823529,,12.117647058823529,,0,0,0,0,0,1,1
13426,22nd Ave & Judah St,7,HAIGHT-NORIEGA,3,005B95,FFFFFF,1,Transit Center Bay E@@@156,Transit Center Bay E@@@70,,05:10:02,24:10:47,12.117647058823529,,12.117647058823529,,0,0,0,0,0,1,1
13427,22nd Ave & Kirkham St,7,HAIGHT-NORIEGA,3,005B95,FFFFFF,1,Transit Center Bay E@@@156,Transit Center Bay E@@@68,,05:09:28,24:10:09,12.090909090909092,,12.090909090909092,,0,0,0,0,0,1,1
13428,22nd Ave & Lawton St,7,HAIGHT-NORIEGA,3,005B95,FFFFFF,1,Transit Center Bay E@@@156,Transit Center Bay E@@@68,,05:08:54,24:09:31,12.090909090909092,,12.090909090909092,,0,0,0,0,0,1,1
13429,22nd Ave & Lincoln Way,7,HAIGHT-NORIEGA,3,005B95,FFFFFF,1,Transit Center Bay E@@@156,Transit Center Bay E@@@70,,05:11:11,24:12:05,12.117647058823529,,12.117647058823529,,0,0,0,0,0,1,1
13430,22nd Ave & Moraga St,7,HAIGHT-NORIEGA,3,005B95,FFFFFF,1,Transit Center Bay E@@@156,Transit Center Bay E@@@68,,05:08:20,24:08:52,12.090909090909092,,12.090909090909092,,0,0,0,0,0,1,1
13431,22nd Ave & Noriega St,7,HAIGHT-NORIEGA,3,005B95,FFFFFF,1,Transit Center Bay E@@@156,Transit Center Bay E@@@68,,05:07:51,24:08:20,12.06060606060606,,12.06060606060606,,0,0,0,0,0,1,1
13435,22nd St Caltrain Station/Iowa,48,QUINTARA-24TH STREET,3,005B95,FFFFFF,0,24th St & Castro St@@@20###Lower Great Hwy & Rivera St@@@110,Lower Great Hwy & Rivera St@@@42,24th St & Castro St@@@14,05:02:00,29:02:00,20.0,30.0,20.0,30.0,0,0,0,0,0,1,1
13435,22nd St Caltrain Station/Iowa,55,DOGPATCH,3,005B95,FFFFFF,1,16th St & Mission St@@@104,16th St & Mission St@@@42,,05:02:00,22:02:00,20.0,,20.0,,0,0,0,0,0,1,1
13436,22nd St & Minnesota St,55,DOGPATCH,3,005B95,FFFFFF,1,16th St & Mission St@@@104,16th St & Mission St@@@42,,05:01:16,22:01:16,20.0,,20.0,,0,0,0,0,0,1,1
13437,22nd St & Minnesota St,48,QUINTARA-24TH STREET,3,005B95,FFFFFF,1,22nd St Caltrain Station/Iowa@@@126,22nd St Caltrain Station/Iowa@@@42,22nd St Caltrain Station/Iowa@@@14,06:05:29,29:12:29,20.2,30.0,20.2,30.0,0,0,0,0,0,1,1
13437,22nd St & Minnesota St,55,DOGPATCH,3,005B95,FFFFFF,0,20th St & 3rd St@@@104,20th St & 3rd St@@@42,,05:11:33,22:10:33,20.15,,20.15,,0,0,0,0,0,1,1
13439,22nd St Caltrain Station/Iowa,48,QUINTARA-24TH STREET,3,005B95,FFFFFF,1,22nd St Caltrain Station/Iowa@@@126,22nd St Caltrain Station/Iowa@@@42,22nd St Caltrain Station/Iowa@@@14,06:05:00,29:12:00,20.2,30.0,20.2,30.0,0,0,0,0,0,1,1
13439,22nd St Caltrain Station/Iowa,55,DOGPATCH,3,005B95,FFFFFF,0,20th St & 3rd St@@@104,20th St & 3rd St@@@42,,05:11:00,22:10:00,20.15,,20.15,,0,0,0,0,0,1,1
13441,23rd Ave & Irving St,7,HAIGHT-NORIEGA,3,005B95,FFFFFF,0,Ortega St & 48th Ave@@@158,Ortega St & 48th Ave@@@68,,05:29:25,24:35:49,12.272727272727273,,12.272727272727273,,0,0,0,0,0,1,1
13442,23rd Ave & Judah St,7,HAIGHT-NORIEGA,3,005B95,FFFFFF,0,Ortega St & 48th Ave@@@158,Ortega St & 48th Ave@@@70,,05:29:49,24:36:20,12.235294117647058,,12.235294117647058,,0,0,0,0,0,1,1
13443,23rd Ave & Kirkham St,7,HAIGHT-NORIEGA,3,005B95,FFFFFF,0,Ortega St & 48th Ave@@@158,Ortega St & 48th Ave@@@70,,05:30:19,24:36:59,12.264705882352942,,12.264705882352942,,0,0,0,0,0,1,1
13444,23rd Ave & Lawton St,7,HAIGHT-NORIEGA,3,005B95,FFFFFF,0,Ortega St & 48th Ave@@@158,Ortega St & 48th Ave@@@70,,05:30:49,24:37:38,12.264705882352942,,12.264705882352942,,0,0,0,0,0,1,1
13445,23rd Ave & Lincoln Way,7,HAIGHT-NORIEGA,3,005B95,FFFFFF,0,Ortega St & 48th Ave@@@158,Ortega St & 48th Ave@@@68,,05:28:54,24:35:10,12.242424242424242,,12.242424242424242,,0,0,0,0,0,1,1
13446,23rd Ave & Moraga St,7,HAIGHT-NORIEGA,3,005B95,FFFFFF,0,Ortega St & 48th Ave@@@158,Ortega St & 48th Ave@@@70,,05:31:19,24:38:17,12.264705882352942,,12.264705882352942,,0,0,0,0,0,1,1
13447,23rd Ave & Noriega St,7,HAIGHT-NORIEGA,3,005B95,FFFFFF,0,Ortega St & 48th Ave@@@158,Ortega St & 48th Ave@@@70,,05:31:50,24:38:55,12.264705882352942,,12.264705882352942,,0,0,0,0,0,1,1
13450,23rd St & Kansas St,48,QUINTARA-24TH STREET,3,005B95,FFFFFF,1,22nd St Caltrain Station/Iowa@@@126,22nd St Caltrain Station/Iowa@@@42,22nd St Caltrain Station/Iowa@@@14,05:59:00,29:06:00,20.15,30.0,20.15,30.0,0,0,0,0,0,1,1
13452,23rd St & Rhode Island St,19,POLK,3,005B95,FFFFFF,1,Beach St & Polk St@@@102,Beach St & Polk St@@@42,,05:25:21,22:14:21,20.0,,20.0,,0,0,0,0,0,1,1
13452,23rd St & Rhode Island St,48,QUINTARA-24TH STREET,3,005B95,FFFFFF,1,22nd St Caltrain Station/Iowa@@@126,22nd St Caltrain Station/Iowa@@@42,22nd St Caltrain Station/Iowa@@@14,05:59:14,29:06:14,20.15,30.0,20.15,30.0,0,0,0,0,0,1,1
13453,23rd St & Utah St,48,QUINTARA-24TH STREET,3,005B95,FFFFFF,0,24th St & Castro St@@@20###Lower Great Hwy & Rivera St@@@110,Lower Great Hwy & Rivera St@@@42,24th St & Castro St@@@14,05:09:05,29:08:56,20.0,30.0,20.0,30.0,0,0,0,0,0,1,1
13454,23rd St & Utah St,48,QUINTARA-24TH STREET,3,005B95,FFFFFF,1,22nd St Caltrain Station/Iowa@@@126,22nd St Caltrain Station/Iowa@@@42,22nd St Caltrain Station/Iowa@@@14,05:57:55,29:04:44,20.15,30.0,20.15,30.0,0,0,0,0,0,1,1
13458,24th St & Bryant St,48,QUINTARA-24TH STREET,3,005B95,FFFFFF,0,24th St & Castro St@@@20###Lower Great Hwy & Rivera St@@@110,Lower Great Hwy & Rivera St@@@42,24th St & Castro St@@@14,05:11:44,29:11:16,20.0,30.0,20.0,30.0,0,0,0,0,0,1,1
13459,24th St & Bryant St,48,QUINTARA-24TH STREET,3,005B95,FFFFFF,1,22nd St Caltrain Station/Iowa@@@126,22nd St Caltrain Station/Iowa@@@42,22nd St Caltrain Station/Iowa@@@14,05:56:08,29:02:40,20.1,30.0,20.1,30.0,0,0,0,0,0,1,1
13460,24th St & Church St,48,QUINTARA-24TH STREET,3,005B95,FFFFFF,0,24th St & Castro St@@@20###Lower Great Hwy & Rivera St@@@110,Lower Great Hwy & Rivera St@@@42,24th St & Castro St@@@14,05:18:44,29:17:44,20.05,30.0,20.05,30.0,0,0,0,0,0,1,1
13461,24th St & Church St,48,QUINTARA-24TH STREET,3,005B95,FFFFFF,1,22nd St Caltrain Station/Iowa@@@126,22nd St Caltrain Station/Iowa@@@42,22nd St Caltrain Station/Iowa@@@12,05:50:11,28:56:09,20.05,30.0,20.05,30.0,0,0,0,0,0,1,1
13462,24th St & Castro St,48,QUINTARA-24TH STREET,3,005B95,FFFFFF,1,22nd St Caltrain Station/Iowa@@@18,,22nd St Caltrain Station/Iowa@@@12,24:52:00,28:52:00,,30.0,,30.0,0,0,0,0,0,1,1
13463,24th St & Castro St,48,QUINTARA-24TH STREET,3,005B95,FFFFFF,1,22nd St Caltrain Station/Iowa@@@126,22nd St Caltrain Station/Iowa@@@42,22nd St Caltrain Station/Iowa@@@12,05:48:00,28:54:15,20.0,30.0,20.0,30.0,0,0,0,0,0,1,1
13465,24th St & Diamond St,35,EUREKA,3,005B95,FFFFFF,0,Bosworth St & Diamond St@@@58,Bosworth St & Diamond St@@@28,,07:06:30,21:07:09,30.0,,30.0,,0,0,0,0,0,1,1
13466,24th St & Dolores St,48,QUINTARA-24TH STREET,3,005B95,FFFFFF,0,24th St & Castro St@@@20###Lower Great Hwy & Rivera St@@@110,Lower Great Hwy & Rivera St@@@42,24th St & Castro St@@@14,05:18:07,29:17:07,20.05,30.0,20.05,30.0,0,0,0,0,0,1,1
13467,24th St & Dolores St,48,QUINTARA-24TH STREET,3,005B95,FFFFFF,1,22nd St Caltrain Station/Iowa@@@126,22nd St Caltrain Station/Iowa@@@42,22nd St Caltrain Station/Iowa@@@12,05:50:58,28:56:52,20.05,30.0,20.05,30.0,0,0,0,0,0,1,1
13468,24th St & Douglass St,35,EUREKA,3,005B95,FFFFFF,1,Market St & Castro St@@@56,Market St & Castro St@@@28,,07:31:40,21:02:40,30.153846153846153,,30.153846153846153,,0,0,0,0,0,1,1
13469,24th St & Folsom St,48,QUINTARA-24TH STREET,3,005B95,FFFFFF,0,24th St & Castro St@@@20###Lower Great Hwy & Rivera St@@@110,Lower Great Hwy & Rivera St@@@42,24th St & Castro St@@@14,05:13:55,29:13:10,20.05,30.0,20.05,30.0,0,0,0,0,0,1,1
13469,24th St & Folsom St,67,BERNAL HEIGHTS,3,005B95,FFFFFF,1,24th St & Mission St@@@98,24th St & Mission St@@@42,,06:23:08,22:20:08,19.95,,19.95,,0,0,0,0,0,1,1
13470,24th St & Folsom St,48,QUINTARA-24TH STREET,3,005B95,FFFFFF,1,22nd St Caltrain Station/Iowa@@@126,22nd St Caltrain Station/Iowa@@@42,22nd St Caltrain Station/Iowa@@@14,05:54:31,29:00:46,20.05,30.0,20.05,30.0,0,0,0,0,0,1,1
13471,24th St & Guerrero St,48,QUINTARA-24TH STREET,3,005B95,FFFFFF,0,24th St & Castro St@@@20###Lower Great Hwy & Rivera St@@@110,Lower Great Hwy & Rivera St@@@42,24th St & Castro St@@@14,05:17:20,29:16:20,20.05,30.0,20.05,30.0,0,0,0,0,0,1,1
13472,24th St & Guerrero St,48,QUINTARA-24TH STREET,3,005B95,FFFFFF,1,22nd St Caltrain Station/Iowa@@@126,22nd St Caltrain Station/Iowa@@@42,22nd St Caltrain Station/Iowa@@@12,05:51:45,28:57:36,20.05,30.0,20.05,30.0,0,0,0,0,0,1,1
13473,24th St & Harrison St,48,QUINTARA-24TH STREET,3,005B95,FFFFFF,0,24th St & Castro St@@@20###Lower Great Hwy & Rivera St@@@110,Lower Great Hwy & Rivera St@@@42,24th St & Castro St@@@14,05:12:57,29:12:20,20.05,30.0,20.05,30.0,0,0,0,0,0,1,1
13474,24th St & Harrison St,48,QUINTARA-24TH STREET,3,005B95,FFFFFF,1,22nd St Caltrain Station/Iowa@@@126,22nd St Caltrain Station/Iowa@@@42,22nd St Caltrain Station/Iowa@@@14,05:55:14,29:01:36,20.1,30.0,20.1,30.0,0,0,0,0,0,1,1
13475,24th St & Hoffman Ave,35,EUREKA,3,005B95,FFFFFF,1,Market St & Castro St@@@56,Market St & Castro St@@@28,,07:32:32,21:03:32,30.153846153846153,,30.153846153846153,,0,0,0,0,0,1,1
13476,24th St & Mission St,27,BRYANT,3,005B95,FFFFFF,1,Jackson St & Van Ness Ave@@@104,Jackson St & Van Ness Ave@@@42,,05:00:00,22:00:00,19.8,,19.8,,0,0,0,0,0,1,1
13476,24th St & Mission St,48,QUINTARA-24TH STREET,3,005B95,FFFFFF,0,24th St & Castro St@@@20###Lower Great Hwy & Rivera St@@@110,Lower Great Hwy & Rivera St@@@42,24th St & Castro St@@@14,05:16:00,29:15:00,20.05,30.0,20.05,30.0,0,0,0,0,0,1,1
13476,24th St & Mission St,67,BERNAL HEIGHTS,3,005B95,FFFFFF,0,Ellsworth St & Crescent Ave@@@98,Ellsworth St & Crescent Ave@@@44,,06:00:00,21:57:00,19.857142857142858,,19.857142857142858,,0,0,0,0,0,1,1
13477,24th St & Mission St,48,QUINTARA-24TH STREET,3,005B95,FFFFFF,1,22nd St Caltrain Station/Iowa@@@126,22nd St Caltrain Station/Iowa@@@42,22nd St Caltrain Station/Iowa@@@12,05:53:00,28:59:00,20.05,30.0,20.05,30.0,0,0,0,0,0,1,1
13478,24th St & Noe St,48,QUINTARA-24TH STREET,3,005B95,FFFFFF,0,24th St & Castro St@@@20###Lower Great Hwy & Rivera St@@@110,Lower Great Hwy & Rivera St@@@42,24th St & Castro St@@@14,05:20:05,29:19:05,20.05,30.0,20.05,30.0,0,0,0,0,0,1,1
13480,24th St & Potrero Ave,48,QUINTARA-24TH STREET,3,005B95,FFFFFF,0,24th St & Castro St@@@20###Lower Great Hwy & Rivera St@@@110,Lower Great Hwy & Rivera St@@@42,24th St & Castro St@@@14,05:10:36,29:10:17,20.05,30.0,20.05,30.0,0,0,0,0,0,1,1
13481,24th St & Sanchez St,48,QUINTARA-24TH STREET,3,005B95,FFFFFF,0,24th St & Castro St@@@20###Lower Great Hwy & Rivera St@@@110,Lower Great Hwy & Rivera St@@@42,24th St & Castro St@@@14,05:19:24,29:18:24,20.05,30.0,20.05,30.0,0,0,0,0,0,1,1
13482,24th St & Sanchez St,48,QUINTARA-24TH STREET,3,005B95,FFFFFF,1,22nd St Caltrain Station/Iowa@@@126,22nd St Caltrain Station/Iowa@@@42,22nd St Caltrain Station/Iowa@@@12,05:49:25,28:55:26,20.0,30.0,20.0,30.0,0,0,0,0,0,1,1
13483,24th St & South Van Ness Ave,48,QUINTARA-24TH STREET,3,005B95,FFFFFF,0,24th St & Castro St@@@20###Lower Great Hwy & Rivera St@@@110,Lower Great Hwy & Rivera St@@@42,24th St & Castro St@@@14,05:14:45,29:13:54,20.05,30.0,20.05,30.0,0,0,0,0,0,1,1
13483,24th St & South Van Ness Ave,67,BERNAL HEIGHTS,3,005B95,FFFFFF,1,24th St & Mission St@@@98,24th St & Mission St@@@42,,06:23:33,22:20:33,20.0,,20.0,,0,0,0,0,0,1,1
13484,24th St & South Van Ness Ave,48,QUINTARA-24TH STREET,3,005B95,FFFFFF,1,22nd St Caltrain Station/Iowa@@@126,22nd St Caltrain Station/Iowa@@@42,22nd St Caltrain Station/Iowa@@@12,05:53:42,28:59:50,20.1,30.0,20.1,30.0,0,0,0,0,0,1,1
13485,24th St & Valencia St,48,QUINTARA-24TH STREET,3,005B95,FFFFFF,0,24th St & Castro St@@@20###Lower Great Hwy & Rivera St@@@110,Lower Great Hwy & Rivera St@@@40,24th St & Castro St@@@14,05:16:40,29:15:40,20.05263157894737,30.0,20.05263157894737,30.0,0,0,0,0,0,1,1
13486,24th St & Valencia St,48,QUINTARA-24TH STREET,3,005B95,FFFFFF,1,22nd St Caltrain Station/Iowa@@@126,22nd St Caltrain Station/Iowa@@@42,22nd St Caltrain Station/Iowa@@@12,05:52:35,28:58:23,20.05,30.0,20.05,30.0,0,0,0,0,0,1,1
13489,25th Ave & Balboa St,29,SUNSET,3,005B95,FFFFFF,0,Fitzgerald Ave & Keith St@@@168,Fitzgerald Ave & Keith St@@@70,,05:03:39,24:02:04,12.176470588235293,,12.176470588235293,,0,0,0,0,0,1,1
13490,25th Ave & Balboa St,29,SUNSET,3,005B95,FFFFFF,1,25th Ave & California St@@@22###Bowley St & Lincoln Blvd@@@142,Bowley St & Lincoln Blvd@@@68,,05:52:45,24:48:20,12.272727272727273,,12.272727272727273,,0,0,0,0,0,1,1
13492,25th Ave & California St,29,SUNSET,3,005B95,FFFFFF,1,25th Ave & California St@@@22###Bowley St & Lincoln Blvd@@@142,Bowley St & Lincoln Blvd@@@68,,05:54:49,24:50:10,12.272727272727273,,12.272727272727273,,0,0,0,0,0,1,1
13495,25th Ave & Clement St,29,SUNSET,3,005B95,FFFFFF,0,Fitzgerald Ave & Keith St@@@168,Fitzgerald Ave & Keith St@@@70,,05:02:20,24:00:29,12.117647058823529,,12.117647058823529,,0,0,0,0,0,1,1
13496,25th Ave & Clement St,29,SUNSET,3,005B95,FFFFFF,1,25th Ave & California St@@@22###Bowley St & Lincoln Blvd@@@142,Bowley St & Lincoln Blvd@@@68,,05:54:19,24:49:43,12.272727272727273,,12.272727272727273,,0,0,0,0,0,1,1
13497,25th Ave & El Camino Del Mar,29,SUNSET,3,005B95,FFFFFF,1,25th Ave & California St@@@22###Bowley St & Lincoln Blvd@@@142,Bowley St & Lincoln Blvd@@@68,,05:55:53,24:51:07,12.303030303030303,,12.303030303030303,,0,0,0,0,0,1,1
13498,25th Ave & El Camino Del Mar,29,SUNSET,3,005B95,FFFFFF,0,Fitzgerald Ave & Keith St@@@154,Fitzgerald Ave & Keith St@@@68,,05:01:19,21:41:19,12.090909090909092,,12.090909090909092,,0,0,0,0,0,1,1
13498,25th Ave & El Camino Del Mar,29,SUNSET,3,005B95,FFFFFF,1,25th Ave & California St@@@22,,,21:47:19,24:54:19,,,,,0,0,0,0,0,1,1
13499,25th Ave & Fulton St,29,SUNSET,3,005B95,FFFFFF,0,Fitzgerald Ave & Keith St@@@168,Fitzgerald Ave & Keith St@@@70,,05:04:31,24:03:06,12.205882352941176,,12.205882352941176,,0,0,0,0,0,1,1
13500,25th Ave & Geary Blvd,29,SUNSET,3,005B95,FFFFFF,0,Fitzgerald Ave & Keith St@@@168,Fitzgerald Ave & Keith St@@@70,,05:02:46,24:01:00,12.147058823529411,,12.147058823529411,,0,0,0,0,0,1,1
13501,25th Ave & Geary Blvd,29,SUNSET,3,005B95,FFFFFF,1,25th Ave & California St@@@22###Bowley St & Lincoln Blvd@@@142,Bowley St & Lincoln Blvd@@@68,,05:53:46,24:49:14,12.272727272727273,,12.272727272727273,,0,0,0,0,0,1,1
13504,25th St & Connecticut St,48,QUINTARA-24TH STREET,3,005B95,FFFFFF,0,24th St & Castro St@@@20###Lower Great Hwy & Rivera St@@@110,Lower Great Hwy & Rivera St@@@42,24th St & Castro St@@@14,05:04:48,29:04:48,20.0,30.0,20.0,30.0,0,0,0,0,0,1,1
13505,25th St & Connecticut St,19,POLK,3,005B95,FFFFFF,0,Galvez Ave & Hill Ave@@@102,Galvez Ave & Hill Ave@@@42,,05:32:02,22:34:48,20.25,,20.25,,0,0,0,0,0,1,1
13505,25th St & Connecticut St,48,QUINTARA-24TH STREET,3,005B95,FFFFFF,1,22nd St Caltrain Station/Iowa@@@126,22nd St Caltrain Station/Iowa@@@40,22nd St Caltrain Station/Iowa@@@14,06:02:06,29:09:06,20.157894736842106,30.0,20.157894736842106,30.0,0,0,0,0,0,1,1
13507,25th St & Dakota St,48,QUINTARA-24TH STREET,3,005B95,FFFFFF,0,24th St & Castro St@@@20###Lower Great Hwy & Rivera St@@@110,Lower Great Hwy & Rivera St@@@42,24th St & Castro St@@@14,05:04:25,29:04:25,20.0,30.0,20.0,30.0,0,0,0,0,0,1,1
13511,25th St & Potrero Ave,33,ASHBURY-18TH ST,3,005B95,FFFFFF,1,Arguello Blvd & California St@@@14###Sacramento St & Cherry St@@@84,Sacramento St & Cherry St@@@42,,06:00:00,22:38:00,20.0,,20.0,,0,0,0,0,0,1,1
13512,25th St & Wisconsin St,48,QUINTARA-24TH STREET,3,005B95,FFFFFF,0,24th St & Castro St@@@20###Lower Great Hwy & Rivera St@@@110,Lower Great Hwy & Rivera St@@@42,24th St & Castro St@@@14,05:05:18,29:05:18,20.0,30.0,20.0,30.0,0,0,0,0,0,1,1
13513,Wisconsin St &  25th St,19,POLK,3,005B95,FFFFFF,0,Galvez Ave & Hill Ave@@@102,Galvez Ave & Hill Ave@@@42,,05:31:26,22:34:02,20.3,,20.3,,0,0,0,0,0,1,1
13513,Wisconsin St &  25th St,48,QUINTARA-24TH STREET,3,005B95,FFFFFF,1,22nd St Caltrain Station/Iowa@@@126,22nd St Caltrain Station/Iowa@@@40,22nd St Caltrain Station/Iowa@@@14,06:01:35,29:08:35,20.210526315789473,30.0,20.210526315789473,30.0,0,0,0,0,0,1,1
13514,26th St & Castro St,24,DIVISADERO,3,005B95,FFFFFF,1,Divisadero St & Sutter St@@@28###Fillmore St & Jackson St@@@16###Jackson St & Webster St@@@158,Jackson St & Webster St@@@70,Divisadero St & Sutter St@@@14,05:25:36,29:15:12,12.147058823529411,30.0,12.147058823529411,30.0,0,0,0,0,0,1,1
13516,26th St & De Haro St,19,POLK,3,005B95,FFFFFF,1,Beach St & Polk St@@@102,Beach St & Polk St@@@42,,05:23:11,22:12:11,20.0,,20.0,,0,0,0,0,0,1,1
13516,26th St & De Haro St,48,QUINTARA-24TH STREET,3,005B95,FFFFFF,0,24th St & Castro St@@@20###Lower Great Hwy & Rivera St@@@110,Lower Great Hwy & Rivera St@@@42,24th St & Castro St@@@14,05:06:10,29:06:10,20.0,30.0,20.0,30.0,0,0,0,0,0,1,1
13517,26th St & De Haro St,19,POLK,3,005B95,FFFFFF,0,Galvez Ave & Hill Ave@@@102,Galvez Ave & Hill Ave@@@42,,05:30:37,22:33:01,20.3,,20.3,,0,0,0,0,0,1,1
13517,26th St & De Haro St,48,QUINTARA-24TH STREET,3,005B95,FFFFFF,1,22nd St Caltrain Station/Iowa@@@126,22nd St Caltrain Station/Iowa@@@40,22nd St Caltrain Station/Iowa@@@14,06:00:50,29:07:50,20.210526315789473,30.0,20.210526315789473,30.0,0,0,0,0,0,1,1
13520,26th St & Noe St,24,DIVISADERO,3,005B95,FFFFFF,1,Divisadero St & Sutter St@@@28###Fillmore St & Jackson St@@@16###Jackson St & Webster St@@@158,Jackson St & Webster St@@@70,Divisadero St & Sutter St@@@14,05:25:03,29:14:30,12.147058823529411,30.0,12.147058823529411,30.0,0,0,0,0,0,1,1
13521,26th St & Noe St,24,DIVISADERO,3,005B95,FFFFFF,0,3rd St & Palou Ave@@@182###Cortland Ave & Bayshore Blvd@@@20,3rd St & Palou Ave@@@68,Cortland Ave & Bayshore Blvd@@@12,04:30:52,28:45:24,12.121212121212121,30.0,12.121212121212121,30.0,0,0,0,0,0,1,1
13522,26th St & Rhode Island St,19,POLK,3,005B95,FFFFFF,1,Beach St & Polk St@@@102,Beach St & Polk St@@@42,,05:23:28,22:12:28,20.0,,20.0,,0,0,0,0,0,1,1
13522,26th St & Rhode Island St,48,QUINTARA-24TH STREET,3,005B95,FFFFFF,0,24th St & Castro St@@@20###Lower Great Hwy & Rivera St@@@110,Lower Great Hwy & Rivera St@@@42,24th St & Castro St@@@14,05:06:26,29:06:26,20.0,30.0,20.0,30.0,0,0,0,0,0,1,1
13524,26th St & Wisconsin St,19,POLK,3,005B95,FFFFFF,1,Beach St & Polk St@@@102,Beach St & Polk St@@@42,,05:22:46,22:11:46,20.0,,20.0,,0,0,0,0,0,1,1
13524,26th St & Wisconsin St,48,QUINTARA-24TH STREET,3,005B95,FFFFFF,0,24th St & Castro St@@@20###Lower Great Hwy & Rivera St@@@110,Lower Great Hwy & Rivera St@@@42,24th St & Castro St@@@14,05:05:47,29:05:47,20.0,30.0,20.0,30.0,0,0,0,0,0,1,1
13525,29th Ave & Vicente St,66,QUINTARA,3,005B95,FFFFFF,1,9th Ave & Judah St@@@86,9th Ave & Judah St@@@42,,08:13:08,22:12:08,20.0,,20.0,,0,0,0,0,0,1,1
13526,30th Ave & Quintara St,66,QUINTARA,3,005B95,FFFFFF,1,9th Ave & Judah St@@@86,9th Ave & Judah St@@@42,,08:15:45,22:14:34,20.0,,20.0,,0,0,0,0,0,1,1
13527,30th Ave & Quintara St,66,QUINTARA,3,005B95,FFFFFF,0,Vicente St & 30th Ave@@@86,Vicente St & 30th Ave@@@42,,08:10:37,22:09:46,20.0,,20.0,,0,0,0,0,0,1,1
13528,30th Ave & Rivera St,66,QUINTARA,3,005B95,FFFFFF,0,Vicente St & 30th Ave@@@86,Vicente St & 30th Ave@@@42,,08:11:06,22:10:12,20.0,,20.0,,0,0,0,0,0,1,1
13529,30th Ave & Rivera St,66,QUINTARA,3,005B95,FFFFFF,1,9th Ave & Judah St@@@86,9th Ave & Judah St@@@42,,08:15:10,22:14:03,20.0,,20.0,,0,0,0,0,0,1,1
13530,30th Ave & Santiago St,66,QUINTARA,3,005B95,FFFFFF,0,Vicente St & 30th Ave@@@86,Vicente St & 30th Ave@@@42,,08:11:37,22:10:40,20.0,,20.0,,0,0,0,0,0,1,1
13531,30th Ave & Santiago St,66,QUINTARA,3,005B95,FFFFFF,1,9th Ave & Judah St@@@86,9th Ave & Judah St@@@42,,08:14:35,22:13:31,20.0,,20.0,,0,0,0,0,0,1,1
13532,30th Ave & Taraval St,66,QUINTARA,3,005B95,FFFFFF,0,Vicente St & 30th Ave@@@86,Vicente St & 30th Ave@@@42,,08:12:00,22:11:00,20.0,,20.0,,0,0,0,0,0,1,1
13533,30th Ave & Taraval St,66,QUINTARA,3,005B95,FFFFFF,1,9th Ave & Judah St@@@86,9th Ave & Judah St@@@42,,08:14:00,22:13:00,20.0,,20.0,,0,0,0,0,0,1,1
13534,30th Ave & Ulloa St,66,QUINTARA,3,005B95,FFFFFF,0,Vicente St & 30th Ave@@@86,Vicente St & 30th Ave@@@42,,08:12:25,22:11:25,20.0,,20.0,,0,0,0,0,0,1,1
13535,30th St & Church St,24,DIVISADERO,3,005B95,FFFFFF,1,Divisadero St & Sutter St@@@28###Fillmore St & Jackson St@@@16###Jackson St & Webster St@@@158,Jackson St & Webster St@@@68,Divisadero St & Sutter St@@@14,05:21:16,29:09:38,12.121212121212121,30.0,12.121212121212121,30.0,0,0,0,0,0,1,1
13536,30th St & Church St,24,DIVISADERO,3,005B95,FFFFFF,0,3rd St & Palou Ave@@@182###Cortland Ave & Bayshore Blvd@@@20,3rd St & Palou Ave@@@70,Cortland Ave & Bayshore Blvd@@@12,04:34:27,28:50:01,12.147058823529411,30.0,12.147058823529411,30.0,0,0,0,0,0,1,1
13537,30th St & Dolores St,24,DIVISADERO,3,005B95,FFFFFF,1,Divisadero St & Sutter St@@@28###Fillmore St & Jackson St@@@16###Jackson St & Webster St@@@158,Jackson St & Webster St@@@68,Divisadero St & Sutter St@@@14,05:20:35,29:08:45,12.121212121212121,30.0,12.121212121212121,30.0,0,0,0,0,0,1,1
13537,30th St & Dolores St,36,TERESITA,3,005B95,FFFFFF,1,Laguna Honda Blvd/Forest Hill Sta@@@58,Laguna Honda Blvd/Forest Hill Sta@@@28,,08:29:35,22:28:35,30.0,,30.0,,0,0,0,0,0,1,1
13537,30th St & Dolores St,J,CHURCH,0,A96614,FFFFFF,1,Church St & Duboce Ave@@@30###Metro Embarcadero Station@@@122,Metro Embarcadero Station@@@56,,05:08:21,24:08:21,14.962962962962964,,14.962962962962964,,0,0,0,0,0,1,1
13538,30th St & Dolores St,24,DIVISADERO,3,005B95,FFFFFF,0,3rd St & Palou Ave@@@182###Cortland Ave & Bayshore Blvd@@@20,3rd St & Palou Ave@@@70,Cortland Ave & Bayshore Blvd@@@12,04:35:08,28:50:53,12.147058823529411,30.0,12.147058823529411,30.0,0,0,0,0,0,1,1
13538,30th St & Dolores St,36,TERESITA,3,005B95,FFFFFF,0,Valencia St & Mission St@@@58,Valencia St & Mission St@@@28,,08:41:04,22:32:14,30.0,,30.0,,0,0,0,0,0,1,1
13538,30th St & Dolores St,J,CHURCH,0,A96614,FFFFFF,0,Balboa Park BART/Mezzanine Level@@@154,Balboa Park BART/Mezzanine Level@@@56,,05:40:46,25:14:46,15.074074074074074,,15.074074074074074,,0,0,0,0,0,1,1
13540,30th St & Mission St,24,DIVISADERO,3,005B95,FFFFFF,1,Divisadero St & Sutter St@@@28###Fillmore St & Jackson St@@@16###Jackson St & Webster St@@@158,Jackson St & Webster St@@@68,Divisadero St & Sutter St@@@14,05:20:00,29:08:00,12.121212121212121,30.0,12.121212121212121,30.0,0,0,0,0,0,1,1
13540,30th St & Mission St,36,TERESITA,3,005B95,FFFFFF,1,Laguna Honda Blvd/Forest Hill Sta@@@58,Laguna Honda Blvd/Forest Hill Sta@@@28,,08:29:00,22:28:00,30.0,,30.0,,0,0,0,0,0,1,1
13541,30th St & Mission St,14,MISSION,3,005B95,FFFFFF,0,Mission St & San Jose Ave@@@10,,,20:34:00,21:15:00,,,,,0,0,0,0,0,1,1
13541,30th St & Mission St,24,DIVISADERO,3,005B95,FFFFFF,0,3rd St & Palou Ave@@@182###Cortland Ave & Bayshore Blvd@@@20,3rd St & Palou Ave@@@70,Cortland Ave & Bayshore Blvd@@@12,04:36:00,28:52:00,12.176470588235293,30.0,12.176470588235293,30.0,0,0,0,0,0,1,1
13542,30th St & Noe St,24,DIVISADERO,3,005B95,FFFFFF,1,Divisadero St & Sutter St@@@28###Fillmore St & Jackson St@@@16###Jackson St & Webster St@@@158,Jackson St & Webster St@@@70,Divisadero St & Sutter St@@@14,05:22:34,29:11:19,12.147058823529411,30.0,12.147058823529411,30.0,0,0,0,0,0,1,1
13543,30th St & Sanchez St,24,DIVISADERO,3,005B95,FFFFFF,1,Divisadero St & Sutter St@@@28###Fillmore St & Jackson St@@@16###Jackson St & Webster St@@@158,Jackson St & Webster St@@@70,Divisadero St & Sutter St@@@14,05:21:56,29:10:29,12.117647058823529,30.0,12.117647058823529,30.0,0,0,0,0,0,1,1
13544,30th St & Sanchez St,24,DIVISADERO,3,005B95,FFFFFF,0,3rd St & Palou Ave@@@182###Cortland Ave & Bayshore Blvd@@@20,3rd St & Palou Ave@@@68,Cortland Ave & Bayshore Blvd@@@12,04:33:47,28:49:09,12.151515151515152,30.0,12.151515151515152,30.0,0,0,0,0,0,1,1
13546,32nd Ave & California St,1,CALIFORNIA,3,005B95,FFFFFF,1,California St & Presidio Ave@@@18###Clay St & Drumm St@@@204,Clay St & Drumm St@@@84,,05:01:25,24:28:25,10.0,,10.0,,0,0,0,0,0,1,1
13547,32nd Ave & California St,1,CALIFORNIA,3,005B95,FFFFFF,0,Geary Blvd & 33rd Ave@@@222,Geary Blvd & 33rd Ave@@@82,,04:47:59,24:24:41,10.075,,10.075,,0,0,0,0,0,1,1
13548,32nd Ave & Clement St,1,CALIFORNIA,3,005B95,FFFFFF,1,California St & Presidio Ave@@@18###Clay St & Drumm St@@@204,Clay St & Drumm St@@@84,,05:00:59,24:27:59,10.0,,10.0,,0,0,0,0,0,1,1
13549,32nd Ave & Clement St,1,CALIFORNIA,3,005B95,FFFFFF,0,Geary Blvd & 33rd Ave@@@222,Geary Blvd & 33rd Ave@@@82,,04:48:25,24:25:15,10.05,,10.05,,0,0,0,0,0,1,1
13550,32nd Ave & Geary Blvd,1,CALIFORNIA,3,005B95,FFFFFF,0,Geary Blvd & 33rd Ave@@@222,Geary Blvd & 33rd Ave@@@82,,04:48:55,24:25:54,10.075,,10.075,,0,0,0,0,0,1,1
13551,33rd Ave & Anza St,18,46TH AVENUE,3,005B95,FFFFFF,0,19th Ave & Buckingham/Stonestown@@@96,19th Ave & Buckingham/Stonestown@@@42,,06:03:38,22:03:44,20.0,,20.0,,0,0,0,0,0,1,1
13551,33rd Ave & Anza St,38,GEARY,3,005B95,FFFFFF,0,Geary Blvd & 32nd Ave@@@90,Geary Blvd & 32nd Ave@@@42,,08:21:23,22:54:23,20.05,,20.05,,0,0,0,0,0,1,1
13552,33rd Ave & Anza St,18,46TH AVENUE,3,005B95,FFFFFF,1,33rd Ave & Geary Blvd@@@22###Legion Of Honor@@@74,Legion Of Honor@@@42,,06:33:25,22:23:20,20.05,,20.05,,0,0,0,0,0,1,1
13553,33rd Ave & Balboa St,18,46TH AVENUE,3,005B95,FFFFFF,1,33rd Ave & Geary Blvd@@@22###Legion Of Honor@@@74,Legion Of Honor@@@42,,06:32:54,22:22:43,20.05,,20.05,,0,0,0,0,0,1,1
13554,33rd Ave & Balboa St,18,46TH AVENUE,3,005B95,FFFFFF,0,19th Ave & Buckingham/Stonestown@@@96,19th Ave & Buckingham/Stonestown@@@42,,06:04:13,22:04:26,20.0,,20.0,,0,0,0,0,0,1,1
13554,33rd Ave & Balboa St,38,GEARY,3,005B95,FFFFFF,0,Geary Blvd & 32nd Ave@@@90,Geary Blvd & 32nd Ave@@@42,,08:21:49,22:54:49,20.05,,20.05,,0,0,0,0,0,1,1
13555,33rd Ave & Clement St,1,CALIFORNIA,3,005B95,FFFFFF,1,California St & Presidio Ave@@@18###Clay St & Drumm St@@@204,Clay St & Drumm St@@@84,,05:00:35,24:27:35,10.0,,10.0,,0,0,0,0,0,1,1
13555,33rd Ave & Clement St,18,46TH AVENUE,3,005B95,FFFFFF,0,19th Ave & Buckingham/Stonestown@@@16,,,19:20:25,21:59:25,,,,,0,0,0,0,0,1,1
13555,33rd Ave & Clement St,18,46TH AVENUE,3,005B95,FFFFFF,1,Legion Of Honor@@@74,Legion Of Honor@@@42,,06:34:27,18:38:27,20.05,,20.05,,0,0,0,0,0,1,1
13556,33rd Ave & Clement St,18,46TH AVENUE,3,005B95,FFFFFF,0,19th Ave & Buckingham/Stonestown@@@96,19th Ave & Buckingham/Stonestown@@@42,,06:02:18,22:02:32,20.0,,20.0,,0,0,0,0,0,1,1
13558,33rd Ave & Geary Blvd,18,46TH AVENUE,3,005B95,FFFFFF,0,19th Ave & Buckingham/Stonestown@@@96,19th Ave & Buckingham/Stonestown@@@42,,06:03:00,22:03:00,20.0,,20.0,,0,0,0,0,0,1,1
13559,33rd Ave & Geary Blvd,18,46TH AVENUE,3,005B95,FFFFFF,0,19th Ave & Buckingham/Stonestown@@@16,,,19:20:00,21:59:00,,,,,0,0,0,0,0,1,1
13559,33rd Ave & Geary Blvd,18,46TH AVENUE,3,005B95,FFFFFF,1,33rd Ave & Geary Blvd@@@22###Legion Of Honor@@@74,Legion Of Honor@@@42,,06:34:00,22:24:00,20.05,,20.05,,0,0,0,0,0,1,1
13560,33rd Ave & Geary Blvd,38,GEARY,3,005B95,FFFFFF,0,Geary Blvd & 32nd Ave@@@90,Geary Blvd & 32nd Ave@@@42,,08:21:00,22:54:00,20.05,,20.05,,0,0,0,0,0,1,1
13561,36th Ave & Lincoln Way,29,SUNSET,3,005B95,FFFFFF,1,25th Ave & California St@@@22###Bowley St & Lincoln Blvd@@@142,Bowley St & Lincoln Blvd@@@68,,05:44:22,24:41:31,12.181818181818182,,12.181818181818182,,0,0,0,0,0,1,1
13562,37th Ave & Lincoln Way,29,SUNSET,3,005B95,FFFFFF,0,Fitzgerald Ave & Keith St@@@168,Fitzgerald Ave & Keith St@@@70,,05:09:55,24:08:55,12.294117647058824,,12.294117647058824,,0,0,0,0,0,1,1
13563,39th Ave & Quintara St,48,QUINTARA-24TH STREET,3,005B95,FFFFFF,0,Lower Great Hwy & Rivera St@@@110,Lower Great Hwy & Rivera St@@@42,,05:41:46,24:42:08,20.0,,20.0,,0,0,0,0,0,1,1
13564,39th Ave & Rivera St,48,QUINTARA-24TH STREET,3,005B95,FFFFFF,0,Lower Great Hwy & Rivera St@@@110,Lower Great Hwy & Rivera St@@@42,,05:41:15,24:41:30,19.95,,19.95,,0,0,0,0,0,1,1
13565,39th Ave & Rivera St,48,QUINTARA-24TH STREET,3,005B95,FFFFFF,1,22nd St Caltrain Station/Iowa@@@108,22nd St Caltrain Station/Iowa@@@42,,05:23:37,24:03:37,20.05,,20.05,,0,0,0,0,0,1,1
13566,42nd Ave & Clement St,38,GEARY,3,005B95,FFFFFF,0,48th Ave & Point Lobos Ave@@@28###V.A. Hospital@@@82,V.A. Hospital@@@42,,06:09:34,24:26:34,20.05,,20.05,,0,0,0,0,0,1,1
13567,43rd Ave & Clement St,38,GEARY,3,005B95,FFFFFF,0,48th Ave & Point Lobos Ave@@@28,,,06:11:26,24:28:26,,,,,0,0,0,0,0,1,1
13567,43rd Ave & Clement St,38,GEARY,3,005B95,FFFFFF,1,Transit Center Bay D@@@90,Transit Center Bay D@@@42,,06:08:33,20:49:33,20.0,,20.0,,0,0,0,0,0,1,1
13568,43rd Ave & Point Lobos Ave,38,GEARY,3,005B95,FFFFFF,0,48th Ave & Point Lobos Ave@@@28,,,06:11:43,24:28:43,,,,,0,0,0,0,0,1,1
13568,43rd Ave & Point Lobos Ave,38,GEARY,3,005B95,FFFFFF,1,Transit Center Bay D@@@90,Transit Center Bay D@@@42,,06:08:51,20:49:51,20.0,,20.0,,0,0,0,0,0,1,1
13570,45th Ave & Balboa St,18,46TH AVENUE,3,005B95,FFFFFF,1,33rd Ave & Geary Blvd@@@22###Legion Of Honor@@@74,Legion Of Honor@@@42,,06:29:35,22:18:51,20.05,,20.05,,0,0,0,0,0,1,1
13570,45th Ave & Balboa St,31,BALBOA,3,005B95,FFFFFF,1,Cyril Magnin St & Market St@@@98###Masonic Ave & Geary Blvd@@@12,Cyril Magnin St & Market St@@@42,,05:01:41,22:41:41,20.0,,20.0,,0,0,0,0,0,1,1
13571,45th Ave & Balboa St,18,46TH AVENUE,3,005B95,FFFFFF,0,19th Ave & Buckingham/Stonestown@@@96,19th Ave & Buckingham/Stonestown@@@42,,06:07:32,22:08:17,20.0,,20.0,,0,0,0,0,0,1,1
13571,45th Ave & Balboa St,31,BALBOA,3,005B95,FFFFFF,0,Cabrillo St & La Playa St@@@110,Cabrillo St & La Playa St@@@40,,04:48:28,22:35:28,20.473684210526315,,20.473684210526315,,0,0,0,0,0,1,1
13572,45th Ave & Cabrillo St,18,46TH AVENUE,3,005B95,FFFFFF,1,33rd Ave & Geary Blvd@@@22###Legion Of Honor@@@74,Legion Of Honor@@@42,,06:29:03,22:18:14,20.05,,20.05,,0,0,0,0,0,1,1
13572,45th Ave & Cabrillo St,31,BALBOA,3,005B95,FFFFFF,1,Cyril Magnin St & Market St@@@98###Masonic Ave & Geary Blvd@@@12,Cyril Magnin St & Market St@@@42,,05:01:10,22:41:10,20.0,,20.0,,0,0,0,0,0,1,1
13573,45th Ave & Cabrillo St,18,46TH AVENUE,3,005B95,FFFFFF,0,19th Ave & Buckingham/Stonestown@@@96,19th Ave & Buckingham/Stonestown@@@42,,06:08:04,22:08:54,20.0,,20.0,,0,0,0,0,0,1,1
13573,45th Ave & Cabrillo St,31,BALBOA,3,005B95,FFFFFF,0,Cabrillo St & La Playa St@@@110,Cabrillo St & La Playa St@@@40,,04:49:02,22:36:02,20.42105263157895,,20.42105263157895,,0,0,0,0,0,1,1
13574,46th Ave & Irving St,18,46TH AVENUE,3,005B95,FFFFFF,0,19th Ave & Buckingham/Stonestown@@@96,19th Ave & Buckingham/Stonestown@@@42,,06:13:22,22:14:22,20.0,,20.0,,0,0,0,0,0,1,1
13575,46th Ave & Irving St,18,46TH AVENUE,3,005B95,FFFFFF,1,33rd Ave & Geary Blvd@@@22###Legion Of Honor@@@74,Legion Of Honor@@@42,,06:24:25,22:13:25,20.05,,20.05,,0,0,0,0,0,1,1
13576,46th Ave & Judah St,18,46TH AVENUE,3,005B95,FFFFFF,0,19th Ave & Buckingham/Stonestown@@@96,19th Ave & Buckingham/Stonestown@@@42,,06:14:00,22:15:00,20.0,,20.0,,0,0,0,0,0,1,1
13577,46th Ave & Judah St,18,46TH AVENUE,3,005B95,FFFFFF,1,33rd Ave & Geary Blvd@@@22###Legion Of Honor@@@74,Legion Of Honor@@@42,,06:24:00,22:13:00,20.05,,20.05,,0,0,0,0,0,1,1
13578,46th Ave & Kirkham St,18,46TH AVENUE,3,005B95,FFFFFF,0,19th Ave & Buckingham/Stonestown@@@96,19th Ave & Buckingham/Stonestown@@@42,,06:14:34,22:15:34,20.0,,20.0,,0,0,0,0,0,1,1
13579,46th Ave & Kirkham St,18,46TH AVENUE,3,005B95,FFFFFF,1,33rd Ave & Geary Blvd@@@22###Legion Of Honor@@@74,Legion Of Honor@@@42,,06:23:22,22:12:27,20.05,,20.05,,0,0,0,0,0,1,1
13580,46th Ave & Lawton St,18,46TH AVENUE,3,005B95,FFFFFF,0,19th Ave & Buckingham/Stonestown@@@96,19th Ave & Buckingham/Stonestown@@@42,,06:15:08,22:16:08,20.0,,20.0,,0,0,0,0,0,1,1
13581,46th Ave & Lawton St,18,46TH AVENUE,3,005B95,FFFFFF,1,33rd Ave & Geary Blvd@@@22###Legion Of Honor@@@74,Legion Of Honor@@@42,,06:22:50,22:12:00,20.05,,20.05,,0,0,0,0,0,1,1
13582,46th Ave & Lincoln Way,18,46TH AVENUE,3,005B95,FFFFFF,1,33rd Ave & Geary Blvd@@@22###Legion Of Honor@@@74,Legion Of Honor@@@42,,06:24:50,22:13:50,20.05,,20.05,,0,0,0,0,0,1,1
13583,46th Ave & Lincoln Way,18,46TH AVENUE,3,005B95,FFFFFF,0,19th Ave & Buckingham/Stonestown@@@96,19th Ave & Buckingham/Stonestown@@@42,,06:12:53,22:13:53,20.0,,20.0,,0,0,0,0,0,1,1
13584,46th Ave & Moraga St,18,46TH AVENUE,3,005B95,FFFFFF,0,19th Ave & Buckingham/Stonestown@@@96,19th Ave & Buckingham/Stonestown@@@42,,06:15:43,22:16:43,20.0,,20.0,,0,0,0,0,0,1,1
13585,46th Ave & Moraga St,18,46TH AVENUE,3,005B95,FFFFFF,1,33rd Ave & Geary Blvd@@@22###Legion Of Honor@@@74,Legion Of Honor@@@42,,06:22:18,22:11:33,20.05,,20.05,,0,0,0,0,0,1,1
13586,46th Ave & Noriega St,18,46TH AVENUE,3,005B95,FFFFFF,1,33rd Ave & Geary Blvd@@@22###Legion Of Honor@@@74,Legion Of Honor@@@42,,06:21:45,22:11:04,20.05,,20.05,,0,0,0,0,0,1,1
13587,46th Ave & Noriega St,18,46TH AVENUE,3,005B95,FFFFFF,0,19th Ave & Buckingham/Stonestown@@@96,19th Ave & Buckingham/Stonestown@@@42,,06:16:21,22:17:21,20.0,,20.0,,0,0,0,0,0,1,1
13588,46th Ave & Ortega St,18,46TH AVENUE,3,005B95,FFFFFF,0,19th Ave & Buckingham/Stonestown@@@96,19th Ave & Buckingham/Stonestown@@@42,,06:16:52,22:17:52,20.0,,20.0,,0,0,0,0,0,1,1
13589,46th Ave & Ortega St,18,46TH AVENUE,3,005B95,FFFFFF,1,33rd Ave & Geary Blvd@@@22###Legion Of Honor@@@74,Legion Of Honor@@@42,,06:21:14,22:10:38,20.05,,20.05,,0,0,0,0,0,1,1
13590,46th Ave & Pacheco St,18,46TH AVENUE,3,005B95,FFFFFF,0,19th Ave & Buckingham/Stonestown@@@96,19th Ave & Buckingham/Stonestown@@@42,,06:17:26,22:18:26,20.0,,20.0,,0,0,0,0,0,1,1
13591,46th Ave & Pacheco St,18,46TH AVENUE,3,005B95,FFFFFF,1,33rd Ave & Geary Blvd@@@22###Legion Of Honor@@@74,Legion Of Honor@@@42,,06:20:43,22:10:11,20.05,,20.05,,0,0,0,0,0,1,1
13592,46th Ave & Quintara St,18,46TH AVENUE,3,005B95,FFFFFF,0,19th Ave & Buckingham/Stonestown@@@96,19th Ave & Buckingham/Stonestown@@@42,,06:18:00,22:19:00,20.0,,20.0,,0,0,0,0,0,1,1
13593,46th Ave & Quintara St,18,46TH AVENUE,3,005B95,FFFFFF,1,33rd Ave & Geary Blvd@@@22###Legion Of Honor@@@74,Legion Of Honor@@@42,,06:20:11,22:09:43,20.05,,20.05,,0,0,0,0,0,1,1
13593,46th Ave & Quintara St,48,QUINTARA-24TH STREET,3,005B95,FFFFFF,1,22nd St Caltrain Station/Iowa@@@108,22nd St Caltrain Station/Iowa@@@42,,05:21:11,24:01:11,20.0,,20.0,,0,0,0,0,0,1,1
13594,46th Ave & Rivera St,18,46TH AVENUE,3,005B95,FFFFFF,0,19th Ave & Buckingham/Stonestown@@@96,19th Ave & Buckingham/Stonestown@@@42,,06:18:35,22:19:35,20.0,,20.0,,0,0,0,0,0,1,1
13595,46th Ave & Rivera St,18,46TH AVENUE,3,005B95,FFFFFF,1,33rd Ave & Geary Blvd@@@22###Legion Of Honor@@@74,Legion Of Honor@@@42,,06:19:39,22:09:16,20.05,,20.05,,0,0,0,0,0,1,1
13596,46th Ave & Santiago St,18,46TH AVENUE,3,005B95,FFFFFF,0,19th Ave & Buckingham/Stonestown@@@96,19th Ave & Buckingham/Stonestown@@@42,,06:19:09,22:20:09,20.0,,20.0,,0,0,0,0,0,1,1
13597,46th Ave & Santiago St,18,46TH AVENUE,3,005B95,FFFFFF,1,33rd Ave & Geary Blvd@@@22###Legion Of Honor@@@74,Legion Of Honor@@@40,,06:19:07,22:08:49,20.05263157894737,,20.05263157894737,,0,0,0,0,0,1,1
13598,46th Ave & Taraval St,18,46TH AVENUE,3,005B95,FFFFFF,0,19th Ave & Buckingham/Stonestown@@@96,19th Ave & Buckingham/Stonestown@@@40,,06:19:44,22:20:44,20.0,,20.0,,0,0,0,0,0,1,1
13599,46th Ave & Taraval St,18,46TH AVENUE,3,005B95,FFFFFF,1,33rd Ave & Geary Blvd@@@22###Legion Of Honor@@@74,Legion Of Honor@@@42,,06:18:35,22:08:21,20.05,,20.05,,0,0,0,0,0,1,1
13599,46th Ave & Taraval St,L,TARAVAL,0,942D83,FFFFFF,1,Metro Embarcadero Station@@@138###The Embarcadero & Folsom St@@@6###Ulloa St & West Portal Ave@@@24,Metro Embarcadero Station@@@70,,06:01:57,24:33:57,12.088235294117647,,12.088235294117647,,0,0,0,0,0,1,1
13599,46th Ave & Taraval St,LOWL,OWL TARAVAL,3,666666,FFFFFF,1,Jones St & Beach St@@@30,,Jones St & Beach St@@@20,24:01:34,29:51:34,,25.0,,25.0,0,0,0,0,0,1,1
13600,46th Ave & Ulloa St,18,46TH AVENUE,3,005B95,FFFFFF,0,19th Ave & Buckingham/Stonestown@@@96,19th Ave & Buckingham/Stonestown@@@42,,06:20:18,22:21:18,20.05,,20.05,,0,0,0,0,0,1,1
13600,46th Ave & Ulloa St,L,TARAVAL,0,942D83,FFFFFF,0,47th Ave & Cutler Ave@@@168,47th Ave & Cutler Ave@@@70,,05:37:48,24:25:34,12.058823529411764,,12.058823529411764,,0,0,0,0,0,1,1
13600,46th Ave & Ulloa St,LOWL,OWL TARAVAL,3,666666,FFFFFF,0,Wawona/46th Ave /Sf Zoo@@@28,,Wawona/46th Ave /Sf Zoo@@@20,24:31:35,29:56:35,,25.0,,25.0,0,0,0,0,0,1,1
13601,46th Ave & Ulloa St,18,46TH AVENUE,3,005B95,FFFFFF,1,33rd Ave & Geary Blvd@@@22###Legion Of Honor@@@74,Legion Of Honor@@@42,,06:18:03,22:07:54,20.05,,20.05,,0,0,0,0,0,1,1
13601,46th Ave & Ulloa St,L,TARAVAL,0,942D83,FFFFFF,1,Metro Embarcadero Station@@@138###The Embarcadero & Folsom St@@@6###Ulloa St & West Portal Ave@@@24,Metro Embarcadero Station@@@70,,06:01:18,24:33:18,12.088235294117647,,12.088235294117647,,0,0,0,0,0,1,1
13601,46th Ave & Ulloa St,LOWL,OWL TARAVAL,3,666666,FFFFFF,1,Jones St & Beach St@@@30,,Jones St & Beach St@@@20,24:01:02,29:51:02,,25.0,,25.0,0,0,0,0,0,1,1
13602,46th Ave & Vicente St,18,46TH AVENUE,3,005B95,FFFFFF,0,19th Ave & Buckingham/Stonestown@@@96,19th Ave & Buckingham/Stonestown@@@42,,06:20:52,22:21:52,20.05,,20.05,,0,0,0,0,0,1,1
13602,46th Ave & Vicente St,L,TARAVAL,0,942D83,FFFFFF,0,47th Ave & Cutler Ave@@@168,47th Ave & Cutler Ave@@@70,,05:38:31,24:26:25,12.058823529411764,,12.058823529411764,,0,0,0,0,0,1,1
13602,46th Ave & Vicente St,LOWL,OWL TARAVAL,3,666666,FFFFFF,0,Wawona/46th Ave /Sf Zoo@@@28,,Wawona/46th Ave /Sf Zoo@@@20,24:32:06,29:57:06,,25.0,,25.0,0,0,0,0,0,1,1
13603,46th Ave & Vicente St,18,46TH AVENUE,3,005B95,FFFFFF,1,33rd Ave & Geary Blvd@@@22###Legion Of Honor@@@74,Legion Of Honor@@@42,,06:17:31,22:07:27,20.05,,20.05,,0,0,0,0,0,1,1
13603,46th Ave & Vicente St,L,TARAVAL,0,942D83,FFFFFF,1,Metro Embarcadero Station@@@138###The Embarcadero & Folsom St@@@6###Ulloa St & West Portal Ave@@@24,Metro Embarcadero Station@@@70,,06:00:40,24:32:40,12.088235294117647,,12.088235294117647,,0,0,0,0,0,1,1
13603,46th Ave & Vicente St,LOWL,OWL TARAVAL,3,666666,FFFFFF,1,Jones St & Beach St@@@30,,Jones St & Beach St@@@20,24:00:31,29:50:31,,25.0,,25.0,0,0,0,0,0,1,1
13604,46th Ave & Wawona St,18,46TH AVENUE,3,005B95,FFFFFF,1,33rd Ave & Geary Blvd@@@22###Legion Of Honor@@@74,Legion Of Honor@@@42,,06:17:00,22:07:00,20.05,,20.05,,0,0,0,0,0,1,1
13606,47th Ave & Wawona St,18,46TH AVENUE,3,005B95,FFFFFF,0,19th Ave & Buckingham/Stonestown@@@96,19th Ave & Buckingham/Stonestown@@@42,,06:22:00,22:23:00,20.05,,20.05,,0,0,0,0,0,1,1
13608,48th Ave & Point Lobos Ave,38,GEARY,3,005B95,FFFFFF,1,Transit Center Bay D@@@46,,Transit Center Bay D@@@14,05:29:00,29:15:00,,30.0,,30.0,0,0,0,0,0,1,1
13608,48th Ave & Point Lobos Ave,38R,GEARY RAPID,3,BF2B45,FFFFFF,1,Transit Center Bay C@@@174,Transit Center Bay C@@@86,,06:00:00,21:00:00,10.0,,10.0,,0,0,0,0,0,1,1
13612,Cyril Magnin St & Market St,31,BALBOA,3,005B95,FFFFFF,0,Cabrillo St & La Playa St@@@98,Cabrillo St & La Playa St@@@42,,05:45:00,22:00:00,20.05,,20.05,,0,0,0,0,0,1,1
13613,46 Addison St,35,EUREKA,3,005B95,FFFFFF,1,Market St & Castro St@@@56,Market St & Castro St@@@28,,07:23:40,20:54:40,30.076923076923077,,30.076923076923077,,0,0,0,0,0,1,1
13614,164 Addison  St,35,EUREKA,3,005B95,FFFFFF,1,Market St & Castro St@@@56,Market St & Castro St@@@28,,07:24:18,20:55:18,30.076923076923077,,30.076923076923077,,0,0,0,0,0,1,1
13615,Addison St & Diamond Heights Blvd,35,EUREKA,3,005B95,FFFFFF,0,Bosworth St & Diamond St@@@58,Bosworth St & Diamond St@@@28,,07:10:59,21:11:59,30.076923076923077,,30.076923076923077,,0,0,0,0,0,1,1
13616,Addison  St & Digby St,35,EUREKA,3,005B95,FFFFFF,1,Market St & Castro St@@@56,Market St & Castro St@@@28,,07:24:59,20:55:59,30.076923076923077,,30.076923076923077,,0,0,0,0,0,1,1
13617,Addison  St & Farnum St,35,EUREKA,3,005B95,FFFFFF,1,Market St & Castro St@@@56,Market St & Castro St@@@28,,07:25:09,20:56:09,30.076923076923077,,30.076923076923077,,0,0,0,0,0,1,1
13618,Addison  St & Farnum St,35,EUREKA,3,005B95,FFFFFF,0,Bosworth St & Diamond St@@@58,Bosworth St & Diamond St@@@28,,07:11:27,21:12:27,30.076923076923077,,30.076923076923077,,0,0,0,0,0,1,1
13619,Alana Way & Thomas Mellon Cir,56,RUTLAND,3,005B95,FFFFFF,0,San Bruno Ave & Arleta Ave@@@20,,,18:11:31,21:11:31,,,,,0,0,0,0,0,1,1
13619,Alana Way & Thomas Mellon Cir,56,RUTLAND,3,005B95,FFFFFF,1,Visitacion Valley Middle School@@@68,Visitacion Valley Middle School@@@42,,07:00:33,18:00:33,20.0,,20.0,,0,0,0,0,0,1,1
13621,Alemany Blvd & Arch St,54,FELTON,3,005B95,FFFFFF,0,Daly City BART Stop A2@@@94,Daly City BART Stop A2@@@40,,06:28:00,22:40:00,20.263157894736842,,20.263157894736842,,0,0,0,0,0,1,1
13622,Alemany Blvd & Arch St,54,FELTON,3,005B95,FFFFFF,1,Newhall St & Hudson@@@96,Newhall St & Hudson@@@42,,05:38:00,21:58:00,20.0,,20.0,,0,0,0,0,0,1,1
13628,Alemany Blvd & St Charles Ave,54,FELTON,3,005B95,FFFFFF,1,Newhall St & Hudson@@@96,Newhall St & Hudson@@@42,,05:37:26,21:57:26,20.0,,20.0,,0,0,0,0,0,1,1
13628,Alemany Blvd & St Charles Ave,57,PARKMERCED,3,005B95,FFFFFF,1,Ulloa St & West Portal Ave@@@92,Ulloa St & West Portal Ave@@@34,,05:05:57,22:06:14,25.25,,25.25,,0,0,0,0,0,1,1
13628,Alemany Blvd & St Charles Ave,58,LAKE MERCED,3,005B95,FFFFFF,1,Buckingham Ave & 19th Ave@@@66,Buckingham Ave & 19th Ave@@@28,,06:10:17,22:10:17,30.0,,30.0,,0,0,0,0,0,1,1
13630,Alemany Blvd & Victoria St,54,FELTON,3,005B95,FFFFFF,0,Daly City BART Stop A2@@@94,Daly City BART Stop A2@@@40,,06:27:42,22:39:42,20.263157894736842,,20.263157894736842,,0,0,0,0,0,1,1
13631,Alemany Blvd & Victoria St,54,FELTON,3,005B95,FFFFFF,1,Newhall St & Hudson@@@96,Newhall St & Hudson@@@42,,05:38:30,21:58:30,20.0,,20.0,,0,0,0,0,0,1,1
13641,Arch St & Alemany Blvd,57,PARKMERCED,3,005B95,FFFFFF,0,Daly City BART Stop B3@@@92,Daly City BART Stop B3@@@32,,05:17:48,22:19:48,25.4,,25.4,,0,0,0,0,0,1,1
13641,Arch St & Alemany Blvd,58,LAKE MERCED,3,005B95,FFFFFF,0,Mission St & Flournoy@@@66,Mission St & Flournoy@@@28,,06:25:48,22:25:48,30.0,,30.0,,0,0,0,0,0,1,1
13642,Arguello Blvd & Balboa St,33,ASHBURY-18TH ST,3,005B95,FFFFFF,0,25th St & Potrero Ave@@@98,25th St & Potrero Ave@@@44,,05:18:41,21:56:47,19.333333333333332,,19.333333333333332,,0,0,0,0,0,1,1
13643,Arguello Blvd & California St,33,ASHBURY-18TH ST,3,005B95,FFFFFF,1,Arguello Blvd & California St@@@14###Sacramento St & Cherry St@@@84,Sacramento St & Cherry St@@@40,,06:33:00,23:23:00,21.157894736842106,,21.157894736842106,,0,0,0,0,0,1,1
13644,Arguello Blvd & California St,33,ASHBURY-18TH ST,3,005B95,FFFFFF,0,25th St & Potrero Ave@@@98,25th St & Potrero Ave@@@44,,05:15:40,21:52:55,19.333333333333332,,19.333333333333332,,0,0,0,0,0,1,1
13645,Arguello Blvd & Clement St,33,ASHBURY-18TH ST,3,005B95,FFFFFF,0,25th St & Potrero Ave@@@98,25th St & Potrero Ave@@@44,,05:16:33,21:54:03,19.285714285714285,,19.285714285714285,,0,0,0,0,0,1,1
13647,Arguello Blvd & Euclid Ave,33,ASHBURY-18TH ST,3,005B95,FFFFFF,1,Arguello Blvd & California St@@@14###Sacramento St & Cherry St@@@84,Sacramento St & Cherry St@@@40,,06:32:30,23:22:16,21.157894736842106,,21.157894736842106,,0,0,0,0,0,1,1
13648,Arguello Blvd & Fulton St,33,ASHBURY-18TH ST,3,005B95,FFFFFF,1,Arguello Blvd & California St@@@14###Sacramento St & Cherry St@@@84,Sacramento St & Cherry St@@@40,,06:29:45,23:18:07,21.105263157894736,,21.105263157894736,,0,0,0,0,0,1,1
13649,Arguello Blvd & Geary Blvd,33,ASHBURY-18TH ST,3,005B95,FFFFFF,0,25th St & Potrero Ave@@@98,25th St & Potrero Ave@@@44,,05:17:08,21:54:48,19.333333333333332,,19.333333333333332,,0,0,0,0,0,1,1
13650,Arguello Blvd & Geary Blvd,33,ASHBURY-18TH ST,3,005B95,FFFFFF,1,Arguello Blvd & California St@@@14###Sacramento St & Cherry St@@@84,Sacramento St & Cherry St@@@40,,06:31:43,23:21:05,21.157894736842106,,21.157894736842106,,0,0,0,0,0,1,1
13651,Arguello Blvd & Turk St,33,ASHBURY-18TH ST,3,005B95,FFFFFF,1,Arguello Blvd & California St@@@14###Sacramento St & Cherry St@@@84,Sacramento St & Cherry St@@@40,,06:30:39,23:19:29,21.105263157894736,,21.105263157894736,,0,0,0,0,0,1,1
13656,Ashbury St & Clifford Ter,33,ASHBURY-18TH ST,3,005B95,FFFFFF,1,Arguello Blvd & California St@@@14###Sacramento St & Cherry St@@@84,Sacramento St & Cherry St@@@40,,06:23:09,23:08:36,20.68421052631579,,20.68421052631579,,0,0,0,0,0,1,1
13657,Ashbury St & Clifford Ter,33,ASHBURY-18TH ST,3,005B95,FFFFFF,0,25th St & Potrero Ave@@@98,25th St & Potrero Ave@@@44,,05:26:41,22:06:59,19.428571428571427,,19.428571428571427,,0,0,0,0,0,1,1
13659,Ashbury St & Clayton St,33,ASHBURY-18TH ST,3,005B95,FFFFFF,1,Arguello Blvd & California St@@@14###Sacramento St & Cherry St@@@84,Sacramento St & Cherry St@@@40,,06:22:38,23:07:53,20.736842105263158,,20.736842105263158,,0,0,0,0,0,1,1
13661,Ashbury St & Frederick St,33,ASHBURY-18TH ST,3,005B95,FFFFFF,1,Arguello Blvd & California St@@@14###Sacramento St & Cherry St@@@84,Sacramento St & Cherry St@@@40,,06:24:09,23:10:01,20.736842105263158,,20.736842105263158,,0,0,0,0,0,1,1
13662,Ashbury St & Haight St,33,ASHBURY-18TH ST,3,005B95,FFFFFF,1,Arguello Blvd & California St@@@14###Sacramento St & Cherry St@@@84,Sacramento St & Cherry St@@@42,,06:25:07,23:11:22,21.0,,21.0,,0,0,0,0,0,1,1
13662,Ashbury St & Haight St,37,CORBETT,3,005B95,FFFFFF,0,Parkridge Dr & Burnett Ave@@@54,Parkridge Dr & Burnett Ave@@@28,,09:05:12,22:05:12,30.0,,30.0,,0,0,0,0,0,1,1
13663,Ashbury St & Piedmont St,33,ASHBURY-18TH ST,3,005B95,FFFFFF,0,25th St & Potrero Ave@@@98,25th St & Potrero Ave@@@44,,05:26:17,22:06:29,19.476190476190474,,19.476190476190474,,0,0,0,0,0,1,1
13664,Ashbury St & Piedmont St,33,ASHBURY-18TH ST,3,005B95,FFFFFF,1,Arguello Blvd & California St@@@14###Sacramento St & Cherry St@@@84,Sacramento St & Cherry St@@@40,,06:23:27,23:09:02,20.736842105263158,,20.736842105263158,,0,0,0,0,0,1,1
13665,Ashbury St & Waller St,33,ASHBURY-18TH ST,3,005B95,FFFFFF,0,25th St & Potrero Ave@@@98,25th St & Potrero Ave@@@42,,05:24:54,22:04:43,19.35,,19.35,,0,0,0,0,0,1,1
13666,Ashbury St & Waller St,33,ASHBURY-18TH ST,3,005B95,FFFFFF,1,Arguello Blvd & California St@@@14###Sacramento St & Cherry St@@@84,Sacramento St & Cherry St@@@42,,06:24:48,23:10:55,20.95,,20.95,,0,0,0,0,0,1,1
13670,Avenue B & Gateview Ave,25,TREASURE ISLAND,3,005B95,FFFFFF,1,Transit Center Bay 29@@@82###Transit Center Bay E@@@28,Transit Center Bay 29@@@34,Transit Center Bay E@@@18,06:41:10,30:19:10,25.0,30.0,25.0,30.0,0,0,0,0,0,1,1
13680,Avalon Ave & La Grande Ave,54,FELTON,3,005B95,FFFFFF,1,Newhall St & Hudson@@@96,Newhall St & Hudson@@@40,,05:55:54,22:17:53,20.105263157894736,,20.105263157894736,,0,0,0,0,0,1,1
13681,Avalon Ave & La Grande Ave,54,FELTON,3,005B95,FFFFFF,0,Daly City BART Stop A2@@@94,Daly City BART Stop A2@@@42,,06:10:08,22:21:38,20.1,,20.1,,0,0,0,0,0,1,1
13682,Avalon Ave & Peru Ave,54,FELTON,3,005B95,FFFFFF,1,Newhall St & Hudson@@@96,Newhall St & Hudson@@@40,,05:56:08,22:18:10,20.105263157894736,,20.105263157894736,,0,0,0,0,0,1,1
13685,Bacon St & Girard St,54,FELTON,3,005B95,FFFFFF,0,Daly City BART Stop A2@@@94,Daly City BART Stop A2@@@42,,06:03:22,22:15:20,20.05,,20.05,,0,0,0,0,0,1,1
13686,Bacon St & Girard St,54,FELTON,3,005B95,FFFFFF,1,Newhall St & Hudson@@@96,Newhall St & Hudson@@@42,,06:03:38,22:26:35,20.15,,20.15,,0,0,0,0,0,1,1
13687,Bacon St & Goettingen St,54,FELTON,3,005B95,FFFFFF,0,Daly City BART Stop A2@@@94,Daly City BART Stop A2@@@42,,06:03:51,22:15:47,20.1,,20.1,,0,0,0,0,0,1,1
13688,Bacon St & Goettingen St,54,FELTON,3,005B95,FFFFFF,1,Newhall St & Hudson@@@96,Newhall St & Hudson@@@42,,06:03:05,22:25:58,20.1,,20.1,,0,0,0,0,0,1,1
13689,Beverly St & Garfield St,29,SUNSET,3,005B95,FFFFFF,0,Fitzgerald Ave & Keith St@@@168,Fitzgerald Ave & Keith St@@@68,,05:25:40,24:24:40,12.424242424242424,,12.424242424242424,,0,0,0,0,0,1,1
13690,Bernal Heights Blvd & Bradford St,67,BERNAL HEIGHTS,3,005B95,FFFFFF,0,Ellsworth St & Crescent Ave@@@98,Ellsworth St & Crescent Ave@@@42,,06:07:09,22:05:09,19.9,,19.9,,0,0,0,0,0,1,1
13691,Bernal Heights Blvd & Powhattan Ave,67,BERNAL HEIGHTS,3,005B95,FFFFFF,1,24th St & Mission St@@@98,24th St & Mission St@@@42,,06:18:22,22:15:22,19.9,,19.9,,0,0,0,0,0,1,1
13692,Blanken Ave & Tunnel Ave,56,RUTLAND,3,005B95,FFFFFF,0,San Bruno Ave & Arleta Ave@@@20,,,18:14:37,21:14:37,,,,,0,0,0,0,0,1,1
13692,Blanken Ave & Tunnel Ave,56,RUTLAND,3,005B95,FFFFFF,1,Visitacion Valley Middle School@@@68,Visitacion Valley Middle School@@@42,,07:03:58,18:03:58,20.0,,20.0,,0,0,0,0,0,1,1
13693,Bemis St & Addison  St,35,EUREKA,3,005B95,FFFFFF,0,Bosworth St & Diamond St@@@58,Bosworth St & Diamond St@@@28,,07:14:37,21:15:37,30.076923076923077,,30.076923076923077,,0,0,0,0,0,1,1
13694,Bosworth St & Elk St,44,O'SHAUGHNESSY,3,005B95,FFFFFF,0,Hudson Ave & 3rd St@@@166,Hudson Ave & 3rd St@@@70,,06:17:01,24:23:42,12.088235294117647,,12.088235294117647,,0,0,0,0,0,1,1
13695,Bosworth St & Diamond St,44,O'SHAUGHNESSY,3,005B95,FFFFFF,1,Bosworth St & Diamond St@@@20###California St & 6th Ave@@@170,California St & 6th Ave@@@70,Bosworth St & Diamond St@@@14,05:23:00,29:31:00,12.0,,12.0,,0,0,0,0,0,1,1
13695,Bosworth St & Diamond St,52,EXCELSIOR,3,005B95,FFFFFF,1,Laguna Honda Blvd/Forest Hill Sta@@@58,Laguna Honda Blvd/Forest Hill Sta@@@28,,08:11:00,22:10:00,30.307692307692307,,30.307692307692307,,0,0,0,0,0,1,1
13696,Bosworth St & Diamond St,35,EUREKA,3,005B95,FFFFFF,1,Market St & Castro St@@@56,Market St & Castro St@@@28,,07:19:00,20:50:00,30.076923076923077,,30.076923076923077,,0,0,0,0,0,1,1
13696,Bosworth St & Diamond St,44,O'SHAUGHNESSY,3,005B95,FFFFFF,0,Hudson Ave & 3rd St@@@186,Hudson Ave & 3rd St@@@70,Hudson Ave & 3rd St@@@14,06:18:00,29:35:00,12.088235294117647,32.166666666666664,12.088235294117647,32.166666666666664,0,0,0,0,0,1,1
13696,Bosworth St & Diamond St,52,EXCELSIOR,3,005B95,FFFFFF,0,Dublin St & La Grande Ave@@@58,Dublin St & La Grande Ave@@@28,,08:22:00,22:22:00,30.0,,30.0,,0,0,0,0,0,1,1
13697,Bosworth St & Elk St,44,O'SHAUGHNESSY,3,005B95,FFFFFF,1,California St & 6th Ave@@@170,California St & 6th Ave@@@70,,05:24:09,24:22:09,12.0,,12.0,,0,0,0,0,0,1,1
13698,Bosworth St & Lippard Ave,44,O'SHAUGHNESSY,3,005B95,FFFFFF,1,California St & 6th Ave@@@170,California St & 6th Ave@@@70,,05:23:19,24:21:19,12.0,,12.0,,0,0,0,0,0,1,1
13699,Bosworth St & Lippard Ave,44,O'SHAUGHNESSY,3,005B95,FFFFFF,0,Hudson Ave & 3rd St@@@166,Hudson Ave & 3rd St@@@70,,06:17:42,24:24:36,12.088235294117647,,12.088235294117647,,0,0,0,0,0,1,1
13700,Bosworth St & Marsily St,23,MONTEREY,3,005B95,FFFFFF,1,Palou Ave & 3rd St@@@66,Palou Ave & 3rd St@@@28,,06:26:25,22:26:25,30.076923076923077,,30.076923076923077,,0,0,0,0,0,1,1
13701,Bosworth St & Milton St,23,MONTEREY,3,005B95,FFFFFF,0,Sloat Blvd & 47th Ave@@@66,Sloat Blvd & 47th Ave@@@28,,06:24:04,22:24:04,29.923076923076923,,29.923076923076923,,0,0,0,0,0,1,1
13702,Bosworth St & Milton St,23,MONTEREY,3,005B95,FFFFFF,1,Palou Ave & 3rd St@@@66,Palou Ave & 3rd St@@@28,,06:26:04,22:26:04,30.076923076923077,,30.076923076923077,,0,0,0,0,0,1,1
13703,Bosworth St & Mission St,23,MONTEREY,3,005B95,FFFFFF,0,Sloat Blvd & 47th Ave@@@66,Sloat Blvd & 47th Ave@@@28,,06:23:00,22:23:00,29.923076923076923,,29.923076923076923,,0,0,0,0,0,1,1
13704,Bosworth St & Rotteck St,23,MONTEREY,3,005B95,FFFFFF,0,Sloat Blvd & 47th Ave@@@66,Sloat Blvd & 47th Ave@@@28,,06:24:53,22:24:53,29.923076923076923,,29.923076923076923,,0,0,0,0,0,1,1
13705,Lincoln Blvd & Bowley St,29,SUNSET,3,005B95,FFFFFF,0,Fitzgerald Ave & Keith St@@@154,Fitzgerald Ave & Keith St@@@68,,05:00:47,21:40:47,12.06060606060606,,12.06060606060606,,0,0,0,0,0,1,1
13705,Lincoln Blvd & Bowley St,29,SUNSET,3,005B95,FFFFFF,1,25th Ave & California St@@@22,,,21:46:47,24:53:47,,,,,0,0,0,0,0,1,1
13706,Bowley St & Lincoln Blvd,29,SUNSET,3,005B95,FFFFFF,0,Fitzgerald Ave & Keith St@@@154,Fitzgerald Ave & Keith St@@@70,,05:00:00,21:40:00,12.058823529411764,,12.058823529411764,,0,0,0,0,0,1,1
13706,Bowley St & Lincoln Blvd,29,SUNSET,3,005B95,FFFFFF,1,25th Ave & California St@@@22###Bowley St & Lincoln Blvd@@@142,Bowley St & Lincoln Blvd@@@68,,05:58:00,24:53:00,,,,,0,0,0,0,0,1,1
13708,Bradford St & Bernal Heights Blvd,67,BERNAL HEIGHTS,3,005B95,FFFFFF,1,24th St & Mission St@@@98,24th St & Mission St@@@42,,06:18:46,22:15:46,19.95,,19.95,,0,0,0,0,0,1,1
13710,Bradford St & Esmeralda Ave,67,BERNAL HEIGHTS,3,005B95,FFFFFF,1,24th St & Mission St@@@98,24th St & Mission St@@@44,,06:19:03,22:16:03,19.904761904761905,,19.904761904761905,,0,0,0,0,0,1,1
13712,Burnett Ave & Crestline Dr,37,CORBETT,3,005B95,FFFFFF,1,Masonic Ave & Haight St@@@54,Masonic Ave & Haight St@@@28,,08:50:43,21:50:43,30.0,,30.0,,0,0,0,0,0,1,1
13713,Burnett Ave & Dawnview Way,37,CORBETT,3,005B95,FFFFFF,1,Masonic Ave & Haight St@@@54,Masonic Ave & Haight St@@@28,,08:51:11,21:51:11,30.0,,30.0,,0,0,0,0,0,1,1
13715,Broad St & Capitol Ave,M,OCEAN VIEW,0,008547,FFFFFF,1,Metro Embarcadero Station@@@138###The Embarcadero & Folsom St@@@6###Ulloa St & Lenox Way@@@28,Metro Embarcadero Station@@@68,,05:05:02,23:32:02,12.06060606060606,,12.06060606060606,,0,0,0,0,0,1,1
13716,Broad St & Capitol Ave,M,OCEAN VIEW,0,008547,FFFFFF,0,San Jose Ave & Niagra Ave@@@172,San Jose Ave & Niagra Ave@@@68,,05:55:13,25:04:06,12.151515151515152,,12.151515151515152,,0,0,0,0,0,1,1
13717,Broad St & Orizaba Ave,M,OCEAN VIEW,0,008547,FFFFFF,1,Metro Embarcadero Station@@@138###The Embarcadero & Folsom St@@@6###Ulloa St & Lenox Way@@@28,Metro Embarcadero Station@@@70,,05:06:14,23:33:14,12.029411764705882,,12.029411764705882,,0,0,0,0,0,1,1
13718,Broad St & Plymouth Ave,M,OCEAN VIEW,0,008547,FFFFFF,1,Metro Embarcadero Station@@@138###The Embarcadero & Folsom St@@@6###Ulloa St & Lenox Way@@@28,Metro Embarcadero Station@@@70,,05:04:00,23:31:00,12.058823529411764,,12.058823529411764,,0,0,0,0,0,1,1
13719,Broad St & Plymouth Ave,M,OCEAN VIEW,0,008547,FFFFFF,0,San Jose Ave & Niagra Ave@@@172,San Jose Ave & Niagra Ave@@@68,,05:56:00,25:05:00,12.151515151515152,,12.151515151515152,,0,0,0,0,0,1,1
13721,Bridge View Dr & Scotia Ave,54,FELTON,3,005B95,FFFFFF,0,Daly City BART Stop A2@@@94,Daly City BART Stop A2@@@42,,06:00:56,22:12:31,20.05,,20.05,,0,0,0,0,0,1,1
13722,Bridge View Dr & Topeka Ave,54,FELTON,3,005B95,FFFFFF,1,Newhall St & Hudson@@@96,Newhall St & Hudson@@@42,,06:06:48,22:30:21,20.15,,20.15,,0,0,0,0,0,1,1
13723,Bryant St & 4th St,8,BAYSHORE,3,005B95,FFFFFF,1,Kearny St & North Point St@@@264,Kearny St & North Point St@@@118,,05:31:46,24:32:58,7.068965517241379,,7.068965517241379,,0,0,0,0,0,1,1
13724,Bryant St & 5th St,8,BAYSHORE,3,005B95,FFFFFF,1,Kearny St & North Point St@@@264,Kearny St & North Point St@@@118,,05:31:07,24:32:15,7.068965517241379,,7.068965517241379,,0,0,0,0,0,1,1
13725,Bryant St & 6th St,8,BAYSHORE,3,005B95,FFFFFF,1,Kearny St & North Point St@@@264,Kearny St & North Point St@@@120,,05:30:00,24:31:00,7.067796610169491,,7.067796610169491,,0,0,0,0,0,1,1
13730,Bryant St & 16th St,27,BRYANT,3,005B95,FFFFFF,1,Jackson St & Van Ness Ave@@@104,Jackson St & Van Ness Ave@@@42,,05:11:00,22:13:00,19.95,,19.95,,0,0,0,0,0,1,1
13731,Bryant St & 16th St,27,BRYANT,3,005B95,FFFFFF,0,24th St & Mission St@@@102,24th St & Mission St@@@42,,05:31:00,22:27:00,20.4,,20.4,,0,0,0,0,0,1,1
13732,Bryant St & 17th St,27,BRYANT,3,005B95,FFFFFF,1,Jackson St & Van Ness Ave@@@104,Jackson St & Van Ness Ave@@@42,,05:10:29,22:12:22,19.95,,19.95,,0,0,0,0,0,1,1
13733,Bryant St & 17th St,27,BRYANT,3,005B95,FFFFFF,0,24th St & Mission St@@@102,24th St & Mission St@@@42,,05:31:23,22:27:23,20.4,,20.4,,0,0,0,0,0,1,1
13734,Bryant St & 18th St,27,BRYANT,3,005B95,FFFFFF,0,24th St & Mission St@@@102,24th St & Mission St@@@42,,05:32:03,22:28:03,20.4,,20.4,,0,0,0,0,0,1,1
13735,Bryant St & 18th St,27,BRYANT,3,005B95,FFFFFF,1,Jackson St & Van Ness Ave@@@104,Jackson St & Van Ness Ave@@@42,,05:09:42,22:11:23,19.95,,19.95,,0,0,0,0,0,1,1
13736,Bryant St & 19th St,27,BRYANT,3,005B95,FFFFFF,0,24th St & Mission St@@@102,24th St & Mission St@@@42,,05:32:27,22:28:27,20.4,,20.4,,0,0,0,0,0,1,1
13737,Bryant St & 19th St,27,BRYANT,3,005B95,FFFFFF,1,Jackson St & Van Ness Ave@@@104,Jackson St & Van Ness Ave@@@42,,05:09:19,22:10:53,19.95,,19.95,,0,0,0,0,0,1,1
13738,Bryant St & 20th St,27,BRYANT,3,005B95,FFFFFF,0,24th St & Mission St@@@102,24th St & Mission St@@@42,,05:32:50,22:28:50,20.4,,20.4,,0,0,0,0,0,1,1
13739,Bryant St & 20th St,27,BRYANT,3,005B95,FFFFFF,1,Jackson St & Van Ness Ave@@@104,Jackson St & Van Ness Ave@@@42,,05:08:54,22:10:23,19.9,,19.9,,0,0,0,0,0,1,1
13740,Bryant St & 21st St,27,BRYANT,3,005B95,FFFFFF,1,Jackson St & Van Ness Ave@@@104,Jackson St & Van Ness Ave@@@42,,05:08:25,22:09:46,19.95,,19.95,,0,0,0,0,0,1,1
13741,Bryant St & 21st St,27,BRYANT,3,005B95,FFFFFF,0,24th St & Mission St@@@102,24th St & Mission St@@@42,,05:33:26,22:29:26,20.4,,20.4,,0,0,0,0,0,1,1
13742,Bryant St & 22nd St,27,BRYANT,3,005B95,FFFFFF,1,Jackson St & Van Ness Ave@@@104,Jackson St & Van Ness Ave@@@42,,05:08:01,22:09:16,19.9,,19.9,,0,0,0,0,0,1,1
13743,Bryant St & 22nd St,27,BRYANT,3,005B95,FFFFFF,0,24th St & Mission St@@@102,24th St & Mission St@@@42,,05:33:57,22:29:57,20.4,,20.4,,0,0,0,0,0,1,1
13744,Bryant St & 23rd St,27,BRYANT,3,005B95,FFFFFF,1,Jackson St & Van Ness Ave@@@104,Jackson St & Van Ness Ave@@@42,,05:07:26,22:08:32,19.9,,19.9,,0,0,0,0,0,1,1
13745,Bryant St & 23rd St,27,BRYANT,3,005B95,FFFFFF,0,24th St & Mission St@@@102,24th St & Mission St@@@42,,05:34:26,22:30:26,20.4,,20.4,,0,0,0,0,0,1,1
13746,Bryant St & 24th St,27,BRYANT,3,005B95,FFFFFF,1,Jackson St & Van Ness Ave@@@104,Jackson St & Van Ness Ave@@@42,,05:07:00,22:08:00,19.9,,19.9,,0,0,0,0,0,1,1
13747,Bryant St & 24th St,27,BRYANT,3,005B95,FFFFFF,0,24th St & Mission St@@@102,24th St & Mission St@@@42,,05:35:00,22:31:00,20.4,,20.4,,0,0,0,0,0,1,1
13748,Bryant St & 25th St,27,BRYANT,3,005B95,FFFFFF,0,24th St & Mission St@@@102,24th St & Mission St@@@42,,05:35:21,22:31:26,20.4,,20.4,,0,0,0,0,0,1,1
13749,Bryant St & 25th St,27,BRYANT,3,005B95,FFFFFF,1,Jackson St & Van Ness Ave@@@104,Jackson St & Van Ness Ave@@@42,,05:06:31,22:07:27,19.9,,19.9,,0,0,0,0,0,1,1
13750,Bryant St & 26th St,27,BRYANT,3,005B95,FFFFFF,0,24th St & Mission St@@@102,24th St & Mission St@@@42,,05:35:45,22:31:57,20.4,,20.4,,0,0,0,0,0,1,1
13751,Bryant St & 26th St,27,BRYANT,3,005B95,FFFFFF,1,Jackson St & Van Ness Ave@@@104,Jackson St & Van Ness Ave@@@42,,05:05:55,22:06:46,19.9,,19.9,,0,0,0,0,0,1,1
13756,Bryant St & Mariposa St,27,BRYANT,3,005B95,FFFFFF,0,24th St & Mission St@@@102,24th St & Mission St@@@42,,05:31:39,22:27:39,20.4,,20.4,,0,0,0,0,0,1,1
13757,Bryant St & Mariposa St,27,BRYANT,3,005B95,FFFFFF,1,Jackson St & Van Ness Ave@@@104,Jackson St & Van Ness Ave@@@42,,05:10:06,22:11:52,19.95,,19.95,,0,0,0,0,0,1,1
13758,Brazil Ave & Athens St,52,EXCELSIOR,3,005B95,FFFFFF,1,Laguna Honda Blvd/Forest Hill Sta@@@58,Laguna Honda Blvd/Forest Hill Sta@@@28,,08:01:53,22:03:15,30.307692307692307,,30.307692307692307,,0,0,0,0,0,1,1
13759,Brazil Ave & Athens St,52,EXCELSIOR,3,005B95,FFFFFF,0,Dublin St & La Grande Ave@@@58,Dublin St & La Grande Ave@@@26,,08:28:53,22:29:53,30.25,,30.25,,0,0,0,0,0,1,1
13760,Brazil Ave & Madrid St,52,EXCELSIOR,3,005B95,FFFFFF,1,Laguna Honda Blvd/Forest Hill Sta@@@58,Laguna Honda Blvd/Forest Hill Sta@@@28,,08:03:26,22:04:17,30.307692307692307,,30.307692307692307,,0,0,0,0,0,1,1
13761,Brazil Ave & Mission St,52,EXCELSIOR,3,005B95,FFFFFF,1,Laguna Honda Blvd/Forest Hill Sta@@@58,Laguna Honda Blvd/Forest Hill Sta@@@28,,08:04:57,22:05:18,30.307692307692307,,30.307692307692307,,0,0,0,0,0,1,1
13762,Brazil Ave & Moscow St,52,EXCELSIOR,3,005B95,FFFFFF,1,Laguna Honda Blvd/Forest Hill Sta@@@58,Laguna Honda Blvd/Forest Hill Sta@@@28,,08:01:30,22:03:00,30.23076923076923,,30.23076923076923,,0,0,0,0,0,1,1
13763,Brazil Ave & Moscow St,52,EXCELSIOR,3,005B95,FFFFFF,0,Dublin St & La Grande Ave@@@58,Dublin St & La Grande Ave@@@26,,08:29:10,22:30:10,30.166666666666668,,30.166666666666668,,0,0,0,0,0,1,1
13764,Brazil Ave & Munich St,52,EXCELSIOR,3,005B95,FFFFFF,0,Dublin St & La Grande Ave@@@58,Dublin St & La Grande Ave@@@26,,08:29:27,22:30:27,30.25,,30.25,,0,0,0,0,0,1,1
13765,Brazil Ave & Naples St,52,EXCELSIOR,3,005B95,FFFFFF,1,Laguna Honda Blvd/Forest Hill Sta@@@58,Laguna Honda Blvd/Forest Hill Sta@@@28,,08:02:39,22:03:46,30.307692307692307,,30.307692307692307,,0,0,0,0,0,1,1
13766,Brazil Ave & Paris St,52,EXCELSIOR,3,005B95,FFFFFF,1,Laguna Honda Blvd/Forest Hill Sta@@@58,Laguna Honda Blvd/Forest Hill Sta@@@28,,08:04:12,22:04:48,30.23076923076923,,30.23076923076923,,0,0,0,0,0,1,1
13767,Brazil Ave & Prague St,52,EXCELSIOR,3,005B95,FFFFFF,0,Dublin St & La Grande Ave@@@58,Dublin St & La Grande Ave@@@26,,08:29:44,22:30:44,30.25,,30.25,,0,0,0,0,0,1,1
13768,240 Bayshore Blvd,9,SAN BRUNO,3,005B95,FFFFFF,0,Sunnydale Ave / Mclaren School@@@190,Sunnydale Ave / Mclaren School@@@82,,05:45:45,24:39:45,10.2,,10.2,,0,0,0,0,0,1,1
13768,240 Bayshore Blvd,90,SAN BRUNO OWL,3,666666,FFFFFF,0,Bayshore Blvd & Arleta Ave@@@22,,Bayshore Blvd & Arleta Ave@@@16,24:43:21,29:43:21,,30.0,,30.0,0,0,0,0,0,1,1
13771,Bayshore Blvd & Alemany Blvd,9,SAN BRUNO,3,005B95,FFFFFF,0,Sunnydale Ave / Mclaren School@@@190,Sunnydale Ave / Mclaren School@@@82,,05:47:55,24:41:55,10.225,,10.225,,0,0,0,0,0,1,1
13771,Bayshore Blvd & Alemany Blvd,90,SAN BRUNO OWL,3,666666,FFFFFF,0,Bayshore Blvd & Arleta Ave@@@22,,Bayshore Blvd & Arleta Ave@@@16,24:45:13,29:45:13,,30.0,,30.0,0,0,0,0,0,1,1
13772,Bayshore Blvd & Arleta Ave,8,BAYSHORE,3,005B95,FFFFFF,0,City College Terminal@@@260,City College Terminal@@@116,,05:30:42,24:34:40,7.175438596491228,,7.175438596491228,,0,0,0,0,0,1,1
13772,Bayshore Blvd & Arleta Ave,9,SAN BRUNO,3,005B95,FFFFFF,0,Sunnydale Ave / Mclaren School@@@190,Sunnydale Ave / Mclaren School@@@82,,05:56:00,24:50:00,10.35,,10.35,,0,0,0,0,0,1,1
13772,Bayshore Blvd & Arleta Ave,91,3RD-19TH AVE OWL,3,666666,FFFFFF,0,Ulloa St & West Portal Ave@@@26,,Ulloa St & West Portal Ave@@@18,24:17:00,30:17:00,,30.0,,30.0,0,0,0,0,0,1,1
13772,Bayshore Blvd & Arleta Ave,TBUS,THIRD BUS,3,BF2B45,FFFFFF,1,Visitacion Ave & Bay Shore Blvd@@@24,,,05:43:09,08:29:09,,,,,0,0,0,0,0,1,1
13773,Bayshore Blvd & Augusta St,9,SAN BRUNO,3,005B95,FFFFFF,0,Sunnydale Ave / Mclaren School@@@190,Sunnydale Ave / Mclaren School@@@82,,05:49:02,24:43:02,10.225,,10.225,,0,0,0,0,0,1,1
13773,Bayshore Blvd & Augusta St,90,SAN BRUNO OWL,3,666666,FFFFFF,0,Bayshore Blvd & Arleta Ave@@@22,,Bayshore Blvd & Arleta Ave@@@16,24:46:10,29:46:10,,30.0,,30.0,0,0,0,0,0,1,1
13775,Bayshore Blvd & Boutwell St,9,SAN BRUNO,3,005B95,FFFFFF,1,Market St & Steuart St@@@184,Market St & Steuart St@@@84,,05:19:54,24:06:54,9.975609756097562,,9.975609756097562,,0,0,0,0,0,1,1
13775,Bayshore Blvd & Boutwell St,90,SAN BRUNO OWL,3,666666,FFFFFF,1,Van Ness Ave & North Point St@@@20,,Van Ness Ave & North Point St@@@12,24:15:54,28:45:54,,30.0,,30.0,0,0,0,0,0,1,1
13778,Bayshore Blvd & Cortland Ave,23,MONTEREY,3,005B95,FFFFFF,1,Palou Ave & 3rd St@@@66,Palou Ave & 3rd St@@@28,,06:34:00,22:34:00,30.076923076923077,,30.076923076923077,,0,0,0,0,0,1,1
13778,Bayshore Blvd & Cortland Ave,9,SAN BRUNO,3,005B95,FFFFFF,1,Market St & Steuart St@@@184,Market St & Steuart St@@@84,,05:21:15,24:08:15,9.975609756097562,,9.975609756097562,,0,0,0,0,0,1,1
13778,Bayshore Blvd & Cortland Ave,90,SAN BRUNO OWL,3,666666,FFFFFF,1,Van Ness Ave & North Point St@@@20,,Van Ness Ave & North Point St@@@12,24:17:15,28:47:15,,30.0,,30.0,0,0,0,0,0,1,1
13779,Bayshore Blvd & Cortland Ave,23,MONTEREY,3,005B95,FFFFFF,0,Sloat Blvd & 47th Ave@@@66,Sloat Blvd & 47th Ave@@@28,,06:17:00,22:17:00,30.0,,30.0,,0,0,0,0,0,1,1
13779,Bayshore Blvd & Cortland Ave,9,SAN BRUNO,3,005B95,FFFFFF,0,Sunnydale Ave / Mclaren School@@@190,Sunnydale Ave / Mclaren School@@@82,,05:47:23,24:41:23,10.2,,10.2,,0,0,0,0,0,1,1
13779,Bayshore Blvd & Cortland Ave,90,SAN BRUNO OWL,3,666666,FFFFFF,0,Bayshore Blvd & Arleta Ave@@@22,,Bayshore Blvd & Arleta Ave@@@16,24:44:46,29:44:46,,30.0,,30.0,0,0,0,0,0,1,1
13781,Bayshore Blvd & Hester Ave,91,3RD-19TH AVE OWL,3,666666,FFFFFF,1,19th Ave & Holloway/Sf State@@@24,,19th Ave & Holloway/Sf State@@@16,24:11:39,29:41:39,,30.0,,30.0,0,0,0,0,0,1,1
13781,Bayshore Blvd & Hester Ave,TBUS,THIRD BUS,3,BF2B45,FFFFFF,0,Pacific Ave & Powell St@@@16###Stockton St & Washington St@@@4,,,05:05:10,23:47:10,,,,,0,0,0,0,0,1,1
13783,Bayshore Blvd & Leland Ave,9,SAN BRUNO,3,005B95,FFFFFF,0,Sunnydale Ave / Mclaren School@@@190,Sunnydale Ave / Mclaren School@@@80,,05:56:20,24:50:20,10.35897435897436,,10.35897435897436,,0,0,0,0,0,1,1
13788,Bayshore Blvd & Silver Ave,9,SAN BRUNO,3,005B95,FFFFFF,1,Market St & Steuart St@@@184,Market St & Steuart St@@@84,,05:19:25,24:06:25,9.975609756097562,,9.975609756097562,,0,0,0,0,0,1,1
13788,Bayshore Blvd & Silver Ave,90,SAN BRUNO OWL,3,666666,FFFFFF,1,Van Ness Ave & North Point St@@@20,,Van Ness Ave & North Point St@@@12,24:15:25,28:45:25,,30.0,,30.0,0,0,0,0,0,1,1
13789,Bayshore Blvd & Silver Ave,9,SAN BRUNO,3,005B95,FFFFFF,0,Sunnydale Ave / Mclaren School@@@190,Sunnydale Ave / Mclaren School@@@80,,05:49:31,24:43:31,10.23076923076923,,10.23076923076923,,0,0,0,0,0,1,1
13789,Bayshore Blvd & Silver Ave,90,SAN BRUNO OWL,3,666666,FFFFFF,0,Bayshore Blvd & Arleta Ave@@@22,,Bayshore Blvd & Arleta Ave@@@16,24:46:35,29:46:35,,30.0,,30.0,0,0,0,0,0,1,1
13792,Bayshore Blvd & Tunnel Ave,91,3RD-19TH AVE OWL,3,666666,FFFFFF,0,Ulloa St & West Portal Ave@@@26,,Ulloa St & West Portal Ave@@@18,24:16:13,30:16:13,,30.0,,30.0,0,0,0,0,0,1,1
13793,Bayshore Blvd & Visitacion Ave,8,BAYSHORE,3,005B95,FFFFFF,1,Kearny St & North Point St@@@264,Kearny St & North Point St@@@120,,05:15:00,24:17:00,7.016949152542373,,7.016949152542373,,0,0,0,0,0,1,1
13793,Bayshore Blvd & Visitacion Ave,9,SAN BRUNO,3,005B95,FFFFFF,1,Market St & Steuart St@@@184,Market St & Steuart St@@@84,,05:11:07,23:58:16,10.0,,10.0,,0,0,0,0,0,1,1
13793,Bayshore Blvd & Visitacion Ave,91,3RD-19TH AVE OWL,3,666666,FFFFFF,1,19th Ave & Holloway/Sf State@@@24,,19th Ave & Holloway/Sf State@@@16,24:10:23,29:40:23,,30.0,,30.0,0,0,0,0,0,1,1
13793,Bayshore Blvd & Visitacion Ave,TBUS,THIRD BUS,3,BF2B45,FFFFFF,0,Pacific Ave & Powell St@@@16###Stockton St & Washington St@@@4,,,05:03:27,23:45:27,,,,,0,0,0,0,0,1,1
13794,Buchanan St & Bay St,43,MASONIC,3,005B95,FFFFFF,1,Marina Blvd & Laguna St@@@112,Marina Blvd & Laguna St@@@40,,06:00:50,24:48:50,20.526315789473685,,20.526315789473685,,0,0,0,0,0,1,1
13797,90 Buckingham Way,57,PARKMERCED,3,005B95,FFFFFF,0,Daly City BART Stop B3@@@92,Daly City BART Stop B3@@@34,,05:07:49,22:08:34,25.1875,,25.1875,,0,0,0,0,0,1,1
13798,91 Buckingham Way,57,PARKMERCED,3,005B95,FFFFFF,1,Ulloa St & West Portal Ave@@@92,Ulloa St & West Portal Ave@@@32,,05:16:26,22:18:02,25.4,,25.4,,0,0,0,0,0,1,1
13799,170 Buckingham Way,57,PARKMERCED,3,005B95,FFFFFF,0,Daly City BART Stop B3@@@92,Daly City BART Stop B3@@@34,,05:08:24,22:09:17,25.1875,,25.1875,,0,0,0,0,0,1,1
13800,190 Buckingham Way,57,PARKMERCED,3,005B95,FFFFFF,1,Ulloa St & West Portal Ave@@@92,Ulloa St & West Portal Ave@@@32,,05:16:00,22:17:34,25.333333333333332,,25.333333333333332,,0,0,0,0,0,1,1
13801,280 Buckingham Way,57,PARKMERCED,3,005B95,FFFFFF,1,Ulloa St & West Portal Ave@@@92,Ulloa St & West Portal Ave@@@32,,05:15:32,22:17:02,25.333333333333332,,25.333333333333332,,0,0,0,0,0,1,1
13802,281 Buckingham Way,57,PARKMERCED,3,005B95,FFFFFF,0,Daly City BART Stop B3@@@92,Daly City BART Stop B3@@@34,,05:09:09,22:10:11,25.1875,,25.1875,,0,0,0,0,0,1,1
13803,Buckingham Way & Winston/Stonestown,57,PARKMERCED,3,005B95,FFFFFF,1,Ulloa St & West Portal Ave@@@92,Ulloa St & West Portal Ave@@@32,,05:15:04,22:16:31,25.333333333333332,,25.333333333333332,,0,0,0,0,0,1,1
13812,Bush St & Hyde St,27,BRYANT,3,005B95,FFFFFF,0,24th St & Mission St@@@102,24th St & Mission St@@@40,,05:14:26,22:05:55,20.05263157894737,,20.05263157894737,,0,0,0,0,0,1,1
13814,Bush St & Leavenworth St,27,BRYANT,3,005B95,FFFFFF,0,24th St & Mission St@@@102,24th St & Mission St@@@42,,05:14:56,22:06:35,20.05,,20.05,,0,0,0,0,0,1,1
13818,Buena Vista Ave E & Buena Vista Ter,37,CORBETT,3,005B95,FFFFFF,1,Masonic Ave & Haight St@@@54,Masonic Ave & Haight St@@@28,,09:12:21,22:10:21,30.0,,30.0,,0,0,0,0,0,1,1
13819,Buena Vista Ter & Buena Vista Ave E,37,CORBETT,3,005B95,FFFFFF,1,Masonic Ave & Haight St@@@54,Masonic Ave & Haight St@@@28,,09:11:35,22:09:35,30.0,,30.0,,0,0,0,0,0,1,1
13820,Buena Vista Ter & Roosevelt Way,37,CORBETT,3,005B95,FFFFFF,1,Masonic Ave & Haight St@@@54,Masonic Ave & Haight St@@@28,,09:10:45,22:08:45,30.0,,30.0,,0,0,0,0,0,1,1
13822,California St & 4th Ave,1,CALIFORNIA,3,005B95,FFFFFF,0,Geary Blvd & 33rd Ave@@@222,Geary Blvd & 33rd Ave@@@84,,04:41:25,24:16:13,10.024390243902438,,10.024390243902438,,0,0,0,0,0,1,1
13823,California St & 4th Ave,1,CALIFORNIA,3,005B95,FFFFFF,1,California St & Presidio Ave@@@18###Clay St & Drumm St@@@204,Clay St & Drumm St@@@84,,05:08:42,24:35:33,10.048780487804878,,10.048780487804878,,0,0,0,0,0,1,1
13824,California St & 6th Ave,1,CALIFORNIA,3,005B95,FFFFFF,0,Geary Blvd & 33rd Ave@@@222,Geary Blvd & 33rd Ave@@@84,,04:42:00,24:17:00,10.024390243902438,,10.024390243902438,,0,0,0,0,0,1,1
13825,California St & 6th Ave,1,CALIFORNIA,3,005B95,FFFFFF,1,California St & Presidio Ave@@@18###Clay St & Drumm St@@@204,Clay St & Drumm St@@@84,,05:08:00,24:35:00,10.024390243902438,,10.024390243902438,,0,0,0,0,0,1,1
13827,California St & 8th Ave,1,CALIFORNIA,3,005B95,FFFFFF,1,California St & Presidio Ave@@@18###Clay St & Drumm St@@@204,Clay St & Drumm St@@@84,,05:07:42,24:34:42,10.024390243902438,,10.024390243902438,,0,0,0,0,0,1,1
13828,California St & 10th Ave,1,CALIFORNIA,3,005B95,FFFFFF,0,Geary Blvd & 33rd Ave@@@222,Geary Blvd & 33rd Ave@@@82,,04:42:58,24:18:15,10.025,,10.025,,0,0,0,0,0,1,1
13830,California St & 10th Ave,1,CALIFORNIA,3,005B95,FFFFFF,1,California St & Presidio Ave@@@18###Clay St & Drumm St@@@204,Clay St & Drumm St@@@84,,05:07:11,24:34:11,10.024390243902438,,10.024390243902438,,0,0,0,0,0,1,1
13831,California St & 12th Ave,1,CALIFORNIA,3,005B95,FFFFFF,0,Geary Blvd & 33rd Ave@@@222,Geary Blvd & 33rd Ave@@@84,,04:43:20,24:18:43,10.024390243902438,,10.024390243902438,,0,0,0,0,0,1,1
13832,California St & 12th Ave,1,CALIFORNIA,3,005B95,FFFFFF,1,California St & Presidio Ave@@@18###Clay St & Drumm St@@@204,Clay St & Drumm St@@@84,,05:06:40,24:33:40,10.024390243902438,,10.024390243902438,,0,0,0,0,0,1,1
13833,California St & 16th Ave,1,CALIFORNIA,3,005B95,FFFFFF,0,Geary Blvd & 33rd Ave@@@222,Geary Blvd & 33rd Ave@@@84,,04:44:16,24:19:54,10.048780487804878,,10.048780487804878,,0,0,0,0,0,1,1
13834,California St & 16th Ave,1,CALIFORNIA,3,005B95,FFFFFF,1,California St & Presidio Ave@@@18###Clay St & Drumm St@@@204,Clay St & Drumm St@@@84,,05:05:36,24:32:36,10.0,,10.0,,0,0,0,0,0,1,1
13835,California St & 19th Ave,1,CALIFORNIA,3,005B95,FFFFFF,0,Geary Blvd & 33rd Ave@@@222,Geary Blvd & 33rd Ave@@@84,,04:44:57,24:20:47,10.048780487804878,,10.048780487804878,,0,0,0,0,0,1,1
13836,California St & 19th Ave,1,CALIFORNIA,3,005B95,FFFFFF,1,California St & Presidio Ave@@@18###Clay St & Drumm St@@@204,Clay St & Drumm St@@@84,,05:04:49,24:31:49,10.0,,10.0,,0,0,0,0,0,1,1
13837,California St & 22nd Ave,1,CALIFORNIA,3,005B95,FFFFFF,0,Geary Blvd & 33rd Ave@@@222,Geary Blvd & 33rd Ave@@@84,,04:45:38,24:21:40,10.048780487804878,,10.048780487804878,,0,0,0,0,0,1,1
13838,California St & 22nd Ave,1,CALIFORNIA,3,005B95,FFFFFF,1,California St & Presidio Ave@@@18###Clay St & Drumm St@@@204,Clay St & Drumm St@@@84,,05:04:03,24:31:03,10.0,,10.0,,0,0,0,0,0,1,1
13839,California St & 25th Ave,1,CALIFORNIA,3,005B95,FFFFFF,0,Geary Blvd & 33rd Ave@@@222,Geary Blvd & 33rd Ave@@@84,,04:46:18,24:22:32,10.048780487804878,,10.048780487804878,,0,0,0,0,0,1,1
13840,California St & 25th Ave,1,CALIFORNIA,3,005B95,FFFFFF,1,California St & Presidio Ave@@@18###Clay St & Drumm St@@@204,Clay St & Drumm St@@@84,,05:03:13,24:30:13,10.0,,10.0,,0,0,0,0,0,1,1
13841,California St & 28th Ave,1,CALIFORNIA,3,005B95,FFFFFF,0,Geary Blvd & 33rd Ave@@@222,Geary Blvd & 33rd Ave@@@84,,04:46:59,24:23:25,10.073170731707316,,10.073170731707316,,0,0,0,0,0,1,1
13842,California St & 28th Ave,1,CALIFORNIA,3,005B95,FFFFFF,1,California St & Presidio Ave@@@18###Clay St & Drumm St@@@204,Clay St & Drumm St@@@84,,05:02:27,24:29:27,10.0,,10.0,,0,0,0,0,0,1,1
13843,California St & 30th Ave,1,CALIFORNIA,3,005B95,FFFFFF,0,Geary Blvd & 33rd Ave@@@222,Geary Blvd & 33rd Ave@@@84,,04:47:31,24:24:05,10.073170731707316,,10.073170731707316,,0,0,0,0,0,1,1
13844,California St & 30th Ave,1,CALIFORNIA,3,005B95,FFFFFF,1,California St & Presidio Ave@@@18###Clay St & Drumm St@@@204,Clay St & Drumm St@@@84,,05:02:03,24:29:03,10.0,,10.0,,0,0,0,0,0,1,1
13845,California St & Arguello Blvd,1,CALIFORNIA,3,005B95,FFFFFF,0,Geary Blvd & 33rd Ave@@@222,Geary Blvd & 33rd Ave@@@84,,04:40:45,24:15:23,10.024390243902438,,10.024390243902438,,0,0,0,0,0,1,1
13846,California St & Arguello Blvd,1,CALIFORNIA,3,005B95,FFFFFF,1,California St & Presidio Ave@@@18###Clay St & Drumm St@@@204,Clay St & Drumm St@@@84,,05:09:34,24:36:15,10.048780487804878,,10.048780487804878,,0,0,0,0,0,1,1
13847,California St & Baker St,1,CALIFORNIA,3,005B95,FFFFFF,0,Geary Blvd & 33rd Ave@@@206###Sacramento St & Presidio Ave@@@6,Geary Blvd & 33rd Ave@@@84,,05:31:57,24:41:41,10.024390243902438,,10.024390243902438,,0,0,0,0,0,1,1
13848,California St & Baker St,1,CALIFORNIA,3,005B95,FFFFFF,1,Clay St & Drumm St@@@212,Clay St & Drumm St@@@86,,04:48:10,24:02:58,9.904761904761905,,9.904761904761905,,0,0,0,0,0,1,1
13849,California St & Battery St,CA,CALIFORNIA STREET CABLE CAR,5,B49A36,000000,0,California St & Van Ness Ave@@@134,California St & Van Ness Ave@@@72,,07:31:53,21:12:09,11.657142857142857,,11.657142857142857,,0,0,0,0,0,1,1
13852,California St & Cherry St,1,CALIFORNIA,3,005B95,FFFFFF,0,Geary Blvd & 33rd Ave@@@222,Geary Blvd & 33rd Ave@@@84,,04:40:12,24:14:43,10.024390243902438,,10.024390243902438,,0,0,0,0,0,1,1
13852,California St & Cherry St,33,ASHBURY-18TH ST,3,005B95,FFFFFF,0,25th St & Potrero Ave@@@98,25th St & Potrero Ave@@@44,,05:15:00,21:52:00,19.285714285714285,,19.285714285714285,,0,0,0,0,0,1,1
13853,California St & Cherry St,1,CALIFORNIA,3,005B95,FFFFFF,1,California St & Presidio Ave@@@18###Clay St & Drumm St@@@204,Clay St & Drumm St@@@82,,05:10:19,24:36:51,10.05,,10.05,,0,0,0,0,0,1,1
13855,California St & Davis St,CA,CALIFORNIA STREET CABLE CAR,5,B49A36,000000,0,California St & Van Ness Ave@@@134,California St & Van Ness Ave@@@72,,07:30:35,21:10:40,11.628571428571428,,11.628571428571428,,0,0,0,0,0,1,1
13857,California St & Davis St,CA,CALIFORNIA STREET CABLE CAR,5,B49A36,000000,1,California St & Drumm St@@@134,California St & Drumm St@@@74,,07:10:29,20:47:24,11.027777777777779,,11.027777777777779,,0,0,0,0,0,1,1
13858,California St & Divisadero St,1,CALIFORNIA,3,005B95,FFFFFF,0,Geary Blvd & 33rd Ave@@@206###Sacramento St & Presidio Ave@@@6,Geary Blvd & 33rd Ave@@@84,,05:31:11,24:40:44,10.0,,10.0,,0,0,0,0,0,1,1
13859,California St & Divisadero St,1,CALIFORNIA,3,005B95,FFFFFF,1,Clay St & Drumm St@@@212,Clay St & Drumm St@@@86,,04:49:05,24:03:42,9.904761904761905,,9.904761904761905,,0,0,0,0,0,1,1
13860,California St & Drumm St,CA,CALIFORNIA STREET CABLE CAR,5,B49A36,000000,0,California St & Van Ness Ave@@@134,California St & Van Ness Ave@@@72,,07:30:00,21:10:00,11.628571428571428,,11.628571428571428,,0,0,0,0,0,1,1
13863,California St & Front St,CA,CALIFORNIA STREET CABLE CAR,5,B49A36,000000,0,California St & Van Ness Ave@@@134,California St & Van Ness Ave@@@72,,07:31:14,21:11:25,11.628571428571428,,11.628571428571428,,0,0,0,0,0,1,1
13864,California St & Front St,CA,CALIFORNIA STREET CABLE CAR,5,B49A36,000000,1,California St & Drumm St@@@134,California St & Drumm St@@@74,,07:09:56,20:46:45,11.027777777777779,,11.027777777777779,,0,0,0,0,0,1,1
13865,California St & Grant Ave/Chinatown,CA,CALIFORNIA STREET CABLE CAR,5,B49A36,000000,0,California St & Van Ness Ave@@@134,California St & Van Ness Ave@@@70,,07:35:16,21:16:02,11.705882352941176,,11.705882352941176,,0,0,0,0,0,1,1
13866,California St & Grant Ave/Chinatown,CA,CALIFORNIA STREET CABLE CAR,5,B49A36,000000,1,California St & Drumm St@@@134,California St & Drumm St@@@76,,07:06:37,20:42:53,11.0,,11.0,,0,0,0,0,0,1,1
13867,California St & Hyde St,CA,CALIFORNIA STREET CABLE CAR,5,B49A36,000000,0,California St & Van Ness Ave@@@146,California St & Van Ness Ave@@@78,,06:51:00,21:23:00,11.026315789473685,,11.026315789473685,,0,0,0,0,0,1,1
13868,California St & Hyde St,CA,CALIFORNIA STREET CABLE CAR,5,B49A36,000000,1,California St & Drumm St@@@134###California St & Hyde St@@@12,California St & Drumm St@@@78,,07:02:00,21:44:00,10.921052631578947,,10.921052631578947,,0,0,0,0,0,1,1
13869,California St & Jones St,CA,CALIFORNIA STREET CABLE CAR,5,B49A36,000000,0,California St & Van Ness Ave@@@134,California St & Van Ness Ave@@@70,,07:39:35,21:21:14,11.735294117647058,,11.735294117647058,,0,0,0,0,0,1,1
13870,California St & Jones St,CA,CALIFORNIA STREET CABLE CAR,5,B49A36,000000,1,California St & Drumm St@@@134,California St & Drumm St@@@76,,07:03:08,20:37:17,10.972972972972974,,10.972972972972974,,0,0,0,0,0,1,1
13871,California St & Kearny St,CA,CALIFORNIA STREET CABLE CAR,5,B49A36,000000,0,California St & Van Ness Ave@@@134,California St & Van Ness Ave@@@70,,07:34:21,21:14:58,11.676470588235293,,11.676470588235293,,0,0,0,0,0,1,1
13872,California St & Kearny St,CA,CALIFORNIA STREET CABLE CAR,5,B49A36,000000,1,California St & Drumm St@@@134,California St & Drumm St@@@76,,07:07:24,20:43:48,11.0,,11.0,,0,0,0,0,0,1,1
13873,California St & Larkin St,CA,CALIFORNIA STREET CABLE CAR,5,B49A36,000000,0,California St & Van Ness Ave@@@146,California St & Van Ness Ave@@@76,,06:51:33,21:23:43,11.054054054054054,,11.054054054054054,,0,0,0,0,0,1,1
13874,California St & Larkin St,CA,CALIFORNIA STREET CABLE CAR,5,B49A36,000000,1,California St & Drumm St@@@134###California St & Hyde St@@@12,California St & Drumm St@@@78,,07:01:07,21:43:07,10.921052631578947,,10.921052631578947,,0,0,0,0,0,1,1
13875,California St & Laurel St,1,CALIFORNIA,3,005B95,FFFFFF,0,Geary Blvd & 33rd Ave@@@222,Geary Blvd & 33rd Ave@@@84,,04:38:41,24:12:48,10.024390243902438,,10.024390243902438,,0,0,0,0,0,1,1
13876,California St & Laurel St,1,CALIFORNIA,3,005B95,FFFFFF,1,California St & Presidio Ave@@@18###Clay St & Drumm St@@@204,Clay St & Drumm St@@@84,,05:12:04,24:38:15,10.073170731707316,,10.073170731707316,,0,0,0,0,0,1,1
13877,California St & Leavenworth St,CA,CALIFORNIA STREET CABLE CAR,5,B49A36,000000,0,California St & Van Ness Ave@@@134,California St & Van Ness Ave@@@72,,07:40:25,21:22:16,11.971428571428572,,11.971428571428572,,0,0,0,0,0,1,1
13878,California St & Leavenworth St,CA,CALIFORNIA STREET CABLE CAR,5,B49A36,000000,1,California St & Drumm St@@@134,California St & Drumm St@@@78,,07:02:35,20:36:11,10.947368421052632,,10.947368421052632,,0,0,0,0,0,1,1
13880,California St & Mason St,CA,CALIFORNIA STREET CABLE CAR,5,B49A36,000000,0,California St & Van Ness Ave@@@134,California St & Van Ness Ave@@@70,,07:37:51,21:19:04,11.735294117647058,,11.735294117647058,,0,0,0,0,0,1,1
13881,California St & Mason St,CA,CALIFORNIA STREET CABLE CAR,5,B49A36,000000,1,California St & Drumm St@@@134,California St & Drumm St@@@76,,07:04:11,20:39:22,11.0,,11.0,,0,0,0,0,0,1,1
13882,California St & Montgomery St,CA,CALIFORNIA STREET CABLE CAR,5,B49A36,000000,1,California St & Drumm St@@@134,California St & Drumm St@@@76,,07:08:02,20:44:33,11.0,,11.0,,0,0,0,0,0,1,1
13883,California St & Montgomery St,CA,CALIFORNIA STREET CABLE CAR,5,B49A36,000000,0,California St & Van Ness Ave@@@134,California St & Van Ness Ave@@@70,,07:33:26,21:13:56,11.676470588235293,,11.676470588235293,,0,0,0,0,0,1,1
13884,California St & Pierce St,1,CALIFORNIA,3,005B95,FFFFFF,0,Geary Blvd & 33rd Ave@@@206###Sacramento St & Presidio Ave@@@6,Geary Blvd & 33rd Ave@@@84,,05:30:15,24:39:34,10.024390243902438,,10.024390243902438,,0,0,0,0,0,1,1
13885,California St & Pierce St,1,CALIFORNIA,3,005B95,FFFFFF,1,Clay St & Drumm St@@@212,Clay St & Drumm St@@@86,,04:50:26,24:04:47,9.928571428571429,,9.928571428571429,,0,0,0,0,0,1,1
13886,California St & Park Presidio Blvd,1,CALIFORNIA,3,005B95,FFFFFF,0,Geary Blvd & 33rd Ave@@@222,Geary Blvd & 33rd Ave@@@84,,04:43:46,24:19:17,10.048780487804878,,10.048780487804878,,0,0,0,0,0,1,1
13887,California St & Park Presidio Blvd,1,CALIFORNIA,3,005B95,FFFFFF,1,California St & Presidio Ave@@@18###Clay St & Drumm St@@@204,Clay St & Drumm St@@@84,,05:06:16,24:33:16,10.024390243902438,,10.024390243902438,,0,0,0,0,0,1,1
13888,California St & Polk St,CA,CALIFORNIA STREET CABLE CAR,5,B49A36,000000,0,California St & Van Ness Ave@@@146,California St & Van Ness Ave@@@76,,06:52:09,21:24:38,11.054054054054054,,11.054054054054054,,0,0,0,0,0,1,1
13889,California St & Polk St,CA,CALIFORNIA STREET CABLE CAR,5,B49A36,000000,1,California St & Drumm St@@@134###California St & Hyde St@@@12,California St & Drumm St@@@78,,07:00:30,21:42:30,10.921052631578947,,10.921052631578947,,0,0,0,0,0,1,1
13890,California St & Powell St,CA,CALIFORNIA STREET CABLE CAR,5,B49A36,000000,0,California St & Van Ness Ave@@@134,California St & Van Ness Ave@@@70,,07:37:00,21:18:00,11.705882352941176,,11.705882352941176,,0,0,0,0,0,1,1
13891,California St & Powell St,CA,CALIFORNIA STREET CABLE CAR,5,B49A36,000000,1,California St & Drumm St@@@134,California St & Drumm St@@@76,,07:05:00,20:41:00,11.0,,11.0,,0,0,0,0,0,1,1
13892,California St & Presidio Ave,1,CALIFORNIA,3,005B95,FFFFFF,0,Geary Blvd & 33rd Ave@@@222###Sacramento St & Presidio Ave@@@6,Geary Blvd & 33rd Ave@@@84,,04:38:00,24:43:00,10.024390243902438,,10.024390243902438,,0,0,0,0,0,1,1
13892,California St & Presidio Ave,2,SUTTER,3,005B95,FFFFFF,0,Presidio Ave & California St@@@76,Presidio Ave & California St@@@42,,07:22:26,19:48:26,20.2,,20.2,,0,0,0,0,0,1,1
13893,California St & Presidio Ave,1,CALIFORNIA,3,005B95,FFFFFF,1,California St & Presidio Ave@@@18###Clay St & Drumm St@@@212,Clay St & Drumm St@@@84,,04:47:00,24:39:00,10.073170731707316,,10.073170731707316,,0,0,0,0,0,1,1
13894,California St & Sansome St,CA,CALIFORNIA STREET CABLE CAR,5,B49A36,000000,0,California St & Van Ness Ave@@@134,California St & Van Ness Ave@@@72,,07:32:31,21:12:53,11.628571428571428,,11.628571428571428,,0,0,0,0,0,1,1
13895,California St & Sansome St,CA,CALIFORNIA STREET CABLE CAR,5,B49A36,000000,1,California St & Drumm St@@@134,California St & Drumm St@@@76,,07:08:49,20:45:27,11.0,,11.0,,0,0,0,0,0,1,1
13896,California St & Spruce St,1,CALIFORNIA,3,005B95,FFFFFF,0,Geary Blvd & 33rd Ave@@@222,Geary Blvd & 33rd Ave@@@84,,04:39:28,24:13:48,10.024390243902438,,10.024390243902438,,0,0,0,0,0,1,1
13897,California St & Spruce St,1,CALIFORNIA,3,005B95,FFFFFF,1,California St & Presidio Ave@@@18###Clay St & Drumm St@@@204,Clay St & Drumm St@@@82,,05:11:09,24:37:31,10.075,,10.075,,0,0,0,0,0,1,1
13899,California St & Stockton St,CA,CALIFORNIA STREET CABLE CAR,5,B49A36,000000,0,California St & Van Ness Ave@@@134,California St & Van Ness Ave@@@70,,07:36:09,21:17:02,11.705882352941176,,11.705882352941176,,0,0,0,0,0,1,1
13900,California St & Stockton St,CA,CALIFORNIA STREET CABLE CAR,5,B49A36,000000,1,California St & Drumm St@@@134,California St & Drumm St@@@76,,07:05:51,20:42:00,11.0,,11.0,,0,0,0,0,0,1,1
13901,California St & Taylor St,CA,CALIFORNIA STREET CABLE CAR,5,B49A36,000000,0,California St & Van Ness Ave@@@134,California St & Van Ness Ave@@@70,,07:38:35,21:19:59,11.705882352941176,,11.705882352941176,,0,0,0,0,0,1,1
13902,California St & Taylor St,CA,CALIFORNIA STREET CABLE CAR,5,B49A36,000000,1,California St & Drumm St@@@134,California St & Drumm St@@@76,,07:03:38,20:38:16,10.972972972972974,,10.972972972972974,,0,0,0,0,0,1,1
13909,Carl St & Cole St,N,JUDAH,0,005B95,FFFFFF,0,Judah/La Playa/Ocean Beach@@@162,Judah/La Playa/Ocean Beach@@@70,,06:52:27,24:06:27,12.029411764705882,,12.029411764705882,,0,0,0,0,0,1,1
13911,Carl St & Cole St,N,JUDAH,0,005B95,FFFFFF,1,Duboce Ave & Church St@@@8###King St & 4th St@@@154,King St & 4th St@@@70,,07:53:52,24:55:52,12.235294117647058,,12.235294117647058,,0,0,0,0,0,1,1
13911,Carl St & Cole St,NBUS,JUDAH BUS,3,005B95,FFFFFF,1,Townsend St & 5th St/Caltrain@@@20,,,05:22:14,24:12:14,,,,,0,0,0,0,0,1,1
13911,Carl St & Cole St,NOWL,OWL JUDAH,3,666666,FFFFFF,1,Townsend St & 5th St/Caltrain@@@22,,Townsend St & 5th St/Caltrain@@@16,24:34:40,29:34:40,,30.0,,30.0,0,0,0,0,0,1,1
13912,Carl St & Hillway Ave,N,JUDAH,0,005B95,FFFFFF,0,Judah/La Playa/Ocean Beach@@@162,Judah/La Playa/Ocean Beach@@@70,,06:54:00,24:08:00,12.029411764705882,,12.029411764705882,,0,0,0,0,0,1,1
13912,Carl St & Hillway Ave,NBUS,JUDAH BUS,3,005B95,FFFFFF,0,Judah/La Playa/Ocean Beach@@@18,,,05:50:19,08:06:19,,,,,0,0,0,0,0,1,1
13912,Carl St & Hillway Ave,NOWL,OWL JUDAH,3,666666,FFFFFF,0,Judah/La Playa/Ocean Beach@@@24,,Judah/La Playa/Ocean Beach@@@18,24:35:03,30:05:03,,30.0,,30.0,0,0,0,0,0,1,1
13913,Carl St & Hillway Ave,N,JUDAH,0,005B95,FFFFFF,1,Duboce Ave & Church St@@@8###King St & 4th St@@@154,King St & 4th St@@@68,,07:52:00,24:54:00,12.212121212121213,,12.212121212121213,,0,0,0,0,0,1,1
13913,Carl St & Hillway Ave,NBUS,JUDAH BUS,3,005B95,FFFFFF,1,Townsend St & 5th St/Caltrain@@@20,,,05:21:00,24:11:00,,,,,0,0,0,0,0,1,1
13913,Carl St & Hillway Ave,NOWL,OWL JUDAH,3,666666,FFFFFF,1,Townsend St & 5th St/Caltrain@@@22,,Townsend St & 5th St/Caltrain@@@16,24:33:01,29:33:01,,30.0,,30.0,0,0,0,0,0,1,1
13914,Carl St & Stanyan St,N,JUDAH,0,005B95,FFFFFF,0,Judah/La Playa/Ocean Beach@@@162,Judah/La Playa/Ocean Beach@@@70,,06:53:10,24:07:10,12.029411764705882,,12.029411764705882,,0,0,0,0,0,1,1
13914,Carl St & Stanyan St,NBUS,JUDAH BUS,3,005B95,FFFFFF,0,Judah/La Playa/Ocean Beach@@@18,,,05:49:21,08:05:21,,,,,0,0,0,0,0,1,1
13914,Carl St & Stanyan St,NOWL,OWL JUDAH,3,666666,FFFFFF,0,Judah/La Playa/Ocean Beach@@@24,,Judah/La Playa/Ocean Beach@@@18,24:34:02,30:04:02,,30.0,,30.0,0,0,0,0,0,1,1
13915,Carl St & Stanyan St,N,JUDAH,0,005B95,FFFFFF,1,Duboce Ave & Church St@@@8###King St & 4th St@@@154,King St & 4th St@@@70,,07:53:03,24:55:03,12.205882352941176,,12.205882352941176,,0,0,0,0,0,1,1
13915,Carl St & Stanyan St,NBUS,JUDAH BUS,3,005B95,FFFFFF,1,Townsend St & 5th St/Caltrain@@@20,,,05:21:41,24:11:41,,,,,0,0,0,0,0,1,1
13915,Carl St & Stanyan St,NOWL,OWL JUDAH,3,666666,FFFFFF,1,Townsend St & 5th St/Caltrain@@@22,,Townsend St & 5th St/Caltrain@@@16,24:33:57,29:33:57,,30.0,,30.0,0,0,0,0,0,1,1
13920,Cashmere St & Hudson Ave,54,FELTON,3,005B95,FFFFFF,1,Newhall St & Hudson@@@96,Newhall St & Hudson@@@42,,06:27:20,22:53:20,20.3,,20.3,,0,0,0,0,0,1,1
13921,Cashmere St & La Salle Ave,54,FELTON,3,005B95,FFFFFF,1,Newhall St & Hudson@@@96,Newhall St & Hudson@@@42,,06:26:20,22:52:20,20.25,,20.25,,0,0,0,0,0,1,1
13922,Cashmere St & Whitney Young Cir,54,FELTON,3,005B95,FFFFFF,1,Newhall St & Hudson@@@96,Newhall St & Hudson@@@42,,06:26:43,22:52:43,20.3,,20.3,,0,0,0,0,0,1,1
13924,Cabrillo St & 47th Ave,18,46TH AVENUE,3,005B95,FFFFFF,0,19th Ave & Buckingham/Stonestown@@@96,19th Ave & Buckingham/Stonestown@@@42,,06:08:35,22:09:31,20.0,,20.0,,0,0,0,0,0,1,1
13924,Cabrillo St & 47th Ave,31,BALBOA,3,005B95,FFFFFF,0,Cabrillo St & La Playa St@@@110,Cabrillo St & La Playa St@@@40,,04:49:36,22:36:36,20.473684210526315,,20.473684210526315,,0,0,0,0,0,1,1
13925,Cabrillo St & 47th Ave,18,46TH AVENUE,3,005B95,FFFFFF,1,33rd Ave & Geary Blvd@@@22###Legion Of Honor@@@74,Legion Of Honor@@@42,,06:28:28,22:17:33,20.05,,20.05,,0,0,0,0,0,1,1
13925,Cabrillo St & 47th Ave,31,BALBOA,3,005B95,FFFFFF,1,Cyril Magnin St & Market St@@@98###Masonic Ave & Geary Blvd@@@12,Cyril Magnin St & Market St@@@42,,05:00:36,22:40:36,20.0,,20.0,,0,0,0,0,0,1,1
13927,Cabrillo St & La Playa St,31,BALBOA,3,005B95,FFFFFF,1,Cyril Magnin St & Market St@@@98###Masonic Ave & Geary Blvd@@@12,Cyril Magnin St & Market St@@@44,,05:00:00,22:40:00,20.0,,20.0,,0,0,0,0,0,1,1
13927,Cabrillo St & La Playa St,5,FULTON,3,005B95,FFFFFF,1,4th St & Market St@@@18###6th Ave & Fulton St@@@22###Transit Center Bay B@@@260,Transit Center Bay B@@@120,4th St & Market St@@@12###6th Ave & Fulton St@@@4,05:00:00,29:25:00,7.0,28.285714285714285,7.0,28.285714285714285,0,0,0,0,0,1,1
13930,Cesar Chavez St & Florida St,27,BRYANT,3,005B95,FFFFFF,1,Jackson St & Van Ness Ave@@@104,Jackson St & Van Ness Ave@@@42,,05:05:11,22:05:55,19.9,,19.9,,0,0,0,0,0,1,1
13931,Cesar Chavez St & Folsom St,12,FOLSOM-PACIFIC,3,005B95,FFFFFF,0,Valencia St & Cesar Chavez St@@@98,Valencia St & Cesar Chavez St@@@42,,06:37:32,22:41:32,20.2,,20.2,,0,0,0,0,0,1,1
13931,Cesar Chavez St & Folsom St,27,BRYANT,3,005B95,FFFFFF,0,24th St & Mission St@@@102,24th St & Mission St@@@42,,05:37:09,22:33:41,20.4,,20.4,,0,0,0,0,0,1,1
13932,Cesar Chavez St & Folsom St,27,BRYANT,3,005B95,FFFFFF,1,Jackson St & Van Ness Ave@@@104,Jackson St & Van Ness Ave@@@44,,05:03:59,22:04:33,19.857142857142858,,19.857142857142858,,0,0,0,0,0,1,1
13934,Cesar Chavez St & Harrison St,27,BRYANT,3,005B95,FFFFFF,1,Jackson St & Van Ness Ave@@@104,Jackson St & Van Ness Ave@@@42,,05:04:38,22:05:17,19.85,,19.85,,0,0,0,0,0,1,1
13935,Cesar Chavez St & Mission St,12,FOLSOM-PACIFIC,3,005B95,FFFFFF,0,Valencia St & Cesar Chavez St@@@98,Valencia St & Cesar Chavez St@@@42,,06:38:44,22:42:44,20.25,,20.25,,0,0,0,0,0,1,1
13936,Cesar Chavez St & South Van Ness Ave,12,FOLSOM-PACIFIC,3,005B95,FFFFFF,0,Valencia St & Cesar Chavez St@@@98,Valencia St & Cesar Chavez St@@@42,,06:38:01,22:42:01,20.2,,20.2,,0,0,0,0,0,1,1
13936,Cesar Chavez St & South Van Ness Ave,27,BRYANT,3,005B95,FFFFFF,0,24th St & Mission St@@@102,24th St & Mission St@@@42,,05:37:30,22:34:07,20.45,,20.45,,0,0,0,0,0,1,1
13940,Chestnut St & Divisadero St,30,STOCKTON,3,005B95,FFFFFF,0,Crissy Field Terminal@@@104###Divisadero St & Chestnut St@@@36,Crissy Field Terminal@@@56,,05:33:47,24:26:29,15.296296296296296,,15.296296296296296,,0,0,0,0,0,1,1
13941,Chestnut St & Fillmore St,30,STOCKTON,3,005B95,FFFFFF,0,Crissy Field Terminal@@@104###Divisadero St & Chestnut St@@@36,Crissy Field Terminal@@@56,,05:32:00,24:25:00,15.25925925925926,,15.25925925925926,,0,0,0,0,0,1,1
13942,Chestnut St & Fillmore St,30,STOCKTON,3,005B95,FFFFFF,1,Townsend St & 4th St/Caltrain@@@136,Townsend St & 4th St/Caltrain@@@56,,05:56:00,24:03:00,15.0,,15.0,,0,0,0,0,0,1,1
13947,Chestnut St & Laguna St,30,STOCKTON,3,005B95,FFFFFF,0,Crissy Field Terminal@@@104###Divisadero St & Chestnut St@@@36,Crissy Field Terminal@@@56,,05:30:27,24:23:45,15.222222222222221,,15.222222222222221,,0,0,0,0,0,1,1
13948,Chestnut St & Laguna St,30,STOCKTON,3,005B95,FFFFFF,1,Townsend St & 4th St/Caltrain@@@136,Townsend St & 4th St/Caltrain@@@56,,05:57:31,24:04:31,15.037037037037036,,15.037037037037036,,0,0,0,0,0,1,1
13952,Chestnut St & Pierce St,30,STOCKTON,3,005B95,FFFFFF,0,Crissy Field Terminal@@@104###Divisadero St & Chestnut St@@@36,Crissy Field Terminal@@@56,,05:32:51,24:25:42,15.296296296296296,,15.296296296296296,,0,0,0,0,0,1,1
13953,Chestnut St & Pierce St,30,STOCKTON,3,005B95,FFFFFF,1,Townsend St & 4th St/Caltrain@@@136,Townsend St & 4th St/Caltrain@@@56,,05:54:53,24:01:19,15.0,,15.0,,0,0,0,0,0,1,1
13957,Chestnut St & Van Ness Ave,30,STOCKTON,3,005B95,FFFFFF,1,Townsend St & 4th St/Caltrain@@@136,Townsend St & 4th St/Caltrain@@@56,,05:59:31,24:06:31,15.0,,15.0,,0,0,0,0,0,1,1
13958,Chestnut St & Webster St,30,STOCKTON,3,005B95,FFFFFF,0,Crissy Field Terminal@@@104###Divisadero St & Chestnut St@@@36,Crissy Field Terminal@@@56,,05:31:29,24:24:35,15.25925925925926,,15.25925925925926,,0,0,0,0,0,1,1
13959,Chestnut St & Webster St,30,STOCKTON,3,005B95,FFFFFF,1,Townsend St & 4th St/Caltrain@@@136,Townsend St & 4th St/Caltrain@@@56,,05:56:30,24:03:30,15.0,,15.0,,0,0,0,0,0,1,1
13960,Chicago Way & Cordova Ave,43,MASONIC,3,005B95,FFFFFF,0,Munich St & Geneva Ave@@@112,Munich St & Geneva Ave@@@42,,05:54:52,24:47:52,20.75,,20.75,,0,0,0,0,0,1,1
13961,Chicago Way & Cordova Ave,43,MASONIC,3,005B95,FFFFFF,1,Marina Blvd & Laguna St@@@112,Marina Blvd & Laguna St@@@42,,05:02:16,23:52:16,19.95,,19.95,,0,0,0,0,0,1,1
13962,Chicago Way & Naylor St,43,MASONIC,3,005B95,FFFFFF,1,Marina Blvd & Laguna St@@@112,Marina Blvd & Laguna St@@@42,,05:01:37,23:51:37,19.95,,19.95,,0,0,0,0,0,1,1
13963,Chicago Way & Naylor St,43,MASONIC,3,005B95,FFFFFF,0,Munich St & Geneva Ave@@@112,Munich St & Geneva Ave@@@42,,05:55:26,24:48:26,20.75,,20.75,,0,0,0,0,0,1,1
13964,Chicago Way & South Hill Blvd,43,MASONIC,3,005B95,FFFFFF,0,Munich St & Geneva Ave@@@112,Munich St & Geneva Ave@@@42,,05:55:55,24:48:55,20.75,,20.75,,0,0,0,0,0,1,1
13965,Chenery St & 30th St,36,TERESITA,3,005B95,FFFFFF,0,Valencia St & Mission St@@@58,Valencia St & Mission St@@@28,,08:40:38,22:31:51,30.0,,30.0,,0,0,0,0,0,1,1
13966,Chenery St & 30th St,36,TERESITA,3,005B95,FFFFFF,1,Laguna Honda Blvd/Forest Hill Sta@@@58,Laguna Honda Blvd/Forest Hill Sta@@@28,,08:30:13,22:29:13,30.0,,30.0,,0,0,0,0,0,1,1
13967,Chenery St & Castro St,35,EUREKA,3,005B95,FFFFFF,0,Bosworth St & Diamond St@@@58,Bosworth St & Diamond St@@@28,,07:17:54,21:18:54,30.076923076923077,,30.076923076923077,,0,0,0,0,0,1,1
13967,Chenery St & Castro St,36,TERESITA,3,005B95,FFFFFF,1,Laguna Honda Blvd/Forest Hill Sta@@@58,Laguna Honda Blvd/Forest Hill Sta@@@28,,08:34:03,22:33:03,30.0,,30.0,,0,0,0,0,0,1,1
13968,Chenery St & Fairmount St,36,TERESITA,3,005B95,FFFFFF,0,Valencia St & Mission St@@@58,Valencia St & Mission St@@@28,,08:39:26,22:30:52,30.0,,30.0,,0,0,0,0,0,1,1
13969,Chenery St & Mateo St,35,EUREKA,3,005B95,FFFFFF,0,Bosworth St & Diamond St@@@58,Bosworth St & Diamond St@@@28,,07:16:18,21:17:18,30.076923076923077,,30.076923076923077,,0,0,0,0,0,1,1
13969,Chenery St & Mateo St,36,TERESITA,3,005B95,FFFFFF,1,Laguna Honda Blvd/Forest Hill Sta@@@58,Laguna Honda Blvd/Forest Hill Sta@@@28,,08:32:47,22:31:47,30.0,,30.0,,0,0,0,0,0,1,1
13970,Chenery St & Mateo St,35,EUREKA,3,005B95,FFFFFF,1,Market St & Castro St@@@56,Market St & Castro St@@@28,,07:22:01,20:53:01,30.076923076923077,,30.076923076923077,,0,0,0,0,0,1,1
13970,Chenery St & Mateo St,36,TERESITA,3,005B95,FFFFFF,0,Valencia St & Mission St@@@58,Valencia St & Mission St@@@28,,08:38:03,22:29:43,30.0,,30.0,,0,0,0,0,0,1,1
13971,Chenery St & Miguel St,35,EUREKA,3,005B95,FFFFFF,1,Market St & Castro St@@@56,Market St & Castro St@@@28,,07:22:28,20:53:28,30.076923076923077,,30.076923076923077,,0,0,0,0,0,1,1
13971,Chenery St & Miguel St,36,TERESITA,3,005B95,FFFFFF,0,Valencia St & Mission St@@@58,Valencia St & Mission St@@@28,,08:38:33,22:30:07,30.0,,30.0,,0,0,0,0,0,1,1
13972,Chenery St & Miguel St,35,EUREKA,3,005B95,FFFFFF,0,Bosworth St & Diamond St@@@58,Bosworth St & Diamond St@@@28,,07:15:48,21:16:48,30.076923076923077,,30.076923076923077,,0,0,0,0,0,1,1
13972,Chenery St & Miguel St,36,TERESITA,3,005B95,FFFFFF,1,Laguna Honda Blvd/Forest Hill Sta@@@58,Laguna Honda Blvd/Forest Hill Sta@@@28,,08:32:14,22:31:14,30.0,,30.0,,0,0,0,0,0,1,1
13973,Chenery St & Natick St,35,EUREKA,3,005B95,FFFFFF,1,Market St & Castro St@@@56,Market St & Castro St@@@28,,07:21:01,20:52:01,30.076923076923077,,30.076923076923077,,0,0,0,0,0,1,1
13973,Chenery St & Natick St,36,TERESITA,3,005B95,FFFFFF,0,Valencia St & Mission St@@@58,Valencia St & Mission St@@@28,,08:36:58,22:28:48,30.0,,30.0,,0,0,0,0,0,1,1
13974,Chenery St & Randall St,36,TERESITA,3,005B95,FFFFFF,1,Laguna Honda Blvd/Forest Hill Sta@@@58,Laguna Honda Blvd/Forest Hill Sta@@@28,,08:30:57,22:29:57,30.0,,30.0,,0,0,0,0,0,1,1
13975,Chenery St & Randall St,36,TERESITA,3,005B95,FFFFFF,0,Valencia St & Mission St@@@58,Valencia St & Mission St@@@28,,08:39:44,22:31:06,30.0,,30.0,,0,0,0,0,0,1,1
13976,Chenery St & Roanoke St,35,EUREKA,3,005B95,FFFFFF,0,Bosworth St & Diamond St@@@58,Bosworth St & Diamond St@@@28,,07:16:55,21:17:55,30.076923076923077,,30.076923076923077,,0,0,0,0,0,1,1
13976,Chenery St & Roanoke St,36,TERESITA,3,005B95,FFFFFF,1,Laguna Honda Blvd/Forest Hill Sta@@@58,Laguna Honda Blvd/Forest Hill Sta@@@28,,08:33:16,22:32:16,30.0,,30.0,,0,0,0,0,0,1,1
13977,Chenery St & Roanoke St,35,EUREKA,3,005B95,FFFFFF,1,Market St & Castro St@@@56,Market St & Castro St@@@28,,07:21:34,20:52:34,30.076923076923077,,30.076923076923077,,0,0,0,0,0,1,1
13977,Chenery St & Roanoke St,36,TERESITA,3,005B95,FFFFFF,0,Valencia St & Mission St@@@58,Valencia St & Mission St@@@28,,08:37:34,22:29:18,30.0,,30.0,,0,0,0,0,0,1,1
13978,Brotherhood Way & Chumasero Dr,57,PARKMERCED,3,005B95,FFFFFF,1,Ulloa St & West Portal Ave@@@92,Ulloa St & West Portal Ave@@@34,,05:07:52,22:08:26,25.25,,25.25,,0,0,0,0,0,1,1
13979,Chumasero Dr & Brotherhood Way,57,PARKMERCED,3,005B95,FFFFFF,0,Daly City BART Stop B3@@@92,Daly City BART Stop B3@@@32,,05:16:33,22:18:33,25.4,,25.4,,0,0,0,0,0,1,1
13981,Chumasero Dr & Font Blvd,57,PARKMERCED,3,005B95,FFFFFF,0,Daly City BART Stop B3@@@92,Daly City BART Stop B3@@@32,,05:16:12,22:18:12,25.333333333333332,,25.333333333333332,,0,0,0,0,0,1,1
13984,Church St & 16th St,22,FILLMORE,3,005B95,FFFFFF,0,Mission Bay North & 4th St@@@288,Mission Bay North & 4th St@@@112,Mission Bay North & 4th St@@@16,04:37:19,29:47:19,7.490909090909091,30.0,7.490909090909091,30.0,0,0,0,0,0,1,1
13984,Church St & 16th St,J,CHURCH,0,A96614,FFFFFF,0,Balboa Park BART/Mezzanine Level@@@154,Balboa Park BART/Mezzanine Level@@@56,,05:30:18,25:04:18,15.037037037037036,,15.037037037037036,,0,0,0,0,0,1,1
13985,Church St & 16th St,J,CHURCH,0,A96614,FFFFFF,1,Church St & Duboce Ave@@@30###Metro Embarcadero Station@@@122,Metro Embarcadero Station@@@56,,05:20:11,24:20:11,15.0,,15.0,,0,0,0,0,0,1,1
13987,Church St & 18th St,J,CHURCH,0,A96614,FFFFFF,0,Balboa Park BART/Mezzanine Level@@@154,Balboa Park BART/Mezzanine Level@@@56,,05:31:49,25:05:49,15.037037037037036,,15.037037037037036,,0,0,0,0,0,1,1
13994,Church St & 22nd St,J,CHURCH,0,A96614,FFFFFF,1,Church St & Duboce Ave@@@30###Metro Embarcadero Station@@@122,Metro Embarcadero Station@@@56,,05:14:40,24:14:40,15.0,,15.0,,0,0,0,0,0,1,1
13995,Church St & 24th St,J,CHURCH,0,A96614,FFFFFF,0,Balboa Park BART/Mezzanine Level@@@154,Balboa Park BART/Mezzanine Level@@@56,,05:37:00,25:11:00,15.074074074074074,,15.074074074074074,,0,0,0,0,0,1,1
13996,Church St & 24th St,J,CHURCH,0,A96614,FFFFFF,1,Church St & Duboce Ave@@@30###Metro Embarcadero Station@@@122,Metro Embarcadero Station@@@56,,05:13:00,24:13:00,14.962962962962964,,14.962962962962964,,0,0,0,0,0,1,1
13999,Church St & 29th St,J,CHURCH,0,A96614,FFFFFF,1,Church St & Duboce Ave@@@30###Metro Embarcadero Station@@@122,Metro Embarcadero Station@@@58,,05:09:32,24:09:32,14.964285714285714,,14.964285714285714,,0,0,0,0,0,1,1
14000,Church St & 30th St,J,CHURCH,0,A96614,FFFFFF,1,Church St & Duboce Ave@@@30###Metro Embarcadero Station@@@122,Metro Embarcadero Station@@@58,,05:09:00,24:09:00,14.964285714285714,,14.964285714285714,,0,0,0,0,0,1,1
14004,Church St & Day St,J,CHURCH,0,A96614,FFFFFF,0,Balboa Park BART/Mezzanine Level@@@154,Balboa Park BART/Mezzanine Level@@@56,,05:40:00,25:14:00,15.074074074074074,,15.074074074074074,,0,0,0,0,0,1,1
14005,Church St & Duboce Ave,22,FILLMORE,3,005B95,FFFFFF,0,Mission Bay North & 4th St@@@288,Mission Bay North & 4th St@@@112,Mission Bay North & 4th St@@@16,04:34:48,29:44:48,7.490909090909091,30.0,7.490909090909091,30.0,0,0,0,0,0,1,1
14005,Church St & Duboce Ave,NOWL,OWL JUDAH,3,666666,FFFFFF,1,Townsend St & 5th St/Caltrain@@@22,,Townsend St & 5th St/Caltrain@@@16,24:42:00,29:42:00,,30.0,,30.0,0,0,0,0,0,1,1
14006,Church St & Duboce Ave,J,CHURCH,0,A96614,FFFFFF,0,Balboa Park BART/Mezzanine Level@@@30,,,05:28:00,25:02:00,,,,,0,0,0,0,0,1,1
14006,Church St & Duboce Ave,J,CHURCH,0,A96614,FFFFFF,1,Church St & Duboce Ave@@@30###Metro Embarcadero Station@@@122,Metro Embarcadero Station@@@56,,05:23:00,24:23:00,15.0,,15.0,,0,0,0,0,0,1,1
14015,Clay St & Drumm St,1,CALIFORNIA,3,005B95,FFFFFF,0,Geary Blvd & 33rd Ave@@@206###Sacramento St & Presidio Ave@@@6,Geary Blvd & 33rd Ave@@@84,,05:15:00,24:25:00,9.926829268292684,,9.926829268292684,,0,0,0,0,0,1,1
14016,Clay St & Franklin St,1,CALIFORNIA,3,005B95,FFFFFF,1,Clay St & Drumm St@@@212,Clay St & Drumm St@@@86,,04:56:24,24:09:40,9.857142857142858,,9.857142857142858,,0,0,0,0,0,1,1
14017,Clay St & Front St,1,CALIFORNIA,3,005B95,FFFFFF,1,Clay St & Drumm St@@@212,Clay St & Drumm St@@@84,,05:06:37,24:21:37,9.902439024390244,,9.902439024390244,,0,0,0,0,0,1,1
14017,Clay St & Front St,12,FOLSOM-PACIFIC,3,005B95,FFFFFF,0,Main St & Howard St@@@54###Valencia St & Cesar Chavez St@@@98,Main St & Howard St@@@40###Valencia St & Cesar Chavez St@@@42,,06:12:26,22:13:42,10.0,,10.0,,0,0,0,0,0,1,1
14018,Clay St & Grant Ave/Chinatown,1,CALIFORNIA,3,005B95,FFFFFF,1,Clay St & Drumm St@@@212,Clay St & Drumm St@@@86,,05:03:35,24:17:59,9.904761904761905,,9.904761904761905,,0,0,0,0,0,1,1
14019,Clay St & Hyde St,1,CALIFORNIA,3,005B95,FFFFFF,1,Clay St & Drumm St@@@212,Clay St & Drumm St@@@86,,04:59:08,24:12:26,9.857142857142858,,9.857142857142858,,0,0,0,0,0,1,1
14020,Clay St & Jones St,1,CALIFORNIA,3,005B95,FFFFFF,1,Clay St & Drumm St@@@212,Clay St & Drumm St@@@84,,05:00:21,24:13:56,9.878048780487806,,9.878048780487806,,0,0,0,0,0,1,1
14021,Clay St & Kearny St,1,CALIFORNIA,3,005B95,FFFFFF,1,Clay St & Drumm St@@@212,Clay St & Drumm St@@@86,,05:04:17,24:18:51,9.904761904761905,,9.904761904761905,,0,0,0,0,0,1,1
14022,Clay St & Larkin St,1,CALIFORNIA,3,005B95,FFFFFF,1,Clay St & Drumm St@@@212,Clay St & Drumm St@@@86,,04:58:31,24:11:39,9.857142857142858,,9.857142857142858,,0,0,0,0,0,1,1
14023,Clay St & Leavenworth St,1,CALIFORNIA,3,005B95,FFFFFF,1,Clay St & Drumm St@@@212,Clay St & Drumm St@@@84,,04:59:43,24:13:09,9.853658536585366,,9.853658536585366,,0,0,0,0,0,1,1
14024,Clay St & Mason St,1,CALIFORNIA,3,005B95,FFFFFF,1,Clay St & Drumm St@@@212,Clay St & Drumm St@@@84,,05:01:45,24:15:41,9.878048780487806,,9.878048780487806,,0,0,0,0,0,1,1
14025,Clay St & Montgomery St,1,CALIFORNIA,3,005B95,FFFFFF,1,Clay St & Drumm St@@@212,Clay St & Drumm St@@@86,,05:05:00,24:19:46,9.904761904761905,,9.904761904761905,,0,0,0,0,0,1,1
14026,Clay St & Polk St,1,CALIFORNIA,3,005B95,FFFFFF,1,Clay St & Drumm St@@@212,Clay St & Drumm St@@@86,,04:58:00,24:11:00,9.857142857142858,,9.857142857142858,,0,0,0,0,0,1,1
14027,Clay St & Powell St,1,CALIFORNIA,3,005B95,FFFFFF,1,Clay St & Drumm St@@@212,Clay St & Drumm St@@@84,,05:02:00,24:16:00,9.878048780487806,,9.878048780487806,,0,0,0,0,0,1,1
14028,Clay St & Sansome St,1,CALIFORNIA,3,005B95,FFFFFF,1,Clay St & Drumm St@@@212,Clay St & Drumm St@@@86,,05:06:00,24:21:00,9.904761904761905,,9.904761904761905,,0,0,0,0,0,1,1
14028,Clay St & Sansome St,12,FOLSOM-PACIFIC,3,005B95,FFFFFF,0,Main St & Howard St@@@54###Valencia St & Cesar Chavez St@@@98,Main St & Howard St@@@40###Valencia St & Cesar Chavez St@@@42,,06:11:43,22:12:51,10.0,,10.0,,0,0,0,0,0,1,1
14029,Clay St & Stockton St/Chinatown,1,CALIFORNIA,3,005B95,FFFFFF,1,Clay St & Drumm St@@@212,Clay St & Drumm St@@@86,,05:02:53,24:17:07,9.880952380952381,,9.880952380952381,,0,0,0,0,0,1,1
14030,Clay St & Taylor St,1,CALIFORNIA,3,005B95,FFFFFF,1,Clay St & Drumm St@@@212,Clay St & Drumm St@@@84,,05:01:02,24:14:48,9.878048780487806,,9.878048780487806,,0,0,0,0,0,1,1
14031,Clay St & Van Ness Ave,1,CALIFORNIA,3,005B95,FFFFFF,1,Clay St & Drumm St@@@212,Clay St & Drumm St@@@86,,04:57:03,24:10:13,9.857142857142858,,9.857142857142858,,0,0,0,0,0,1,1
14032,Clarendon Ave & Clarendon Woods S,36,TERESITA,3,005B95,FFFFFF,1,Laguna Honda Blvd/Forest Hill Sta@@@58,Laguna Honda Blvd/Forest Hill Sta@@@28,,08:54:32,22:46:32,30.0,,30.0,,0,0,0,0,0,1,1
14033,Clarendon Ave & Galewood Circle,36,TERESITA,3,005B95,FFFFFF,1,Laguna Honda Blvd/Forest Hill Sta@@@116,Laguna Honda Blvd/Forest Hill Sta@@@56,,08:55:19,22:52:01,15.37037037037037,,15.37037037037037,,0,0,0,0,0,1,1
14035,Clarendon Ave & Olympia Way,36,TERESITA,3,005B95,FFFFFF,1,Laguna Honda Blvd/Forest Hill Sta@@@58,Laguna Honda Blvd/Forest Hill Sta@@@28,,08:54:58,22:46:58,30.0,,30.0,,0,0,0,0,0,1,1
14037,Clarendon Ave & Panorama Dr,36,TERESITA,3,005B95,FFFFFF,1,Laguna Honda Blvd/Forest Hill Sta@@@116,Laguna Honda Blvd/Forest Hill Sta@@@56,,08:55:29,22:52:11,15.37037037037037,,15.37037037037037,,0,0,0,0,0,1,1
14069,Clement St & Legion Of Honor Dr,18,46TH AVENUE,3,005B95,FFFFFF,0,19th Ave & Buckingham/Stonestown@@@16,,,19:20:36,21:59:36,,,,,0,0,0,0,0,1,1
14069,Clement St & Legion Of Honor Dr,18,46TH AVENUE,3,005B95,FFFFFF,1,Legion Of Honor@@@74,Legion Of Honor@@@42,,06:34:39,18:38:39,20.05,,20.05,,0,0,0,0,0,1,1
14070,Clayton St & Twin Peaks Blvd,33,ASHBURY-18TH ST,3,005B95,FFFFFF,0,25th St & Potrero Ave@@@98,25th St & Potrero Ave@@@44,,05:27:59,22:08:39,19.476190476190474,,19.476190476190474,,0,0,0,0,0,1,1
14071,Clipper St & Diamond Heights Blvd,48,QUINTARA-24TH STREET,3,005B95,FFFFFF,0,Lower Great Hwy & Rivera St@@@110,Lower Great Hwy & Rivera St@@@42,,05:24:08,24:24:08,20.05,,20.05,,0,0,0,0,0,1,1
14072,Clipper St & Portola Dr,48,QUINTARA-24TH STREET,3,005B95,FFFFFF,1,22nd St Caltrain Station/Iowa@@@108,22nd St Caltrain Station/Iowa@@@42,,05:43:34,24:22:34,20.0,,20.0,,0,0,0,0,0,1,1
14072,Clipper St & Portola Dr,52,EXCELSIOR,3,005B95,FFFFFF,0,Dublin St & La Grande Ave@@@58,Dublin St & La Grande Ave@@@28,,08:14:17,22:14:57,30.0,,30.0,,0,0,0,0,0,1,1
14073,Clayton St & Carl St,6,HAYES-PARNASSUS,3,005B95,FFFFFF,1,Hyde St & Grove St@@@116,Hyde St & Grove St@@@42,,05:10:37,24:11:52,20.1,,20.1,,0,0,0,0,0,1,1
14074,Clayton St & Carl St,6,HAYES-PARNASSUS,3,005B95,FFFFFF,0,14th Ave & Quintara St@@@114,14th Ave & Quintara St@@@40,,05:30:11,24:16:11,20.526315789473685,,20.526315789473685,,0,0,0,0,0,1,1
14075,Clayton St & Corbett Ave,33,ASHBURY-18TH ST,3,005B95,FFFFFF,1,Arguello Blvd & California St@@@14###Sacramento St & Cherry St@@@84,Sacramento St & Cherry St@@@40,,06:21:01,23:05:37,20.68421052631579,,20.68421052631579,,0,0,0,0,0,1,1
14076,Clayton St & Corbett Ave,33,ASHBURY-18TH ST,3,005B95,FFFFFF,0,25th St & Potrero Ave@@@98,25th St & Potrero Ave@@@44,,05:28:53,22:09:48,19.428571428571427,,19.428571428571427,,0,0,0,0,0,1,1
14078,Clayton St & Frederick St,6,HAYES-PARNASSUS,3,005B95,FFFFFF,1,Hyde St & Grove St@@@116,Hyde St & Grove St@@@42,,05:10:51,24:12:09,20.05,,20.05,,0,0,0,0,0,1,1
14079,Clayton St & Market St,33,ASHBURY-18TH ST,3,005B95,FFFFFF,1,Arguello Blvd & California St@@@14###Sacramento St & Cherry St@@@84,Sacramento St & Cherry St@@@40,,06:20:35,23:05:02,20.63157894736842,,20.63157894736842,,0,0,0,0,0,1,1
14080,Clayton St & Market St,33,ASHBURY-18TH ST,3,005B95,FFFFFF,0,25th St & Potrero Ave@@@98,25th St & Potrero Ave@@@44,,05:29:21,22:10:24,19.476190476190474,,19.476190476190474,,0,0,0,0,0,1,1
14081,Clayton St & Parnassus Ave,6,HAYES-PARNASSUS,3,005B95,FFFFFF,1,Hyde St & Grove St@@@116,Hyde St & Grove St@@@42,,05:10:19,24:11:30,20.05,,20.05,,0,0,0,0,0,1,1
14082,Clayton St & Parnassus Ave,6,HAYES-PARNASSUS,3,005B95,FFFFFF,0,14th Ave & Quintara St@@@114,14th Ave & Quintara St@@@40,,05:30:31,24:16:31,20.526315789473685,,20.526315789473685,,0,0,0,0,0,1,1
14087,Coit Tower,39,COIT,3,005B95,FFFFFF,1,North Point St & Stockton St@@@62,North Point St & Stockton St@@@42,,09:20:00,19:20:00,20.0,,20.0,,0,0,0,0,0,1,1
14088,Cole St & 17th St,37,CORBETT,3,005B95,FFFFFF,0,Parkridge Dr & Burnett Ave@@@54,Parkridge Dr & Burnett Ave@@@28,,09:09:38,22:09:38,30.076923076923077,,30.076923076923077,,0,0,0,0,0,1,1
14089,Cole St & Alma St,37,CORBETT,3,005B95,FFFFFF,0,Parkridge Dr & Burnett Ave@@@54,Parkridge Dr & Burnett Ave@@@28,,09:09:00,22:09:00,30.0,,30.0,,0,0,0,0,0,1,1
14090,Cole St & Alma St,37,CORBETT,3,005B95,FFFFFF,1,Masonic Ave & Haight St@@@54,Masonic Ave & Haight St@@@28,,09:17:18,22:15:18,30.076923076923077,,30.076923076923077,,0,0,0,0,0,1,1
14091,Cole St & Carl St,37,CORBETT,3,005B95,FFFFFF,1,Masonic Ave & Haight St@@@54,Masonic Ave & Haight St@@@28,,09:18:20,22:16:20,30.076923076923077,,30.076923076923077,,0,0,0,0,0,1,1
14091,Cole St & Carl St,43,MASONIC,3,005B95,FFFFFF,1,Marina Blvd & Laguna St@@@112,Marina Blvd & Laguna St@@@42,,05:33:00,24:23:00,20.2,,20.2,,0,0,0,0,0,1,1
14092,Cole St & Carl St,37,CORBETT,3,005B95,FFFFFF,0,Parkridge Dr & Burnett Ave@@@54,Parkridge Dr & Burnett Ave@@@28,,09:08:04,22:08:04,30.0,,30.0,,0,0,0,0,0,1,1
14092,Cole St & Carl St,43,MASONIC,3,005B95,FFFFFF,0,Munich St & Geneva Ave@@@112,Munich St & Geneva Ave@@@42,,05:24:53,24:16:15,20.45,,20.45,,0,0,0,0,0,1,1
14093,Cole St & Carmel St,37,CORBETT,3,005B95,FFFFFF,0,Parkridge Dr & Burnett Ave@@@54,Parkridge Dr & Burnett Ave@@@28,,09:09:57,22:09:57,30.076923076923077,,30.076923076923077,,0,0,0,0,0,1,1
14094,Cole St & Frederick St,37,CORBETT,3,005B95,FFFFFF,0,Parkridge Dr & Burnett Ave@@@54,Parkridge Dr & Burnett Ave@@@28,,09:07:33,22:07:33,30.0,,30.0,,0,0,0,0,0,1,1
14094,Cole St & Frederick St,43,MASONIC,3,005B95,FFFFFF,0,Munich St & Geneva Ave@@@112,Munich St & Geneva Ave@@@42,,05:24:27,24:15:45,20.45,,20.45,,0,0,0,0,0,1,1
14094,Cole St & Frederick St,NOWL,OWL JUDAH,3,666666,FFFFFF,0,Judah/La Playa/Ocean Beach@@@24,,Judah/La Playa/Ocean Beach@@@18,24:33:01,30:03:01,,30.0,,30.0,0,0,0,0,0,1,1
14095,Cole St & Haight St,37,CORBETT,3,005B95,FFFFFF,1,Masonic Ave & Haight St@@@54,Masonic Ave & Haight St@@@28,,09:19:36,22:17:36,30.076923076923077,,30.076923076923077,,0,0,0,0,0,1,1
14095,Cole St & Haight St,43,MASONIC,3,005B95,FFFFFF,1,Marina Blvd & Laguna St@@@112,Marina Blvd & Laguna St@@@42,,05:34:14,24:24:14,20.25,,20.25,,0,0,0,0,0,1,1
14095,Cole St & Haight St,NOWL,OWL JUDAH,3,666666,FFFFFF,1,Townsend St & 5th St/Caltrain@@@22,,Townsend St & 5th St/Caltrain@@@16,24:35:53,29:35:53,,30.0,,30.0,0,0,0,0,0,1,1
14096,Cole St & Haight St,37,CORBETT,3,005B95,FFFFFF,0,Parkridge Dr & Burnett Ave@@@54,Parkridge Dr & Burnett Ave@@@28,,09:06:29,22:06:29,30.0,,30.0,,0,0,0,0,0,1,1
14096,Cole St & Haight St,43,MASONIC,3,005B95,FFFFFF,0,Munich St & Geneva Ave@@@112,Munich St & Geneva Ave@@@42,,05:23:32,24:14:44,20.45,,20.45,,0,0,0,0,0,1,1
14096,Cole St & Haight St,NOWL,OWL JUDAH,3,666666,FFFFFF,0,Judah/La Playa/Ocean Beach@@@24,,Judah/La Playa/Ocean Beach@@@18,24:32:10,30:02:10,,30.0,,30.0,0,0,0,0,0,1,1
14097,Cole St & Parnassus Ave,37,CORBETT,3,005B95,FFFFFF,1,Masonic Ave & Haight St@@@54,Masonic Ave & Haight St@@@28,,09:17:54,22:15:54,30.076923076923077,,30.076923076923077,,0,0,0,0,0,1,1
14098,Cole St & Parnassus Ave,37,CORBETT,3,005B95,FFFFFF,0,Parkridge Dr & Burnett Ave@@@54,Parkridge Dr & Burnett Ave@@@28,,09:08:27,22:08:27,30.0,,30.0,,0,0,0,0,0,1,1
14099,Cole St & Waller St,37,CORBETT,3,005B95,FFFFFF,1,Masonic Ave & Haight St@@@54,Masonic Ave & Haight St@@@28,,09:19:16,22:17:16,30.076923076923077,,30.076923076923077,,0,0,0,0,0,1,1
14099,Cole St & Waller St,43,MASONIC,3,005B95,FFFFFF,1,Marina Blvd & Laguna St@@@112,Marina Blvd & Laguna St@@@42,,05:33:54,24:23:54,20.2,,20.2,,0,0,0,0,0,1,1
14099,Cole St & Waller St,NOWL,OWL JUDAH,3,666666,FFFFFF,1,Townsend St & 5th St/Caltrain@@@22,,Townsend St & 5th St/Caltrain@@@16,24:35:35,29:35:35,,30.0,,30.0,0,0,0,0,0,1,1
14100,Columbus Ave & Bay St,30,STOCKTON,3,005B95,FFFFFF,1,4th St & Mission St / Moscone Center@@@54###Townsend St & 4th St/Caltrain@@@136,4th St & Mission St / Moscone Center@@@42###Townsend St & 4th St/Caltrain@@@54,,06:03:43,24:10:43,8.574468085106384,,8.574468085106384,,0,0,0,0,0,1,1
14100,Columbus Ave & Bay St,91,3RD-19TH AVE OWL,3,666666,FFFFFF,0,Ulloa St & West Portal Ave@@@22,,Ulloa St & West Portal Ave@@@16,24:36:17,29:36:17,,30.0,,30.0,0,0,0,0,0,1,1
14101,Columbus Ave & Broadway,8,BAYSHORE,3,005B95,FFFFFF,1,Kearny St & North Point St@@@264,Kearny St & North Point St@@@118,,05:42:03,24:44:23,7.120689655172414,,7.120689655172414,,0,0,0,0,0,1,1
14103,Columbus Ave & Chestnut St,30,STOCKTON,3,005B95,FFFFFF,0,Crissy Field Terminal@@@104###Divisadero St & Chestnut St@@@36###Van Ness Ave & North Point St@@@54,Crissy Field Terminal@@@56###Van Ness Ave & North Point St@@@44,,05:23:04,24:17:04,8.46938775510204,,8.46938775510204,,0,0,0,0,0,1,1
14103,Columbus Ave & Chestnut St,91,3RD-19TH AVE OWL,3,666666,FFFFFF,1,19th Ave & Holloway/Sf State@@@24,,19th Ave & Holloway/Sf State@@@18,24:49:53,30:19:53,,30.0,,30.0,0,0,0,0,0,1,1
14104,Columbus Ave & Chestnut St,PM,POWELL-MASON CABLE CAR,5,B49A36,000000,0,Taylor St & Bay St@@@178,Taylor St & Bay St@@@88,,06:53:09,23:19:06,9.581395348837209,,9.581395348837209,,0,0,0,0,0,1,1
14105,Columbus Ave & Filbert St,30,STOCKTON,3,005B95,FFFFFF,1,4th St & Mission St / Moscone Center@@@54###Townsend St & 4th St/Caltrain@@@136,4th St & Mission St / Moscone Center@@@42###Townsend St & 4th St/Caltrain@@@56,,06:06:44,24:13:44,8.520833333333334,,8.520833333333334,,0,0,0,0,0,1,1
14105,Columbus Ave & Filbert St,91,3RD-19TH AVE OWL,3,666666,FFFFFF,0,Ulloa St & West Portal Ave@@@22,,Ulloa St & West Portal Ave@@@16,24:38:45,29:38:45,,30.0,,30.0,0,0,0,0,0,1,1
14106,Columbus Ave & Francisco St,30,STOCKTON,3,005B95,FFFFFF,0,Crissy Field Terminal@@@104###Divisadero St & Chestnut St@@@36###Van Ness Ave & North Point St@@@54,Crissy Field Terminal@@@56###Van Ness Ave & North Point St@@@44,,05:23:31,24:17:31,8.46938775510204,,8.46938775510204,,0,0,0,0,0,1,1
14106,Columbus Ave & Francisco St,91,3RD-19TH AVE OWL,3,666666,FFFFFF,1,19th Ave & Holloway/Sf State@@@24,,19th Ave & Holloway/Sf State@@@18,24:50:17,30:20:17,,30.0,,30.0,0,0,0,0,0,1,1
14107,Columbus Ave & Francisco St,30,STOCKTON,3,005B95,FFFFFF,1,4th St & Mission St / Moscone Center@@@54###Townsend St & 4th St/Caltrain@@@136,4th St & Mission St / Moscone Center@@@42###Townsend St & 4th St/Caltrain@@@56,,06:04:38,24:11:38,8.5,,8.5,,0,0,0,0,0,1,1
14107,Columbus Ave & Francisco St,91,3RD-19TH AVE OWL,3,666666,FFFFFF,0,Ulloa St & West Portal Ave@@@22,,Ulloa St & West Portal Ave@@@16,24:37:02,29:37:02,,30.0,,30.0,0,0,0,0,0,1,1
14108,Columbus Ave & Green St,8,BAYSHORE,3,005B95,FFFFFF,1,Kearny St & North Point St@@@264,Kearny St & North Point St@@@116,,05:42:54,24:45:20,7.140350877192983,,7.140350877192983,,0,0,0,0,0,1,1
14111,Columbus Ave & Kearny St,8,BAYSHORE,3,005B95,FFFFFF,1,Kearny St & North Point St@@@264,Kearny St & North Point St@@@118,,05:41:30,24:43:47,7.120689655172414,,7.120689655172414,,0,0,0,0,0,1,1
14113,Columbus Ave & Lombard St,PM,POWELL-MASON CABLE CAR,5,B49A36,000000,0,Taylor St & Bay St@@@178,Taylor St & Bay St@@@88,,06:52:29,23:18:26,9.604651162790697,,9.604651162790697,,0,0,0,0,0,1,1
14114,Columbus Ave & Lombard St,30,STOCKTON,3,005B95,FFFFFF,1,4th St & Mission St / Moscone Center@@@54###Townsend St & 4th St/Caltrain@@@136,4th St & Mission St / Moscone Center@@@42###Townsend St & 4th St/Caltrain@@@56,,06:05:45,24:12:45,8.5,,8.5,,0,0,0,0,0,1,1
14114,Columbus Ave & Lombard St,91,3RD-19TH AVE OWL,3,666666,FFFFFF,0,Ulloa St & West Portal Ave@@@22,,Ulloa St & West Portal Ave@@@16,24:37:57,29:37:57,,30.0,,30.0,0,0,0,0,0,1,1
14115,Columbus Ave & Mason St,30,STOCKTON,3,005B95,FFFFFF,0,Crissy Field Terminal@@@104###Divisadero St & Chestnut St@@@36###Van Ness Ave & North Point St@@@54,Crissy Field Terminal@@@56###Van Ness Ave & North Point St@@@42,,05:22:00,24:16:00,8.5625,,8.5625,,0,0,0,0,0,1,1
14115,Columbus Ave & Mason St,91,3RD-19TH AVE OWL,3,666666,FFFFFF,1,19th Ave & Holloway/Sf State@@@24,,19th Ave & Holloway/Sf State@@@18,24:48:54,30:18:54,,30.0,,30.0,0,0,0,0,0,1,1
14116,Columbus Ave & North Point St,30,STOCKTON,3,005B95,FFFFFF,0,Crissy Field Terminal@@@104###Divisadero St & Chestnut St@@@36###Van Ness Ave & North Point St@@@54,Crissy Field Terminal@@@56###Van Ness Ave & North Point St@@@44,,05:24:08,24:18:08,8.46938775510204,,8.46938775510204,,0,0,0,0,0,1,1
14116,Columbus Ave & North Point St,91,3RD-19TH AVE OWL,3,666666,FFFFFF,1,19th Ave & Holloway/Sf State@@@24,,19th Ave & Holloway/Sf State@@@18,24:50:51,30:20:51,,30.0,,30.0,0,0,0,0,0,1,1
14118,Columbus Ave & Taylor St,30,STOCKTON,3,005B95,FFFFFF,1,4th St & Mission St / Moscone Center@@@54###Townsend St & 4th St/Caltrain@@@136,4th St & Mission St / Moscone Center@@@42###Townsend St & 4th St/Caltrain@@@56,,06:05:16,24:12:16,8.5,,8.5,,0,0,0,0,0,1,1
14118,Columbus Ave & Taylor St,91,3RD-19TH AVE OWL,3,666666,FFFFFF,0,Ulloa St & West Portal Ave@@@22,,Ulloa St & West Portal Ave@@@16,24:37:33,29:37:33,,30.0,,30.0,0,0,0,0,0,1,1
14119,Columbus Ave & Union St,30,STOCKTON,3,005B95,FFFFFF,0,Crissy Field Terminal@@@104###Divisadero St & Chestnut St@@@36###Van Ness Ave & North Point St@@@54,Crissy Field Terminal@@@56###Van Ness Ave & North Point St@@@42,,05:21:00,24:15:00,8.5625,,8.5625,,0,0,0,0,0,1,1
14119,Columbus Ave & Union St,8,BAYSHORE,3,005B95,FFFFFF,1,Kearny St & North Point St@@@264,Kearny St & North Point St@@@118,,05:43:39,24:46:10,7.137931034482759,,7.137931034482759,,0,0,0,0,0,1,1
14119,Columbus Ave & Union St,91,3RD-19TH AVE OWL,3,666666,FFFFFF,1,19th Ave & Holloway/Sf State@@@24,,19th Ave & Holloway/Sf State@@@18,24:48:00,30:18:00,,30.0,,30.0,0,0,0,0,0,1,1
14120,Columbus Ave & Union St,30,STOCKTON,3,005B95,FFFFFF,1,4th St & Mission St / Moscone Center@@@54###Townsend St & 4th St/Caltrain@@@136,4th St & Mission St / Moscone Center@@@42###Townsend St & 4th St/Caltrain@@@56,,06:07:00,24:14:00,8.520833333333334,,8.520833333333334,,0,0,0,0,0,1,1
14120,Columbus Ave & Union St,8,BAYSHORE,3,005B95,FFFFFF,0,City College Terminal@@@260,City College Terminal@@@120,,05:05:00,24:06:00,7.033898305084746,,7.033898305084746,,0,0,0,0,0,1,1
14120,Columbus Ave & Union St,91,3RD-19TH AVE OWL,3,666666,FFFFFF,0,Ulloa St & West Portal Ave@@@22,,Ulloa St & West Portal Ave@@@16,24:39:00,29:39:00,,30.0,,30.0,0,0,0,0,0,1,1
14122,General Managers Office,19,POLK,3,005B95,FFFFFF,1,Beach St & Polk St@@@102,Beach St & Polk St@@@42,,05:21:24,22:10:24,20.0,,20.0,,0,0,0,0,0,1,1
14123,Connecticut St & 17th St,55,DOGPATCH,3,005B95,FFFFFF,1,16th St & Mission St@@@104,16th St & Mission St@@@42,,05:05:25,22:05:55,20.0,,20.0,,0,0,0,0,0,1,1
14124,Connecticut St & 17th St,55,DOGPATCH,3,005B95,FFFFFF,0,20th St & 3rd St@@@104,20th St & 3rd St@@@42,,05:06:59,22:06:29,20.1,,20.1,,0,0,0,0,0,1,1
14125,Connecticut St & 18th St,55,DOGPATCH,3,005B95,FFFFFF,0,20th St & 3rd St@@@104,20th St & 3rd St@@@42,,05:07:43,22:07:08,20.1,,20.1,,0,0,0,0,0,1,1
14126,Connecticut St & 18th St,55,DOGPATCH,3,005B95,FFFFFF,1,16th St & Mission St@@@104,16th St & Mission St@@@42,,05:04:39,22:05:02,20.0,,20.0,,0,0,0,0,0,1,1
14127,Connecticut St & 19th St,55,DOGPATCH,3,005B95,FFFFFF,1,16th St & Mission St@@@104,16th St & Mission St@@@42,,05:04:16,22:04:35,20.05,,20.05,,0,0,0,0,0,1,1
14128,Connecticut St & 25th St,19,POLK,3,005B95,FFFFFF,1,Beach St & Polk St@@@102,Beach St & Polk St@@@42,,05:20:47,22:09:47,20.0,,20.0,,0,0,0,0,0,1,1
14129,Connecticut St & 26th St,19,POLK,3,005B95,FFFFFF,1,Beach St & Polk St@@@102,Beach St & Polk St@@@42,,05:20:27,22:09:27,20.0,,20.0,,0,0,0,0,0,1,1
14130,Connecticut St & 26th St,19,POLK,3,005B95,FFFFFF,0,Galvez Ave & Hill Ave@@@102,Galvez Ave & Hill Ave@@@40,,05:32:27,22:35:19,20.31578947368421,,20.31578947368421,,0,0,0,0,0,1,1
14131,Connecticut St & Cesar Chavez St,19,POLK,3,005B95,FFFFFF,1,Beach St & Polk St@@@102,Beach St & Polk St@@@42,,05:20:00,22:09:00,20.0,,20.0,,0,0,0,0,0,1,1
14132,Connecticut St & Cesar Chavez St,19,POLK,3,005B95,FFFFFF,0,Galvez Ave & Hill Ave@@@102,Galvez Ave & Hill Ave@@@40,,05:33:00,22:36:00,20.31578947368421,,20.31578947368421,,0,0,0,0,0,1,1
14137,Cordova Ave & Prague St,43,MASONIC,3,005B95,FFFFFF,1,Marina Blvd & Laguna St@@@112,Marina Blvd & Laguna St@@@42,,05:02:49,23:52:49,19.95,,19.95,,0,0,0,0,0,1,1
14138,Cordova Ave & Winding Way,43,MASONIC,3,005B95,FFFFFF,0,Munich St & Geneva Ave@@@112,Munich St & Geneva Ave@@@42,,05:54:30,24:47:30,20.7,,20.7,,0,0,0,0,0,1,1
14139,Cordova Ave & Winding Way,43,MASONIC,3,005B95,FFFFFF,1,Marina Blvd & Laguna St@@@112,Marina Blvd & Laguna St@@@42,,05:02:33,23:52:33,19.95,,19.95,,0,0,0,0,0,1,1
14142,Cortland Ave & Andover St,24,DIVISADERO,3,005B95,FFFFFF,1,Divisadero St & Sutter St@@@28###Fillmore St & Jackson St@@@16###Jackson St & Webster St@@@158,Jackson St & Webster St@@@70,Divisadero St & Sutter St@@@14,05:16:57,29:04:56,12.088235294117647,30.0,12.088235294117647,30.0,0,0,0,0,0,1,1
14143,Cortland Ave & Andover St,24,DIVISADERO,3,005B95,FFFFFF,0,3rd St & Palou Ave@@@182###Cortland Ave & Bayshore Blvd@@@20,3rd St & Palou Ave@@@70,Cortland Ave & Bayshore Blvd@@@12,04:38:26,28:54:26,12.205882352941176,30.0,12.205882352941176,30.0,0,0,0,0,0,1,1
14145,Cortland Ave & Bocana St,24,DIVISADERO,3,005B95,FFFFFF,1,Divisadero St & Sutter St@@@28###Fillmore St & Jackson St@@@16###Jackson St & Webster St@@@158,Jackson St & Webster St@@@70,Divisadero St & Sutter St@@@14,05:17:38,29:05:38,12.088235294117647,30.0,12.088235294117647,30.0,0,0,0,0,0,1,1
14146,Cortland Ave & Bocana St,24,DIVISADERO,3,005B95,FFFFFF,0,3rd St & Palou Ave@@@182###Cortland Ave & Bayshore Blvd@@@20,3rd St & Palou Ave@@@70,Cortland Ave & Bayshore Blvd@@@12,04:37:50,28:53:50,12.176470588235293,30.0,12.176470588235293,30.0,0,0,0,0,0,1,1
14147,Cortland Ave & Bradford St,24,DIVISADERO,3,005B95,FFFFFF,1,Divisadero St & Sutter St@@@28###Fillmore St & Jackson St@@@16###Jackson St & Webster St@@@158,Jackson St & Webster St@@@70,Divisadero St & Sutter St@@@14,05:14:38,29:02:38,12.088235294117647,30.0,12.088235294117647,30.0,0,0,0,0,0,1,1
14148,Cortland Ave & Bayshore Blvd,24,DIVISADERO,3,005B95,FFFFFF,0,3rd St & Palou Ave@@@182###Cortland Ave & Bayshore Blvd@@@20,3rd St & Palou Ave@@@68,Cortland Ave & Bayshore Blvd@@@12,04:41:00,28:57:00,12.212121212121213,,12.212121212121213,,0,0,0,0,0,1,1
14148,Cortland Ave & Bayshore Blvd,24,DIVISADERO,3,005B95,FFFFFF,1,Divisadero St & Sutter St@@@20,,Divisadero St & Sutter St@@@14,24:41:00,29:01:00,,30.0,,30.0,0,0,0,0,0,1,1
14149,Cortland Ave & Elsie St,24,DIVISADERO,3,005B95,FFFFFF,1,Divisadero St & Sutter St@@@28###Fillmore St & Jackson St@@@16###Jackson St & Webster St@@@158,Jackson St & Webster St@@@70,Divisadero St & Sutter St@@@14,05:18:12,29:06:11,12.117647058823529,30.0,12.117647058823529,30.0,0,0,0,0,0,1,1
14150,Cortland Ave & Elsie St,24,DIVISADERO,3,005B95,FFFFFF,0,3rd St & Palou Ave@@@182###Cortland Ave & Bayshore Blvd@@@20,3rd St & Palou Ave@@@70,Cortland Ave & Bayshore Blvd@@@12,04:37:33,28:53:33,12.205882352941176,30.0,12.205882352941176,30.0,0,0,0,0,0,1,1
14151,Cortland Ave & Ellsworth St,24,DIVISADERO,3,005B95,FFFFFF,1,Divisadero St & Sutter St@@@28###Fillmore St & Jackson St@@@16###Jackson St & Webster St@@@158,Jackson St & Webster St@@@70,Divisadero St & Sutter St@@@14,05:16:20,29:04:19,12.117647058823529,30.0,12.117647058823529,30.0,0,0,0,0,0,1,1
14152,Cortland Ave & Ellsworth St,24,DIVISADERO,3,005B95,FFFFFF,0,3rd St & Palou Ave@@@182###Cortland Ave & Bayshore Blvd@@@20,3rd St & Palou Ave@@@68,Cortland Ave & Bayshore Blvd@@@12,04:38:59,28:54:59,12.212121212121213,30.0,12.212121212121213,30.0,0,0,0,0,0,1,1
14153,Cortland Ave & Folsom St,24,DIVISADERO,3,005B95,FFFFFF,1,Divisadero St & Sutter St@@@28###Fillmore St & Jackson St@@@16###Jackson St & Webster St@@@158,Jackson St & Webster St@@@70,Divisadero St & Sutter St@@@14,05:16:02,29:04:02,12.088235294117647,30.0,12.088235294117647,30.0,0,0,0,0,0,1,1
14154,Cortland Ave & Folsom St,24,DIVISADERO,3,005B95,FFFFFF,0,3rd St & Palou Ave@@@182###Cortland Ave & Bayshore Blvd@@@20,3rd St & Palou Ave@@@68,Cortland Ave & Bayshore Blvd@@@12,04:39:18,28:55:18,12.212121212121213,30.0,12.212121212121213,30.0,0,0,0,0,0,1,1
14155,Cortland Ave & Hilton St,24,DIVISADERO,3,005B95,FFFFFF,1,Divisadero St & Sutter St@@@20,,Divisadero St & Sutter St@@@14,24:42:00,29:02:00,,30.0,,30.0,0,0,0,0,0,1,1
14156,Cortland Ave & Mission St,24,DIVISADERO,3,005B95,FFFFFF,1,Divisadero St & Sutter St@@@28###Fillmore St & Jackson St@@@16###Jackson St & Webster St@@@158,Jackson St & Webster St@@@68,Divisadero St & Sutter St@@@14,05:19:12,29:07:11,12.090909090909092,30.0,12.090909090909092,30.0,0,0,0,0,0,1,1
14157,Cortland Ave & Mission St,24,DIVISADERO,3,005B95,FFFFFF,0,3rd St & Palou Ave@@@182###Cortland Ave & Bayshore Blvd@@@20,3rd St & Palou Ave@@@70,Cortland Ave & Bayshore Blvd@@@12,04:36:40,28:52:40,12.176470588235293,30.0,12.176470588235293,30.0,0,0,0,0,0,1,1
14158,Cortland Ave & Prentiss St,24,DIVISADERO,3,005B95,FFFFFF,1,Divisadero St & Sutter St@@@28###Fillmore St & Jackson St@@@16###Jackson St & Webster St@@@158,Jackson St & Webster St@@@70,Divisadero St & Sutter St@@@14,05:15:22,29:03:22,12.088235294117647,30.0,12.088235294117647,30.0,0,0,0,0,0,1,1
14158,Cortland Ave & Prentiss St,67,BERNAL HEIGHTS,3,005B95,FFFFFF,0,Ellsworth St & Crescent Ave@@@98,Ellsworth St & Crescent Ave@@@42,,06:08:17,22:06:17,19.95,,19.95,,0,0,0,0,0,1,1
14159,Cortland Ave & Prentiss St,24,DIVISADERO,3,005B95,FFFFFF,0,3rd St & Palou Ave@@@182###Cortland Ave & Bayshore Blvd@@@20,3rd St & Palou Ave@@@68,Cortland Ave & Bayshore Blvd@@@12,04:39:43,28:55:43,12.212121212121213,30.0,12.212121212121213,30.0,0,0,0,0,0,1,1
14159,Cortland Ave & Prentiss St,67,BERNAL HEIGHTS,3,005B95,FFFFFF,1,24th St & Mission St@@@98,24th St & Mission St@@@42,,06:17:25,22:14:25,19.9,,19.9,,0,0,0,0,0,1,1
14160,Cortland Ave & Prospect Ave,24,DIVISADERO,3,005B95,FFFFFF,1,Divisadero St & Sutter St@@@28###Fillmore St & Jackson St@@@16###Jackson St & Webster St@@@158,Jackson St & Webster St@@@68,Divisadero St & Sutter St@@@14,05:18:32,29:06:32,12.121212121212121,30.0,12.121212121212121,30.0,0,0,0,0,0,1,1
14161,Cortland Ave & Prospect Ave,24,DIVISADERO,3,005B95,FFFFFF,0,3rd St & Palou Ave@@@182###Cortland Ave & Bayshore Blvd@@@20,3rd St & Palou Ave@@@70,Cortland Ave & Bayshore Blvd@@@12,04:37:10,28:53:10,12.176470588235293,30.0,12.176470588235293,30.0,0,0,0,0,0,1,1
14162,210 Corbett Ave,37,CORBETT,3,005B95,FFFFFF,0,Parkridge Dr & Burnett Ave@@@54,Parkridge Dr & Burnett Ave@@@28,,09:24:02,22:24:02,30.076923076923077,,30.076923076923077,,0,0,0,0,0,1,1
14163,211 Corbett Ave,37,CORBETT,3,005B95,FFFFFF,1,Masonic Ave & Haight St@@@54,Masonic Ave & Haight St@@@28,,08:58:21,21:57:38,30.0,,30.0,,0,0,0,0,0,1,1
14164,328 Corbett Ave,37,CORBETT,3,005B95,FFFFFF,0,Parkridge Dr & Burnett Ave@@@54,Parkridge Dr & Burnett Ave@@@28,,09:24:56,22:24:56,30.076923076923077,,30.076923076923077,,0,0,0,0,0,1,1
14165,341 Corbett Ave,37,CORBETT,3,005B95,FFFFFF,1,Masonic Ave & Haight St@@@54,Masonic Ave & Haight St@@@28,,08:57:26,21:56:49,30.0,,30.0,,0,0,0,0,0,1,1
14166,539 Corbett Ave,37,CORBETT,3,005B95,FFFFFF,1,Masonic Ave & Haight St@@@54,Masonic Ave & Haight St@@@28,,08:56:04,21:55:37,30.0,,30.0,,0,0,0,0,0,1,1
14167,795 Corbett Ave,37,CORBETT,3,005B95,FFFFFF,0,Parkridge Dr & Burnett Ave@@@54,Parkridge Dr & Burnett Ave@@@28,,09:27:21,22:27:21,30.076923076923077,,30.076923076923077,,0,0,0,0,0,1,1
14168,800 Corbett Ave,37,CORBETT,3,005B95,FFFFFF,1,Masonic Ave & Haight St@@@54,Masonic Ave & Haight St@@@28,,08:54:37,21:54:19,30.0,,30.0,,0,0,0,0,0,1,1
14169,925 Corbett Ave,37,CORBETT,3,005B95,FFFFFF,1,Masonic Ave & Haight St@@@54,Masonic Ave & Haight St@@@28,,08:53:53,21:53:40,30.0,,30.0,,0,0,0,0,0,1,1
14170,956 Corbett Ave,37,CORBETT,3,005B95,FFFFFF,0,Parkridge Dr & Burnett Ave@@@54,Parkridge Dr & Burnett Ave@@@28,,09:28:10,22:28:10,30.076923076923077,,30.076923076923077,,0,0,0,0,0,1,1
14171,Corbett Ave & Clayton St,37,CORBETT,3,005B95,FFFFFF,0,Parkridge Dr & Burnett Ave@@@54,Parkridge Dr & Burnett Ave@@@28,,09:25:18,22:25:18,30.076923076923077,,30.076923076923077,,0,0,0,0,0,1,1
14172,Corbett Ave & Clayton St,37,CORBETT,3,005B95,FFFFFF,1,Masonic Ave & Haight St@@@54,Masonic Ave & Haight St@@@28,,08:56:51,21:56:18,30.0,,30.0,,0,0,0,0,0,1,1
14173,Corbett Ave & Cuesta Ct,37,CORBETT,3,005B95,FFFFFF,1,Masonic Ave & Haight St@@@54,Masonic Ave & Haight St@@@28,,08:53:25,21:53:16,30.0,,30.0,,0,0,0,0,0,1,1
14174,Corbett Ave & Danvers St,37,CORBETT,3,005B95,FFFFFF,1,Masonic Ave & Haight St@@@54,Masonic Ave & Haight St@@@28,,08:58:00,21:57:20,30.0,,30.0,,0,0,0,0,0,1,1
14175,Corbett Ave & Danvers St,37,CORBETT,3,005B95,FFFFFF,0,Parkridge Dr & Burnett Ave@@@54,Parkridge Dr & Burnett Ave@@@28,,09:24:22,22:24:22,30.076923076923077,,30.076923076923077,,0,0,0,0,0,1,1
14176,Corbett Ave & Douglass St,37,CORBETT,3,005B95,FFFFFF,1,Masonic Ave & Haight St@@@54,Masonic Ave & Haight St@@@28,,08:59:18,21:58:29,30.0,,30.0,,0,0,0,0,0,1,1
14177,Corbett Ave & Graystone Ter,37,CORBETT,3,005B95,FFFFFF,1,Masonic Ave & Haight St@@@54,Masonic Ave & Haight St@@@28,,08:55:36,21:55:12,30.0,,30.0,,0,0,0,0,0,1,1
14178,Corbett Ave & Graystone Ter,37,CORBETT,3,005B95,FFFFFF,0,Parkridge Dr & Burnett Ave@@@54,Parkridge Dr & Burnett Ave@@@28,,09:26:29,22:26:29,30.076923076923077,,30.076923076923077,,0,0,0,0,0,1,1
14179,Corbett Ave & Hattie St,37,CORBETT,3,005B95,FFFFFF,0,Parkridge Dr & Burnett Ave@@@54,Parkridge Dr & Burnett Ave@@@28,,09:23:36,22:23:36,30.076923076923077,,30.076923076923077,,0,0,0,0,0,1,1
14180,Corbett Ave & Hattie St,37,CORBETT,3,005B95,FFFFFF,1,Masonic Ave & Haight St@@@54,Masonic Ave & Haight St@@@28,,08:58:51,21:58:05,30.0,,30.0,,0,0,0,0,0,1,1
14181,Corbett Ave & Hopkins Ave,37,CORBETT,3,005B95,FFFFFF,0,Parkridge Dr & Burnett Ave@@@54,Parkridge Dr & Burnett Ave@@@28,,09:27:47,22:27:47,30.076923076923077,,30.076923076923077,,0,0,0,0,0,1,1
14182,Corbett Ave & Iron Aly,37,CORBETT,3,005B95,FFFFFF,0,Parkridge Dr & Burnett Ave@@@54,Parkridge Dr & Burnett Ave@@@28,,09:25:54,22:25:54,30.076923076923077,,30.076923076923077,,0,0,0,0,0,1,1
14183,Corbett Ave & Mars St,37,CORBETT,3,005B95,FFFFFF,1,Masonic Ave & Haight St@@@54,Masonic Ave & Haight St@@@28,,08:57:42,21:57:04,30.0,,30.0,,0,0,0,0,0,1,1
14184,Corbett Ave & Mars St,37,CORBETT,3,005B95,FFFFFF,0,Parkridge Dr & Burnett Ave@@@54,Parkridge Dr & Burnett Ave@@@28,,09:24:39,22:24:39,30.076923076923077,,30.076923076923077,,0,0,0,0,0,1,1
14185,Corbett Ave & Ord St,37,CORBETT,3,005B95,FFFFFF,0,Parkridge Dr & Burnett Ave@@@54,Parkridge Dr & Burnett Ave@@@28,,09:23:23,22:23:23,30.076923076923077,,30.076923076923077,,0,0,0,0,0,1,1
14186,Corbett Ave & Romain St,37,CORBETT,3,005B95,FFFFFF,1,Masonic Ave & Haight St@@@54,Masonic Ave & Haight St@@@28,,08:55:14,21:54:53,30.0,,30.0,,0,0,0,0,0,1,1
14187,Corbett Ave & Romain St,37,CORBETT,3,005B95,FFFFFF,0,Parkridge Dr & Burnett Ave@@@54,Parkridge Dr & Burnett Ave@@@28,,09:26:51,22:26:51,30.076923076923077,,30.076923076923077,,0,0,0,0,0,1,1
14188,Crescent Ave & Agnon Ave,23,MONTEREY,3,005B95,FFFFFF,1,Palou Ave & 3rd St@@@66,Palou Ave & 3rd St@@@28,,06:28:21,22:28:21,30.076923076923077,,30.076923076923077,,0,0,0,0,0,1,1
14189,Crescent Ave & Andover St,23,MONTEREY,3,005B95,FFFFFF,0,Sloat Blvd & 47th Ave@@@66,Sloat Blvd & 47th Ave@@@28,,06:20:14,22:20:14,29.923076923076923,,29.923076923076923,,0,0,0,0,0,1,1
14190,Crescent Ave & Andover St,23,MONTEREY,3,005B95,FFFFFF,1,Palou Ave & 3rd St@@@66,Palou Ave & 3rd St@@@28,,06:29:41,22:29:41,30.076923076923077,,30.076923076923077,,0,0,0,0,0,1,1
14191,Crescent Ave & Arnold Ave,23,MONTEREY,3,005B95,FFFFFF,1,Palou Ave & 3rd St@@@66,Palou Ave & 3rd St@@@28,,06:28:55,22:28:55,30.076923076923077,,30.076923076923077,,0,0,0,0,0,1,1
14192,Crescent Ave & College Ave,23,MONTEREY,3,005B95,FFFFFF,1,Palou Ave & 3rd St@@@66,Palou Ave & 3rd St@@@26,,06:27:44,22:27:44,30.083333333333332,,30.083333333333332,,0,0,0,0,0,1,1
14195,Crescent Ave & Folsom St,23,MONTEREY,3,005B95,FFFFFF,0,Sloat Blvd & 47th Ave@@@66,Sloat Blvd & 47th Ave@@@28,,06:19:30,22:19:30,29.923076923076923,,29.923076923076923,,0,0,0,0,0,1,1
14196,Crescent Ave & Folsom St,23,MONTEREY,3,005B95,FFFFFF,1,Palou Ave & 3rd St@@@66,Palou Ave & 3rd St@@@28,,06:30:33,22:30:33,30.076923076923077,,30.076923076923077,,0,0,0,0,0,1,1
14197,Crescent Ave & Leese St,23,MONTEREY,3,005B95,FFFFFF,0,Sloat Blvd & 47th Ave@@@66,Sloat Blvd & 47th Ave@@@28,,06:21:36,22:21:36,29.923076923076923,,29.923076923076923,,0,0,0,0,0,1,1
14198,Crescent Ave & Mission St,23,MONTEREY,3,005B95,FFFFFF,0,Sloat Blvd & 47th Ave@@@66,Sloat Blvd & 47th Ave@@@28,,06:22:03,22:22:03,29.923076923076923,,29.923076923076923,,0,0,0,0,0,1,1
14199,Crescent Ave & Murray St,23,MONTEREY,3,005B95,FFFFFF,0,Sloat Blvd & 47th Ave@@@66,Sloat Blvd & 47th Ave@@@28,,06:21:02,22:21:02,29.923076923076923,,29.923076923076923,,0,0,0,0,0,1,1
14200,Crescent Ave & Porter St,23,MONTEREY,3,005B95,FFFFFF,1,Palou Ave & 3rd St@@@66,Palou Ave & 3rd St@@@28,,06:29:20,22:29:20,30.076923076923077,,30.076923076923077,,0,0,0,0,0,1,1
14201,Crescent Ave & Putnam St,23,MONTEREY,3,005B95,FFFFFF,0,Sloat Blvd & 47th Ave@@@66,Sloat Blvd & 47th Ave@@@28,,06:19:02,22:19:02,30.0,,30.0,,0,0,0,0,0,1,1
14202,Crescent Ave & Putnam St,23,MONTEREY,3,005B95,FFFFFF,1,Palou Ave & 3rd St@@@66,Palou Ave & 3rd St@@@28,,06:31:16,22:31:16,30.076923076923077,,30.076923076923077,,0,0,0,0,0,1,1
14202,Crescent Ave & Putnam St,67,BERNAL HEIGHTS,3,005B95,FFFFFF,0,Ellsworth St & Crescent Ave@@@98,Ellsworth St & Crescent Ave@@@42,,06:12:00,22:09:00,19.9,,19.9,,0,0,0,0,0,1,1
14203,Crescent Ave & Roscoe St,23,MONTEREY,3,005B95,FFFFFF,0,Sloat Blvd & 47th Ave@@@66,Sloat Blvd & 47th Ave@@@28,,06:20:41,22:20:41,30.0,,30.0,,0,0,0,0,0,1,1
14204,Carmel St & Belvedere St,37,CORBETT,3,005B95,FFFFFF,0,Parkridge Dr & Burnett Ave@@@54,Parkridge Dr & Burnett Ave@@@28,,09:10:25,22:10:25,30.0,,30.0,,0,0,0,0,0,1,1
14205,Carmel St & Twin Peaks Blvd,37,CORBETT,3,005B95,FFFFFF,0,Parkridge Dr & Burnett Ave@@@54,Parkridge Dr & Burnett Ave@@@28,,09:10:44,22:10:44,30.076923076923077,,30.076923076923077,,0,0,0,0,0,1,1
14207,Crespi Dr & Varela Ave,29,SUNSET,3,005B95,FFFFFF,0,Fitzgerald Ave & Keith St@@@168,Fitzgerald Ave & Keith St@@@68,,05:23:26,24:22:26,12.424242424242424,,12.424242424242424,,0,0,0,0,0,1,1
14209,40 Crestline Dr,37,CORBETT,3,005B95,FFFFFF,0,Parkridge Dr & Burnett Ave@@@54,Parkridge Dr & Burnett Ave@@@26,,09:31:26,22:31:26,30.083333333333332,,30.083333333333332,,0,0,0,0,0,1,1
14210,74 Crestline Dr,37,CORBETT,3,005B95,FFFFFF,0,Parkridge Dr & Burnett Ave@@@54,Parkridge Dr & Burnett Ave@@@26,,09:31:56,22:31:56,30.083333333333332,,30.083333333333332,,0,0,0,0,0,1,1
14211,Fulton St & 33rd Ave,5,FULTON,3,005B95,FFFFFF,0,Cabrillo St & La Playa St@@@300,Cabrillo St & La Playa St@@@122,Cabrillo St & La Playa St@@@14,04:51:31,29:21:31,6.95,30.0,6.95,30.0,0,0,0,0,0,1,1
14212,Fulton St & 33rd Ave,5,FULTON,3,005B95,FFFFFF,1,4th St & Market St@@@18###6th Ave & Fulton St@@@22###Transit Center Bay B@@@260,Transit Center Bay B@@@120,4th St & Market St@@@12###6th Ave & Fulton St@@@4,05:04:03,29:28:23,7.0,28.142857142857142,7.0,28.142857142857142,0,0,0,0,0,1,1
14213,Fulton St & 36th Ave,5,FULTON,3,005B95,FFFFFF,0,Cabrillo St & La Playa St@@@300,Cabrillo St & La Playa St@@@122,Cabrillo St & La Playa St@@@14,04:52:03,29:22:03,6.95,30.0,6.95,30.0,0,0,0,0,0,1,1
14215,Fulton St & 37th Ave,5,FULTON,3,005B95,FFFFFF,1,4th St & Market St@@@18###6th Ave & Fulton St@@@22###Transit Center Bay B@@@260,Transit Center Bay B@@@120,4th St & Market St@@@12###6th Ave & Fulton St@@@4,05:03:15,29:27:43,7.0,28.142857142857142,7.0,28.142857142857142,0,0,0,0,0,1,1
14218,Fulton St & 40th Ave,5,FULTON,3,005B95,FFFFFF,1,4th St & Market St@@@18###6th Ave & Fulton St@@@22###Transit Center Bay B@@@260,Transit Center Bay B@@@120,4th St & Market St@@@12###6th Ave & Fulton St@@@4,05:02:37,29:27:11,7.0,28.285714285714285,7.0,28.285714285714285,0,0,0,0,0,1,1
14221,Fulton St & 46th Ave,5,FULTON,3,005B95,FFFFFF,0,Cabrillo St & La Playa St@@@300,Cabrillo St & La Playa St@@@120,Cabrillo St & La Playa St@@@14,04:53:53,29:23:53,6.9491525423728815,30.0,6.9491525423728815,30.0,0,0,0,0,0,1,1
14222,Fulton St & 46th Ave,5,FULTON,3,005B95,FFFFFF,1,4th St & Market St@@@18###6th Ave & Fulton St@@@22###Transit Center Bay B@@@260,Transit Center Bay B@@@120,4th St & Market St@@@12###6th Ave & Fulton St@@@4,05:01:18,29:26:05,7.0,28.285714285714285,7.0,28.285714285714285,0,0,0,0,0,1,1
14223,Fulton St & Arguello Blvd,5,FULTON,3,005B95,FFFFFF,0,6th Ave & Fulton St@@@22###Cabrillo St & La Playa St@@@272,Cabrillo St & La Playa St@@@118,6th Ave & Fulton St@@@2###Cabrillo St & La Playa St@@@14,05:26:18,29:30:38,7.051724137931035,28.0,7.051724137931035,28.0,0,0,0,0,0,1,1
14224,Fulton St & Arguello Blvd,33,ASHBURY-18TH ST,3,005B95,FFFFFF,0,25th St & Potrero Ave@@@98,25th St & Potrero Ave@@@44,,05:19:46,21:58:10,19.333333333333332,,19.333333333333332,,0,0,0,0,0,1,1
14224,Fulton St & Arguello Blvd,5,FULTON,3,005B95,FFFFFF,1,4th St & Market St@@@18###Transit Center Bay B@@@276,Transit Center Bay B@@@120,4th St & Market St@@@12,04:24:35,28:49:36,7.033898305084746,30.0,7.033898305084746,30.0,0,0,0,0,0,1,1
14225,Fulton St & Clayton St,5,FULTON,3,005B95,FFFFFF,0,6th Ave & Fulton St@@@22###Cabrillo St & La Playa St@@@272,Cabrillo St & La Playa St@@@120,6th Ave & Fulton St@@@2###Cabrillo St & La Playa St@@@14,05:23:55,29:28:44,7.067796610169491,28.0,7.067796610169491,28.0,0,0,0,0,0,1,1
14226,Fulton St & Clayton St,5,FULTON,3,005B95,FFFFFF,1,4th St & Market St@@@18###Transit Center Bay B@@@276,Transit Center Bay B@@@120,4th St & Market St@@@12,04:26:59,28:52:01,7.033898305084746,30.0,7.033898305084746,30.0,0,0,0,0,0,1,1
14227,Fulton St & Great Hwy,18,46TH AVENUE,3,005B95,FFFFFF,0,19th Ave & Buckingham/Stonestown@@@96,19th Ave & Buckingham/Stonestown@@@42,,06:09:42,22:10:42,20.0,,20.0,,0,0,0,0,0,1,1
14228,Fulton St & La Playa St,5,FULTON,3,005B95,FFFFFF,1,4th St & Market St@@@18###6th Ave & Fulton St@@@22###Transit Center Bay B@@@260,Transit Center Bay B@@@120,4th St & Market St@@@12###6th Ave & Fulton St@@@4,05:00:40,29:25:34,7.0,28.285714285714285,7.0,28.285714285714285,0,0,0,0,0,1,1
14229,Fulton St & Masonic Ave,5,FULTON,3,005B95,FFFFFF,0,6th Ave & Fulton St@@@22###Cabrillo St & La Playa St@@@272,Cabrillo St & La Playa St@@@120,6th Ave & Fulton St@@@2###Cabrillo St & La Playa St@@@14,05:23:00,29:28:00,7.0508474576271185,28.0,7.0508474576271185,28.0,0,0,0,0,0,1,1
14230,Fulton St & Masonic Ave,5,FULTON,3,005B95,FFFFFF,1,4th St & Market St@@@18###Transit Center Bay B@@@276,Transit Center Bay B@@@122,4th St & Market St@@@12,04:28:00,28:53:00,6.983333333333333,30.0,6.983333333333333,30.0,0,0,0,0,0,1,1
14231,Fulton St & Park Presidio Blvd,5,FULTON,3,005B95,FFFFFF,0,Cabrillo St & La Playa St@@@300,Cabrillo St & La Playa St@@@122,Cabrillo St & La Playa St@@@14,04:47:40,29:17:39,6.95,30.0,6.95,30.0,0,0,0,0,0,1,1
14232,Fulton St & Park Presidio Blvd,5,FULTON,3,005B95,FFFFFF,1,4th St & Market St@@@18###6th Ave & Fulton St@@@22###Transit Center Bay B@@@260,Transit Center Bay B@@@120,4th St & Market St@@@12###6th Ave & Fulton St@@@4,05:09:04,29:32:27,7.016949152542373,28.0,7.016949152542373,28.0,0,0,0,0,0,1,1
14233,Fulton St & Parker Ave,5,FULTON,3,005B95,FFFFFF,0,6th Ave & Fulton St@@@22###Cabrillo St & La Playa St@@@272,Cabrillo St & La Playa St@@@118,6th Ave & Fulton St@@@2###Cabrillo St & La Playa St@@@14,05:24:46,29:29:25,7.068965517241379,28.0,7.068965517241379,28.0,0,0,0,0,0,1,1
14234,Fulton St & Shrader St,5,FULTON,3,005B95,FFFFFF,1,4th St & Market St@@@18###Transit Center Bay B@@@276,Transit Center Bay B@@@120,4th St & Market St@@@12,04:26:08,28:51:09,7.033898305084746,30.0,7.033898305084746,30.0,0,0,0,0,0,1,1
14235,Fulton St & Stanyan St,5,FULTON,3,005B95,FFFFFF,1,4th St & Market St@@@18###Transit Center Bay B@@@276,Transit Center Bay B@@@120,4th St & Market St@@@12,04:25:33,28:50:34,7.016949152542373,30.0,7.016949152542373,30.0,0,0,0,0,0,1,1
14236,Fulton St & Stanyan Stw,33,ASHBURY-18TH ST,3,005B95,FFFFFF,1,Arguello Blvd & California St@@@14###Sacramento St & Cherry St@@@84,Sacramento St & Cherry St@@@40,,06:28:51,23:16:47,21.05263157894737,,21.05263157894737,,0,0,0,0,0,1,1
14236,Fulton St & Stanyan Stw,5,FULTON,3,005B95,FFFFFF,0,6th Ave & Fulton St@@@22###Cabrillo St & La Playa St@@@272,Cabrillo St & La Playa St@@@118,6th Ave & Fulton St@@@2###Cabrillo St & La Playa St@@@14,05:25:17,29:29:50,7.051724137931035,28.0,7.051724137931035,28.0,0,0,0,0,0,1,1
14238,Fowler Ave & Portola Dr,36,TERESITA,3,005B95,FFFFFF,0,Valencia St & Mission St@@@58,Valencia St & Mission St@@@28,,08:20:37,22:19:17,30.0,,30.0,,0,0,0,0,0,1,1
14245,Garfield St & Beverly St,29,SUNSET,3,005B95,FFFFFF,1,25th Ave & California St@@@22###Bowley St & Lincoln Blvd@@@142,Bowley St & Lincoln Blvd@@@68,,05:28:13,24:28:13,12.030303030303031,,12.030303030303031,,0,0,0,0,0,1,1
14246,Garfield St & Bright St,29,SUNSET,3,005B95,FFFFFF,1,25th Ave & California St@@@22###Bowley St & Lincoln Blvd@@@142,Bowley St & Lincoln Blvd@@@70,,05:26:06,24:26:06,12.029411764705882,,12.029411764705882,,0,0,0,0,0,1,1
14247,Garfield St & Bright St,29,SUNSET,3,005B95,FFFFFF,0,Fitzgerald Ave & Keith St@@@168,Fitzgerald Ave & Keith St@@@66,,05:27:42,24:26:42,12.46875,,12.46875,,0,0,0,0,0,1,1
14248,Garfield St & Byxbee St,29,SUNSET,3,005B95,FFFFFF,1,25th Ave & California St@@@22###Bowley St & Lincoln Blvd@@@142,Bowley St & Lincoln Blvd@@@70,,05:27:45,24:27:45,12.0,,12.0,,0,0,0,0,0,1,1
14253,Garfield St & Vernon St,29,SUNSET,3,005B95,FFFFFF,1,25th Ave & California St@@@22###Bowley St & Lincoln Blvd@@@142,Bowley St & Lincoln Blvd@@@70,,05:27:17,24:27:17,12.029411764705882,,12.029411764705882,,0,0,0,0,0,1,1
14254,Garfield St & Victoria St,29,SUNSET,3,005B95,FFFFFF,0,Fitzgerald Ave & Keith St@@@168,Fitzgerald Ave & Keith St@@@68,,05:27:15,24:26:15,12.424242424242424,,12.424242424242424,,0,0,0,0,0,1,1
14255,Geary Blvd & 3rd Ave,38,GEARY,3,005B95,FFFFFF,0,48th Ave & Point Lobos Ave@@@56###Geary Blvd & 32nd Ave@@@90###V.A. Hospital@@@82,Geary Blvd & 32nd Ave@@@42###V.A. Hospital@@@42,48th Ave & Point Lobos Ave@@@14,05:51:52,29:28:34,10.024390243902438,30.0,10.024390243902438,30.0,0,0,0,0,0,1,1
14256,Geary Blvd & 3rd Ave,38,GEARY,3,005B95,FFFFFF,1,Transit Center Bay D@@@228,Transit Center Bay D@@@84,Transit Center Bay D@@@14,05:43:35,29:28:08,10.0,30.0,10.0,30.0,0,0,0,0,0,1,1
14257,Geary Blvd & 6th Ave,38,GEARY,3,005B95,FFFFFF,0,48th Ave & Point Lobos Ave@@@56###Geary Blvd & 32nd Ave@@@90###V.A. Hospital@@@82,Geary Blvd & 32nd Ave@@@42###V.A. Hospital@@@42,48th Ave & Point Lobos Ave@@@14,05:53:22,29:29:34,10.024390243902438,30.0,10.024390243902438,30.0,0,0,0,0,0,1,1
14257,Geary Blvd & 6th Ave,38R,GEARY RAPID,3,BF2B45,FFFFFF,0,48th Ave & Point Lobos Ave@@@174,48th Ave & Point Lobos Ave@@@84,,06:30:58,21:30:58,10.024390243902438,,10.024390243902438,,0,0,0,0,0,1,1
14258,Geary Blvd & 6th Ave,38,GEARY,3,005B95,FFFFFF,1,Transit Center Bay D@@@228,Transit Center Bay D@@@84,Transit Center Bay D@@@14,05:42:35,29:27:16,10.0,30.0,10.0,30.0,0,0,0,0,0,1,1
14258,Geary Blvd & 6th Ave,38R,GEARY RAPID,3,BF2B45,FFFFFF,1,Transit Center Bay C@@@174,Transit Center Bay C@@@84,,06:13:24,21:13:24,10.0,,10.0,,0,0,0,0,0,1,1
14259,Geary Blvd & 9th Ave,38,GEARY,3,005B95,FFFFFF,0,48th Ave & Point Lobos Ave@@@56###Geary Blvd & 32nd Ave@@@90###V.A. Hospital@@@82,Geary Blvd & 32nd Ave@@@42###V.A. Hospital@@@40,48th Ave & Point Lobos Ave@@@16,05:54:50,29:30:33,10.025,30.0,10.025,30.0,0,0,0,0,0,1,1
14260,Geary Blvd & 9th Ave,38,GEARY,3,005B95,FFFFFF,1,Transit Center Bay D@@@228,Transit Center Bay D@@@84,Transit Center Bay D@@@14,05:41:31,29:26:19,10.024390243902438,30.0,10.024390243902438,30.0,0,0,0,0,0,1,1
14263,Geary Blvd & 17th Ave,38,GEARY,3,005B95,FFFFFF,0,48th Ave & Point Lobos Ave@@@56###Geary Blvd & 32nd Ave@@@90###V.A. Hospital@@@82,Geary Blvd & 32nd Ave@@@42###V.A. Hospital@@@42,48th Ave & Point Lobos Ave@@@16,05:58:27,29:32:58,10.024390243902438,30.0,10.024390243902438,30.0,0,0,0,0,0,1,1
14264,Geary Blvd & 17th Ave,38,GEARY,3,005B95,FFFFFF,1,Transit Center Bay D@@@228,Transit Center Bay D@@@84,Transit Center Bay D@@@14,05:38:33,29:23:45,10.0,30.0,10.0,30.0,0,0,0,0,0,1,1
14265,Geary Blvd & 20th Ave,38,GEARY,3,005B95,FFFFFF,0,48th Ave & Point Lobos Ave@@@56###Geary Blvd & 32nd Ave@@@90###V.A. Hospital@@@82,Geary Blvd & 32nd Ave@@@42###V.A. Hospital@@@42,48th Ave & Point Lobos Ave@@@16,06:00:02,29:34:01,10.024390243902438,30.0,10.024390243902438,30.0,0,0,0,0,0,1,1
14265,Geary Blvd & 20th Ave,38R,GEARY RAPID,3,BF2B45,FFFFFF,0,48th Ave & Point Lobos Ave@@@174,48th Ave & Point Lobos Ave@@@84,,06:36:21,21:36:21,10.024390243902438,,10.024390243902438,,0,0,0,0,0,1,1
14266,Geary Blvd & 20th Ave,38,GEARY,3,005B95,FFFFFF,1,Transit Center Bay D@@@228,Transit Center Bay D@@@84,Transit Center Bay D@@@14,05:37:31,29:22:52,10.024390243902438,30.0,10.024390243902438,30.0,0,0,0,0,0,1,1
14266,Geary Blvd & 20th Ave,38R,GEARY RAPID,3,BF2B45,FFFFFF,1,Transit Center Bay C@@@174,Transit Center Bay C@@@84,,06:09:13,21:09:13,10.0,,10.0,,0,0,0,0,0,1,1
14267,Geary Blvd & 22nd Ave,38,GEARY,3,005B95,FFFFFF,0,48th Ave & Point Lobos Ave@@@56###Geary Blvd & 32nd Ave@@@90###V.A. Hospital@@@82,Geary Blvd & 32nd Ave@@@42###V.A. Hospital@@@42,48th Ave & Point Lobos Ave@@@16,06:01:00,29:34:40,10.024390243902438,30.0,10.024390243902438,30.0,0,0,0,0,0,1,1
14268,Geary Blvd & 23rd Ave,38,GEARY,3,005B95,FFFFFF,1,Transit Center Bay D@@@228,Transit Center Bay D@@@84,Transit Center Bay D@@@14,05:36:30,29:22:00,10.024390243902438,30.0,10.024390243902438,30.0,0,0,0,0,0,1,1
14269,Geary Blvd & 25th Ave,38,GEARY,3,005B95,FFFFFF,0,48th Ave & Point Lobos Ave@@@56###Geary Blvd & 32nd Ave@@@90###V.A. Hospital@@@82,Geary Blvd & 32nd Ave@@@42###V.A. Hospital@@@42,48th Ave & Point Lobos Ave@@@16,06:02:17,29:35:31,10.024390243902438,30.0,10.024390243902438,30.0,0,0,0,0,0,1,1
14269,Geary Blvd & 25th Ave,38R,GEARY RAPID,3,BF2B45,FFFFFF,0,48th Ave & Point Lobos Ave@@@174,48th Ave & Point Lobos Ave@@@84,,06:38:06,21:38:06,10.024390243902438,,10.024390243902438,,0,0,0,0,0,1,1
14270,Geary Blvd & 25th Ave,38,GEARY,3,005B95,FFFFFF,1,Transit Center Bay D@@@228,Transit Center Bay D@@@84,Transit Center Bay D@@@14,05:35:49,29:21:25,10.024390243902438,30.0,10.024390243902438,30.0,0,0,0,0,0,1,1
14270,Geary Blvd & 25th Ave,38R,GEARY RAPID,3,BF2B45,FFFFFF,1,Transit Center Bay C@@@174,Transit Center Bay C@@@84,,06:07:38,21:07:38,10.0,,10.0,,0,0,0,0,0,1,1
14271,Geary Blvd & 28th Ave,38,GEARY,3,005B95,FFFFFF,0,48th Ave & Point Lobos Ave@@@56###Geary Blvd & 32nd Ave@@@90###V.A. Hospital@@@82,Geary Blvd & 32nd Ave@@@42###V.A. Hospital@@@42,48th Ave & Point Lobos Ave@@@16,06:03:42,29:36:28,10.024390243902438,30.0,10.024390243902438,30.0,0,0,0,0,0,1,1
14272,Geary Blvd & 28th Ave,38,GEARY,3,005B95,FFFFFF,1,Transit Center Bay D@@@228,Transit Center Bay D@@@84,Transit Center Bay D@@@14,05:34:42,29:20:27,10.0,30.0,10.0,30.0,0,0,0,0,0,1,1
14273,Geary Blvd & 30th Ave,38,GEARY,3,005B95,FFFFFF,0,48th Ave & Point Lobos Ave@@@56###Geary Blvd & 32nd Ave@@@90###V.A. Hospital@@@82,Geary Blvd & 32nd Ave@@@40###V.A. Hospital@@@42,48th Ave & Point Lobos Ave@@@16,06:04:40,29:37:07,10.025,30.0,10.025,30.0,0,0,0,0,0,1,1
14274,Geary Blvd & 30th Ave,38,GEARY,3,005B95,FFFFFF,1,Transit Center Bay D@@@228,Transit Center Bay D@@@84,Transit Center Bay D@@@14,05:34:01,29:19:52,10.024390243902438,30.0,10.024390243902438,30.0,0,0,0,0,0,1,1
14275,Geary Blvd & 32nd Ave,38,GEARY,3,005B95,FFFFFF,1,Transit Center Bay D@@@228,Transit Center Bay D@@@84,Transit Center Bay D@@@14,05:33:32,29:19:27,10.0,30.0,10.0,30.0,0,0,0,0,0,1,1
14277,Geary Blvd & 33rd Ave,1,CALIFORNIA,3,005B95,FFFFFF,1,California St & Presidio Ave@@@18###Clay St & Drumm St@@@204,Clay St & Drumm St@@@84,,05:00:00,24:27:00,10.0,,10.0,,0,0,0,0,0,1,1
14278,Geary Blvd & 33rd Ave,38,GEARY,3,005B95,FFFFFF,0,48th Ave & Point Lobos Ave@@@56###V.A. Hospital@@@82,V.A. Hospital@@@42,48th Ave & Point Lobos Ave@@@16,06:06:00,29:38:00,20.05,30.0,20.05,30.0,0,0,0,0,0,1,1
14278,Geary Blvd & 33rd Ave,38R,GEARY RAPID,3,BF2B45,FFFFFF,0,48th Ave & Point Lobos Ave@@@174,48th Ave & Point Lobos Ave@@@84,,06:41:00,21:41:00,10.024390243902438,,10.024390243902438,,0,0,0,0,0,1,1
14279,Geary Blvd & 33rd Ave,38,GEARY,3,005B95,FFFFFF,1,Transit Center Bay D@@@136,Transit Center Bay D@@@42,Transit Center Bay D@@@14,05:33:00,29:19:00,20.0,30.0,20.0,30.0,0,0,0,0,0,1,1
14279,Geary Blvd & 33rd Ave,38R,GEARY RAPID,3,BF2B45,FFFFFF,1,Transit Center Bay C@@@174,Transit Center Bay C@@@84,,06:05:00,21:05:00,10.0,,10.0,,0,0,0,0,0,1,1
14280,Geary Blvd & 36th Ave,38,GEARY,3,005B95,FFFFFF,0,48th Ave & Point Lobos Ave@@@56###V.A. Hospital@@@82,V.A. Hospital@@@42,48th Ave & Point Lobos Ave@@@16,06:06:55,29:38:43,20.05,30.0,20.05,30.0,0,0,0,0,0,1,1
14280,Geary Blvd & 36th Ave,38R,GEARY RAPID,3,BF2B45,FFFFFF,0,48th Ave & Point Lobos Ave@@@174,48th Ave & Point Lobos Ave@@@84,,06:41:53,21:41:53,10.024390243902438,,10.024390243902438,,0,0,0,0,0,1,1
14281,Geary Blvd & 36th Ave,38,GEARY,3,005B95,FFFFFF,1,Transit Center Bay D@@@136,Transit Center Bay D@@@42,Transit Center Bay D@@@14,05:32:07,29:18:07,20.0,30.0,20.0,30.0,0,0,0,0,0,1,1
14281,Geary Blvd & 36th Ave,38R,GEARY RAPID,3,BF2B45,FFFFFF,1,Transit Center Bay C@@@174,Transit Center Bay C@@@84,,06:03:53,21:03:53,10.0,,10.0,,0,0,0,0,0,1,1
14282,Geary Blvd & 39th Ave,38,GEARY,3,005B95,FFFFFF,0,48th Ave & Point Lobos Ave@@@56###V.A. Hospital@@@82,V.A. Hospital@@@42,48th Ave & Point Lobos Ave@@@16,06:08:15,29:39:45,20.05,30.0,20.05,30.0,0,0,0,0,0,1,1
14282,Geary Blvd & 39th Ave,38R,GEARY RAPID,3,BF2B45,FFFFFF,0,48th Ave & Point Lobos Ave@@@174,48th Ave & Point Lobos Ave@@@84,,06:43:11,21:43:11,10.024390243902438,,10.024390243902438,,0,0,0,0,0,1,1
14283,Geary Blvd & 39th Ave,38,GEARY,3,005B95,FFFFFF,1,Transit Center Bay D@@@136,Transit Center Bay D@@@42,Transit Center Bay D@@@14,05:31:20,29:17:20,20.0,30.0,20.0,30.0,0,0,0,0,0,1,1
14283,Geary Blvd & 39th Ave,38R,GEARY RAPID,3,BF2B45,FFFFFF,1,Transit Center Bay C@@@174,Transit Center Bay C@@@84,,06:02:54,21:02:54,10.0,,10.0,,0,0,0,0,0,1,1
14285,Geary Blvd & 42nd Ave,38,GEARY,3,005B95,FFFFFF,1,Transit Center Bay D@@@136,Transit Center Bay D@@@42,Transit Center Bay D@@@14,05:30:37,29:16:37,20.0,30.0,20.0,30.0,0,0,0,0,0,1,1
14285,Geary Blvd & 42nd Ave,38R,GEARY RAPID,3,BF2B45,FFFFFF,1,Transit Center Bay C@@@174,Transit Center Bay C@@@84,,06:02:01,21:02:01,10.0,,10.0,,0,0,0,0,0,1,1
14286,Geary Blvd & 45th Ave,38,GEARY,3,005B95,FFFFFF,1,Transit Center Bay D@@@46,,Transit Center Bay D@@@14,05:29:46,29:15:46,,30.0,,30.0,0,0,0,0,0,1,1
14286,Geary Blvd & 45th Ave,38R,GEARY RAPID,3,BF2B45,FFFFFF,1,Transit Center Bay C@@@174,Transit Center Bay C@@@84,,06:00:57,21:00:57,10.0,,10.0,,0,0,0,0,0,1,1
14288,Geary Blvd & Arguello Blvd,38,GEARY,3,005B95,FFFFFF,1,Transit Center Bay D@@@228,Transit Center Bay D@@@84,Transit Center Bay D@@@14,05:44:25,29:28:52,10.024390243902438,30.0,10.024390243902438,30.0,0,0,0,0,0,1,1
14288,Geary Blvd & Arguello Blvd,38R,GEARY RAPID,3,BF2B45,FFFFFF,1,Transit Center Bay C@@@174,Transit Center Bay C@@@84,,06:15:06,21:15:06,10.0,,10.0,,0,0,0,0,0,1,1
14289,Geary Blvd & Baker St,38,GEARY,3,005B95,FFFFFF,0,48th Ave & Point Lobos Ave@@@56###Geary Blvd & 32nd Ave@@@90###V.A. Hospital@@@82,Geary Blvd & 32nd Ave@@@42###V.A. Hospital@@@42,48th Ave & Point Lobos Ave@@@14,05:42:49,29:22:45,10.024390243902438,30.0,10.024390243902438,30.0,0,0,0,0,0,1,1
14290,Geary Blvd & Collins St,38,GEARY,3,005B95,FFFFFF,0,48th Ave & Point Lobos Ave@@@56###Geary Blvd & 32nd Ave@@@90###V.A. Hospital@@@82,Geary Blvd & 32nd Ave@@@42###V.A. Hospital@@@42,48th Ave & Point Lobos Ave@@@14,05:46:32,29:25:01,10.024390243902438,30.0,10.024390243902438,30.0,0,0,0,0,0,1,1
14291,Geary Blvd & Collins St,38,GEARY,3,005B95,FFFFFF,1,Transit Center Bay D@@@228,Transit Center Bay D@@@84,Transit Center Bay D@@@16,05:47:23,29:31:28,10.024390243902438,30.0,10.024390243902438,30.0,0,0,0,0,0,1,1
14292,Geary Blvd & Commonwealth St,38,GEARY,3,005B95,FFFFFF,0,48th Ave & Point Lobos Ave@@@56###Geary Blvd & 32nd Ave@@@90###V.A. Hospital@@@82,Geary Blvd & 32nd Ave@@@42###V.A. Hospital@@@42,48th Ave & Point Lobos Ave@@@14,05:49:14,29:26:49,10.024390243902438,30.0,10.024390243902438,30.0,0,0,0,0,0,1,1
14293,Geary Blvd & Divisadero St,38,GEARY,3,005B95,FFFFFF,0,48th Ave & Point Lobos Ave@@@56###Geary Blvd & 32nd Ave@@@90###V.A. Hospital@@@82,Geary Blvd & 32nd Ave@@@42###V.A. Hospital@@@42,48th Ave & Point Lobos Ave@@@14,05:41:05,29:21:45,10.024390243902438,30.0,10.024390243902438,30.0,0,0,0,0,0,1,1
14293,Geary Blvd & Divisadero St,38R,GEARY RAPID,3,BF2B45,FFFFFF,0,48th Ave & Point Lobos Ave@@@174,48th Ave & Point Lobos Ave@@@84,,06:21:12,21:21:12,10.024390243902438,,10.024390243902438,,0,0,0,0,0,1,1
14294,Geary Blvd & Divisadero St,38,GEARY,3,005B95,FFFFFF,1,Transit Center Bay D@@@228,Transit Center Bay D@@@84,Transit Center Bay D@@@16,05:50:34,29:34:03,10.024390243902438,30.0,10.024390243902438,30.0,0,0,0,0,0,1,1
14294,Geary Blvd & Divisadero St,38R,GEARY RAPID,3,BF2B45,FFFFFF,1,Transit Center Bay C@@@174,Transit Center Bay C@@@84,,06:21:03,21:21:03,10.024390243902438,,10.024390243902438,,0,0,0,0,0,1,1
14295,Geary Blvd & Fillmore St,38,GEARY,3,005B95,FFFFFF,0,48th Ave & Point Lobos Ave@@@56###Geary Blvd & 32nd Ave@@@90###V.A. Hospital@@@82,Geary Blvd & 32nd Ave@@@42###V.A. Hospital@@@42,48th Ave & Point Lobos Ave@@@14,05:38:00,29:20:00,10.024390243902438,30.0,10.024390243902438,30.0,0,0,0,0,0,1,1
14295,Geary Blvd & Fillmore St,38R,GEARY RAPID,3,BF2B45,FFFFFF,0,48th Ave & Point Lobos Ave@@@174,48th Ave & Point Lobos Ave@@@84,,06:19:00,21:19:00,10.024390243902438,,10.024390243902438,,0,0,0,0,0,1,1
14298,Geary Blvd & Gough St,38,GEARY,3,005B95,FFFFFF,0,48th Ave & Point Lobos Ave@@@56###Geary Blvd & 32nd Ave@@@90###V.A. Hospital@@@82,Geary Blvd & 32nd Ave@@@42###V.A. Hospital@@@42,48th Ave & Point Lobos Ave@@@14,05:33:56,29:17:17,10.024390243902438,30.0,10.024390243902438,30.0,0,0,0,0,0,1,1
14300,Geary St & Jones St,38,GEARY,3,005B95,FFFFFF,0,48th Ave & Point Lobos Ave@@@56###Geary Blvd & 32nd Ave@@@90###V.A. Hospital@@@82,Geary Blvd & 32nd Ave@@@42###V.A. Hospital@@@42,48th Ave & Point Lobos Ave@@@14,05:27:43,29:12:57,10.024390243902438,30.0,10.024390243902438,30.0,0,0,0,0,0,1,1
14301,Geary St & Kearny St,38,GEARY,3,005B95,FFFFFF,0,48th Ave & Point Lobos Ave@@@56###Geary Blvd & 32nd Ave@@@90###V.A. Hospital@@@82,Geary Blvd & 32nd Ave@@@42###V.A. Hospital@@@42,48th Ave & Point Lobos Ave@@@14,05:22:01,29:09:30,10.024390243902438,30.0,10.024390243902438,30.0,0,0,0,0,0,1,1
14301,Geary St & Kearny St,38R,GEARY RAPID,3,BF2B45,FFFFFF,0,48th Ave & Point Lobos Ave@@@174,48th Ave & Point Lobos Ave@@@84,,06:07:01,21:07:01,10.024390243902438,,10.024390243902438,,0,0,0,0,0,1,1
14302,Geary St & Larkin St,19,POLK,3,005B95,FFFFFF,1,Beach St & Polk St@@@102,Beach St & Polk St@@@42,,05:44:20,22:34:09,20.1,,20.1,,0,0,0,0,0,1,1
14302,Geary St & Larkin St,38,GEARY,3,005B95,FFFFFF,0,48th Ave & Point Lobos Ave@@@56###Geary Blvd & 32nd Ave@@@90###V.A. Hospital@@@82,Geary Blvd & 32nd Ave@@@42###V.A. Hospital@@@42,48th Ave & Point Lobos Ave@@@14,05:30:27,29:14:53,10.024390243902438,30.0,10.024390243902438,30.0,0,0,0,0,0,1,1
14303,Geary St & Leavenworth St,38,GEARY,3,005B95,FFFFFF,0,48th Ave & Point Lobos Ave@@@56###Geary Blvd & 32nd Ave@@@90###V.A. Hospital@@@82,Geary Blvd & 32nd Ave@@@42###V.A. Hospital@@@42,48th Ave & Point Lobos Ave@@@14,05:28:38,29:13:36,10.024390243902438,30.0,10.024390243902438,30.0,0,0,0,0,0,1,1
14303,Geary St & Leavenworth St,38R,GEARY RAPID,3,BF2B45,FFFFFF,0,48th Ave & Point Lobos Ave@@@174,48th Ave & Point Lobos Ave@@@84,,06:12:36,21:12:36,10.024390243902438,,10.024390243902438,,0,0,0,0,0,1,1
14304,Geary Blvd & Laguna St/Japantown,38,GEARY,3,005B95,FFFFFF,0,48th Ave & Point Lobos Ave@@@56###Geary Blvd & 32nd Ave@@@90###V.A. Hospital@@@82,Geary Blvd & 32nd Ave@@@42###V.A. Hospital@@@42,48th Ave & Point Lobos Ave@@@14,05:35:27,29:18:18,10.024390243902438,30.0,10.024390243902438,30.0,0,0,0,0,0,1,1
14304,Geary Blvd & Laguna St/Japantown,38R,GEARY RAPID,3,BF2B45,FFFFFF,0,48th Ave & Point Lobos Ave@@@174,48th Ave & Point Lobos Ave@@@84,,06:17:18,21:17:18,10.024390243902438,,10.024390243902438,,0,0,0,0,0,1,1
14305,Geary Blvd & Laguna St/Japantown,38,GEARY,3,005B95,FFFFFF,1,Transit Center Bay D@@@228,Transit Center Bay D@@@84,Transit Center Bay D@@@16,05:54:47,29:37:26,10.024390243902438,30.0,10.024390243902438,30.0,0,0,0,0,0,1,1
14305,Geary Blvd & Laguna St/Japantown,38R,GEARY RAPID,3,BF2B45,FFFFFF,1,Transit Center Bay C@@@174,Transit Center Bay C@@@84,,06:24:26,21:24:47,10.024390243902438,,10.024390243902438,,0,0,0,0,0,1,1
14307,Castro St & 14th St,24,DIVISADERO,3,005B95,FFFFFF,1,Divisadero St & Sutter St@@@28###Fillmore St & Jackson St@@@16###Jackson St & Webster St@@@158,Jackson St & Webster St@@@70,Divisadero St & Sutter St@@@14,05:32:20,29:23:56,12.176470588235293,30.0,12.176470588235293,30.0,0,0,0,0,0,1,1
14308,Castro St & 14th St,24,DIVISADERO,3,005B95,FFFFFF,0,3rd St & Palou Ave@@@182###Cortland Ave & Bayshore Blvd@@@20,3rd St & Palou Ave@@@68,Cortland Ave & Bayshore Blvd@@@12,04:23:32,28:34:56,12.090909090909092,30.0,12.090909090909092,30.0,0,0,0,0,0,1,1
14309,Castro St & 15th St,24,DIVISADERO,3,005B95,FFFFFF,0,3rd St & Palou Ave@@@182###Cortland Ave & Bayshore Blvd@@@20,3rd St & Palou Ave@@@68,Cortland Ave & Bayshore Blvd@@@12,04:24:10,28:35:43,12.090909090909092,30.0,12.090909090909092,30.0,0,0,0,0,0,1,1
14310,Castro St & 15th St,24,DIVISADERO,3,005B95,FFFFFF,1,Divisadero St & Sutter St@@@28###Fillmore St & Jackson St@@@16###Jackson St & Webster St@@@158,Jackson St & Webster St@@@70,Divisadero St & Sutter St@@@14,05:31:39,29:23:04,12.147058823529411,30.0,12.147058823529411,30.0,0,0,0,0,0,1,1
14311,Castro St & 16th St,24,DIVISADERO,3,005B95,FFFFFF,1,Divisadero St & Sutter St@@@28###Fillmore St & Jackson St@@@16###Jackson St & Webster St@@@158,Jackson St & Webster St@@@68,Divisadero St & Sutter St@@@14,05:31:09,29:22:26,12.181818181818182,30.0,12.181818181818182,30.0,0,0,0,0,0,1,1
14312,Castro St & 16th St,24,DIVISADERO,3,005B95,FFFFFF,0,3rd St & Palou Ave@@@182###Cortland Ave & Bayshore Blvd@@@20,3rd St & Palou Ave@@@70,Cortland Ave & Bayshore Blvd@@@12,04:24:47,28:36:29,12.088235294117647,30.0,12.088235294117647,30.0,0,0,0,0,0,1,1
14313,Castro St & 17th St,24,DIVISADERO,3,005B95,FFFFFF,1,Divisadero St & Sutter St@@@28###Fillmore St & Jackson St@@@16###Jackson St & Webster St@@@158,Jackson St & Webster St@@@68,Divisadero St & Sutter St@@@14,05:30:31,29:21:39,12.151515151515152,30.0,12.151515151515152,30.0,0,0,0,0,0,1,1
14314,Castro St & 18th St,24,DIVISADERO,3,005B95,FFFFFF,1,Divisadero St & Sutter St@@@28###Fillmore St & Jackson St@@@16###Jackson St & Webster St@@@158,Jackson St & Webster St@@@68,Divisadero St & Sutter St@@@14,05:30:00,29:21:00,12.151515151515152,30.0,12.151515151515152,30.0,0,0,0,0,0,1,1
14315,Castro St & 18th St,24,DIVISADERO,3,005B95,FFFFFF,0,3rd St & Palou Ave@@@182###Cortland Ave & Bayshore Blvd@@@20,3rd St & Palou Ave@@@70,Cortland Ave & Bayshore Blvd@@@12,04:26:00,28:38:00,12.088235294117647,30.0,12.088235294117647,30.0,0,0,0,0,0,1,1
14315,Castro St & 18th St,35,EUREKA,3,005B95,FFFFFF,0,Bosworth St & Diamond St@@@58,Bosworth St & Diamond St@@@28,,07:00:47,21:00:52,30.0,,30.0,,0,0,0,0,0,1,1
14316,Castro St & 19th St,24,DIVISADERO,3,005B95,FFFFFF,0,3rd St & Palou Ave@@@182###Cortland Ave & Bayshore Blvd@@@20,3rd St & Palou Ave@@@70,Cortland Ave & Bayshore Blvd@@@12,04:26:26,28:38:43,12.088235294117647,30.0,12.088235294117647,30.0,0,0,0,0,0,1,1
14316,Castro St & 19th St,35,EUREKA,3,005B95,FFFFFF,0,Bosworth St & Diamond St@@@58,Bosworth St & Diamond St@@@28,,07:01:21,21:01:29,30.0,,30.0,,0,0,0,0,0,1,1
14317,Castro St & 19th St,24,DIVISADERO,3,005B95,FFFFFF,1,Divisadero St & Sutter St@@@28###Fillmore St & Jackson St@@@16###Jackson St & Webster St@@@158,Jackson St & Webster St@@@68,Divisadero St & Sutter St@@@14,05:29:21,29:20:09,12.151515151515152,30.0,12.151515151515152,30.0,0,0,0,0,0,1,1
14318,Castro St & 20th St,24,DIVISADERO,3,005B95,FFFFFF,0,3rd St & Palou Ave@@@182###Cortland Ave & Bayshore Blvd@@@20,3rd St & Palou Ave@@@70,Cortland Ave & Bayshore Blvd@@@12,04:26:54,28:39:31,12.088235294117647,30.0,12.088235294117647,30.0,0,0,0,0,0,1,1
14318,Castro St & 20th St,35,EUREKA,3,005B95,FFFFFF,0,Bosworth St & Diamond St@@@58,Bosworth St & Diamond St@@@28,,07:01:58,21:02:10,30.0,,30.0,,0,0,0,0,0,1,1
14319,Castro St & 20th St,24,DIVISADERO,3,005B95,FFFFFF,1,Divisadero St & Sutter St@@@28###Fillmore St & Jackson St@@@16###Jackson St & Webster St@@@158,Jackson St & Webster St@@@68,Divisadero St & Sutter St@@@14,05:28:54,29:19:32,12.151515151515152,30.0,12.151515151515152,30.0,0,0,0,0,0,1,1
14320,Castro St & 21st St,24,DIVISADERO,3,005B95,FFFFFF,1,Divisadero St & Sutter St@@@28###Fillmore St & Jackson St@@@16###Jackson St & Webster St@@@158,Jackson St & Webster St@@@68,Divisadero St & Sutter St@@@14,05:28:24,29:18:52,12.151515151515152,30.0,12.151515151515152,30.0,0,0,0,0,0,1,1
14321,Castro St & 21st St,24,DIVISADERO,3,005B95,FFFFFF,0,3rd St & Palou Ave@@@182###Cortland Ave & Bayshore Blvd@@@20,3rd St & Palou Ave@@@70,Cortland Ave & Bayshore Blvd@@@12,04:27:24,28:40:21,12.117647058823529,30.0,12.117647058823529,30.0,0,0,0,0,0,1,1
14322,Castro St & 22nd St,24,DIVISADERO,3,005B95,FFFFFF,0,3rd St & Palou Ave@@@182###Cortland Ave & Bayshore Blvd@@@20,3rd St & Palou Ave@@@70,Cortland Ave & Bayshore Blvd@@@12,04:27:50,28:41:04,12.117647058823529,30.0,12.117647058823529,30.0,0,0,0,0,0,1,1
14323,Castro St & 22nd St,24,DIVISADERO,3,005B95,FFFFFF,1,Divisadero St & Sutter St@@@28###Fillmore St & Jackson St@@@16###Jackson St & Webster St@@@158,Jackson St & Webster St@@@68,Divisadero St & Sutter St@@@14,05:27:57,29:18:16,12.151515151515152,30.0,12.151515151515152,30.0,0,0,0,0,0,1,1
14324,Castro St & 23rd St,24,DIVISADERO,3,005B95,FFFFFF,1,Divisadero St & Sutter St@@@28###Fillmore St & Jackson St@@@16###Jackson St & Webster St@@@158,Jackson St & Webster St@@@70,Divisadero St & Sutter St@@@14,05:27:28,29:17:37,12.147058823529411,30.0,12.147058823529411,30.0,0,0,0,0,0,1,1
14325,Castro St & 23rd St,24,DIVISADERO,3,005B95,FFFFFF,0,3rd St & Palou Ave@@@182###Cortland Ave & Bayshore Blvd@@@20,3rd St & Palou Ave@@@70,Cortland Ave & Bayshore Blvd@@@12,04:28:21,28:41:56,12.088235294117647,30.0,12.088235294117647,30.0,0,0,0,0,0,1,1
14326,Castro St & 24th St,24,DIVISADERO,3,005B95,FFFFFF,1,Divisadero St & Sutter St@@@28###Fillmore St & Jackson St@@@16###Jackson St & Webster St@@@158,Jackson St & Webster St@@@70,Divisadero St & Sutter St@@@14,05:27:00,29:17:00,12.147058823529411,30.0,12.147058823529411,30.0,0,0,0,0,0,1,1
14327,Castro St & 24th St,24,DIVISADERO,3,005B95,FFFFFF,0,3rd St & Palou Ave@@@182###Cortland Ave & Bayshore Blvd@@@20,3rd St & Palou Ave@@@70,Cortland Ave & Bayshore Blvd@@@12,04:29:00,28:43:00,12.117647058823529,30.0,12.117647058823529,30.0,0,0,0,0,0,1,1
14327,Castro St & 24th St,48,QUINTARA-24TH STREET,3,005B95,FFFFFF,0,Lower Great Hwy & Rivera St@@@110,Lower Great Hwy & Rivera St@@@42,,05:21:00,24:21:00,20.05,,20.05,,0,0,0,0,0,1,1
14328,Castro St & 25th St,24,DIVISADERO,3,005B95,FFFFFF,0,3rd St & Palou Ave@@@182###Cortland Ave & Bayshore Blvd@@@20,3rd St & Palou Ave@@@70,Cortland Ave & Bayshore Blvd@@@12,04:29:33,28:43:42,12.117647058823529,30.0,12.117647058823529,30.0,0,0,0,0,0,1,1
14328,Castro St & 25th St,48,QUINTARA-24TH STREET,3,005B95,FFFFFF,0,Lower Great Hwy & Rivera St@@@110,Lower Great Hwy & Rivera St@@@42,,05:21:25,24:21:25,20.05,,20.05,,0,0,0,0,0,1,1
14329,Castro St & 25th St,24,DIVISADERO,3,005B95,FFFFFF,1,Divisadero St & Sutter St@@@28###Fillmore St & Jackson St@@@16###Jackson St & Webster St@@@158,Jackson St & Webster St@@@70,Divisadero St & Sutter St@@@14,05:26:13,29:15:59,12.117647058823529,30.0,12.117647058823529,30.0,0,0,0,0,0,1,1
14330,Castro St & Duboce Ave,24,DIVISADERO,3,005B95,FFFFFF,0,3rd St & Palou Ave@@@182###Cortland Ave & Bayshore Blvd@@@20,3rd St & Palou Ave@@@68,Cortland Ave & Bayshore Blvd@@@12,04:22:50,28:34:02,12.06060606060606,30.0,12.06060606060606,30.0,0,0,0,0,0,1,1
14331,Castro St & Duboce Ave,24,DIVISADERO,3,005B95,FFFFFF,1,Divisadero St & Sutter St@@@28###Fillmore St & Jackson St@@@16###Jackson St & Webster St@@@158,Jackson St & Webster St@@@70,Divisadero St & Sutter St@@@14,05:32:48,29:24:30,12.147058823529411,30.0,12.147058823529411,30.0,0,0,0,0,0,1,1
14332,Castro St & Elizabeth St,24,DIVISADERO,3,005B95,FFFFFF,1,Divisadero St & Sutter St@@@28###Fillmore St & Jackson St@@@16###Jackson St & Webster St@@@158,Jackson St & Webster St@@@70,Divisadero St & Sutter St@@@14,05:27:12,29:17:16,12.147058823529411,30.0,12.147058823529411,30.0,0,0,0,0,0,1,1
14333,Castro St & Elizabeth St,24,DIVISADERO,3,005B95,FFFFFF,0,3rd St & Palou Ave@@@182###Cortland Ave & Bayshore Blvd@@@20,3rd St & Palou Ave@@@70,Cortland Ave & Bayshore Blvd@@@12,04:28:36,28:42:21,12.117647058823529,30.0,12.117647058823529,30.0,0,0,0,0,0,1,1
14334,Castro St & Market St,24,DIVISADERO,3,005B95,FFFFFF,0,3rd St & Palou Ave@@@182###Cortland Ave & Bayshore Blvd@@@20,3rd St & Palou Ave@@@70,Cortland Ave & Bayshore Blvd@@@12,04:25:32,28:37:25,12.088235294117647,30.0,12.088235294117647,30.0,0,0,0,0,0,1,1
14334,Castro St & Market St,35,EUREKA,3,005B95,FFFFFF,0,Bosworth St & Diamond St@@@58,Bosworth St & Diamond St@@@28,,07:00:12,21:00:13,30.0,,30.0,,0,0,0,0,0,1,1
14335,City View Way & Knollview Way,36,TERESITA,3,005B95,FFFFFF,1,Laguna Honda Blvd/Forest Hill Sta@@@58,Laguna Honda Blvd/Forest Hill Sta@@@28,,08:58:02,22:50:02,30.0,,30.0,,0,0,0,0,0,1,1
14336,Curtis St & Prague St,43,MASONIC,3,005B95,FFFFFF,0,Munich St & Geneva Ave@@@112,Munich St & Geneva Ave@@@42,,05:53:32,24:46:32,20.7,,20.7,,0,0,0,0,0,1,1
14337,Cargo Way & 3rd St,91,3RD-19TH AVE OWL,3,666666,FFFFFF,1,19th Ave & Holloway/Sf State@@@24,,19th Ave & Holloway/Sf State@@@16,24:23:33,29:53:33,,30.0,,30.0,0,0,0,0,0,1,1
14338,Cargo Way & 3rd St,91,3RD-19TH AVE OWL,3,666666,FFFFFF,0,Ulloa St & West Portal Ave@@@26,,Ulloa St & West Portal Ave@@@18,24:04:28,30:04:28,,30.0,,30.0,0,0,0,0,0,1,1
14341,Daly City BART Stop B3,28,19TH AVENUE,3,005B95,FFFFFF,1,19th Avenue & Holloway/Sf State@@@2###Powell St & Beach St@@@170,Powell St & Beach St@@@70,,05:02:00,24:30:00,12.0,,12.0,,0,0,0,0,0,1,1
14341,Daly City BART Stop B3,57,PARKMERCED,3,005B95,FFFFFF,1,Ulloa St & West Portal Ave@@@92,Ulloa St & West Portal Ave@@@34,,05:04:00,22:04:00,25.25,,25.25,,0,0,0,0,0,1,1
14341,Daly City BART Stop B3,58,LAKE MERCED,3,005B95,FFFFFF,1,Buckingham Ave & 19th Ave@@@66,Buckingham Ave & 19th Ave@@@28,,06:08:00,22:08:00,30.0,,30.0,,0,0,0,0,0,1,1
14350,De Haro St & 16th St,19,POLK,3,005B95,FFFFFF,1,Beach St & Polk St@@@102,Beach St & Polk St@@@42,,05:29:34,22:18:34,20.0,,20.0,,0,0,0,0,0,1,1
14351,De Haro St & 17th St,19,POLK,3,005B95,FFFFFF,1,Beach St & Polk St@@@102,Beach St & Polk St@@@42,,05:29:09,22:18:09,20.05,,20.05,,0,0,0,0,0,1,1
14352,De Haro St & 18th St,19,POLK,3,005B95,FFFFFF,1,Beach St & Polk St@@@102,Beach St & Polk St@@@42,,05:28:20,22:17:20,20.05,,20.05,,0,0,0,0,0,1,1
14353,De Haro St & 19th St,19,POLK,3,005B95,FFFFFF,1,Beach St & Polk St@@@102,Beach St & Polk St@@@42,,05:27:56,22:16:56,20.0,,20.0,,0,0,0,0,0,1,1
14354,De Haro St & 20th St,19,POLK,3,005B95,FFFFFF,1,Beach St & Polk St@@@102,Beach St & Polk St@@@42,,05:27:31,22:16:31,20.05,,20.05,,0,0,0,0,0,1,1
14355,De Haro St & 22nd St,19,POLK,3,005B95,FFFFFF,1,Beach St & Polk St@@@102,Beach St & Polk St@@@42,,05:26:48,22:15:48,20.05,,20.05,,0,0,0,0,0,1,1
14356,De Haro St & 23rd St,19,POLK,3,005B95,FFFFFF,1,Beach St & Polk St@@@102,Beach St & Polk St@@@42,,05:26:00,22:15:00,20.0,,20.0,,0,0,0,0,0,1,1
14357,De Haro St & Mariposa St,19,POLK,3,005B95,FFFFFF,1,Beach St & Polk St@@@102,Beach St & Polk St@@@42,,05:28:44,22:17:44,20.0,,20.0,,0,0,0,0,0,1,1
14358,De Haro St & Southern Heights Ave,19,POLK,3,005B95,FFFFFF,1,Beach St & Polk St@@@102,Beach St & Polk St@@@42,,05:27:00,22:16:00,20.0,,20.0,,0,0,0,0,0,1,1
14359,5157 Diamond Heights Blvd,52,EXCELSIOR,3,005B95,FFFFFF,1,Laguna Honda Blvd/Forest Hill Sta@@@58,Laguna Honda Blvd/Forest Hill Sta@@@28,,08:18:23,22:16:23,30.307692307692307,,30.307692307692307,,0,0,0,0,0,1,1
14360,Diamond Heights Blvd & Addison St,35,EUREKA,3,005B95,FFFFFF,1,Market St & Castro St@@@56,Market St & Castro St@@@28,,07:25:36,20:56:36,30.076923076923077,,30.076923076923077,,0,0,0,0,0,1,1
14360,Diamond Heights Blvd & Addison St,52,EXCELSIOR,3,005B95,FFFFFF,1,Laguna Honda Blvd/Forest Hill Sta@@@58,Laguna Honda Blvd/Forest Hill Sta@@@28,,08:15:28,22:13:44,30.307692307692307,,30.307692307692307,,0,0,0,0,0,1,1
14361,Diamond Heights Blvd & Berkeley,52,EXCELSIOR,3,005B95,FFFFFF,1,Laguna Honda Blvd/Forest Hill Sta@@@58,Laguna Honda Blvd/Forest Hill Sta@@@28,,08:14:47,22:13:09,30.307692307692307,,30.307692307692307,,0,0,0,0,0,1,1
14362,Diamond Heights Blvd & Berkeley Way,52,EXCELSIOR,3,005B95,FFFFFF,0,Dublin St & La Grande Ave@@@58,Dublin St & La Grande Ave@@@28,,08:18:30,22:19:05,30.0,,30.0,,0,0,0,0,0,1,1
14363,Diamond Heights Blvd & Diamond St,52,EXCELSIOR,3,005B95,FFFFFF,1,Laguna Honda Blvd/Forest Hill Sta@@@58,Laguna Honda Blvd/Forest Hill Sta@@@28,,08:16:10,22:14:18,30.307692307692307,,30.307692307692307,,0,0,0,0,0,1,1
14364,Diamond Heights Blvd & Diamond St,52,EXCELSIOR,3,005B95,FFFFFF,0,Dublin St & La Grande Ave@@@58,Dublin St & La Grande Ave@@@28,,08:17:06,22:17:55,30.0,,30.0,,0,0,0,0,0,1,1
14366,Diamond Heights Blvd & Duncan St,52,EXCELSIOR,3,005B95,FFFFFF,1,Laguna Honda Blvd/Forest Hill Sta@@@58,Laguna Honda Blvd/Forest Hill Sta@@@28,,08:17:49,22:15:49,30.307692307692307,,30.307692307692307,,0,0,0,0,0,1,1
14367,Diamond Heights Blvd & Gold Mine Dr,52,EXCELSIOR,3,005B95,FFFFFF,1,Laguna Honda Blvd/Forest Hill Sta@@@58,Laguna Honda Blvd/Forest Hill Sta@@@28,,08:17:00,22:15:00,30.307692307692307,,30.307692307692307,,0,0,0,0,0,1,1
14368,Diamond Heights Blvd & Gold Mine Dr,52,EXCELSIOR,3,005B95,FFFFFF,0,Dublin St & La Grande Ave@@@58,Dublin St & La Grande Ave@@@28,,08:17:43,22:18:25,30.0,,30.0,,0,0,0,0,0,1,1
14369,Diamond Heights Blvd & Gold Mine Dr,52,EXCELSIOR,3,005B95,FFFFFF,0,Dublin St & La Grande Ave@@@58,Dublin St & La Grande Ave@@@28,,08:16:00,22:17:00,30.0,,30.0,,0,0,0,0,0,1,1
14371,Diamond St & 24th St,35,EUREKA,3,005B95,FFFFFF,1,Market St & Castro St@@@56,Market St & Castro St@@@28,,07:30:48,21:01:48,30.153846153846153,,30.153846153846153,,0,0,0,0,0,1,1
14371,Diamond St & 24th St,48,QUINTARA-24TH STREET,3,005B95,FFFFFF,1,22nd St Caltrain Station/Iowa@@@108,22nd St Caltrain Station/Iowa@@@42,,05:47:22,24:26:22,20.0,,20.0,,0,0,0,0,0,1,1
14372,Diamond St & 25th St,35,EUREKA,3,005B95,FFFFFF,0,Bosworth St & Diamond St@@@58,Bosworth St & Diamond St@@@28,,07:07:03,21:07:45,30.076923076923077,,30.076923076923077,,0,0,0,0,0,1,1
14373,Diamond St & 25th St,35,EUREKA,3,005B95,FFFFFF,1,Market St & Castro St@@@56,Market St & Castro St@@@28,,07:30:00,21:01:00,30.076923076923077,,30.076923076923077,,0,0,0,0,0,1,1
14373,Diamond St & 25th St,48,QUINTARA-24TH STREET,3,005B95,FFFFFF,1,22nd St Caltrain Station/Iowa@@@108,22nd St Caltrain Station/Iowa@@@42,,05:46:45,24:25:45,20.0,,20.0,,0,0,0,0,0,1,1
14374,Diamond St & 26th St,35,EUREKA,3,005B95,FFFFFF,1,Market St & Castro St@@@56,Market St & Castro St@@@28,,07:29:11,21:00:11,30.076923076923077,,30.076923076923077,,0,0,0,0,0,1,1
14375,Diamond St & 26th St,35,EUREKA,3,005B95,FFFFFF,0,Bosworth St & Diamond St@@@58,Bosworth St & Diamond St@@@28,,07:07:44,21:08:31,30.076923076923077,,30.076923076923077,,0,0,0,0,0,1,1
14376,Diamond St & 27th St,35,EUREKA,3,005B95,FFFFFF,1,Market St & Castro St@@@56,Market St & Castro St@@@26,,07:28:22,20:59:22,30.083333333333332,,30.083333333333332,,0,0,0,0,0,1,1
14377,Diamond St & 27th St,35,EUREKA,3,005B95,FFFFFF,0,Bosworth St & Diamond St@@@58,Bosworth St & Diamond St@@@28,,07:08:21,21:09:11,30.076923076923077,,30.076923076923077,,0,0,0,0,0,1,1
14378,Diamond St & 28th St,35,EUREKA,3,005B95,FFFFFF,1,Market St & Castro St@@@56,Market St & Castro St@@@28,,07:27:33,20:58:33,30.076923076923077,,30.076923076923077,,0,0,0,0,0,1,1
14379,Diamond St & 28th St,35,EUREKA,3,005B95,FFFFFF,0,Bosworth St & Diamond St@@@58,Bosworth St & Diamond St@@@28,,07:08:58,21:09:52,30.076923076923077,,30.076923076923077,,0,0,0,0,0,1,1
14380,Diamond St & 29th St,35,EUREKA,3,005B95,FFFFFF,0,Bosworth St & Diamond St@@@58,Bosworth St & Diamond St@@@28,,07:09:31,21:10:28,30.076923076923077,,30.076923076923077,,0,0,0,0,0,1,1
14381,Diamond St & 29th St,35,EUREKA,3,005B95,FFFFFF,1,Market St & Castro St@@@56,Market St & Castro St@@@28,,07:26:43,20:57:43,30.076923076923077,,30.076923076923077,,0,0,0,0,0,1,1
14382,Diamond St & Arbor St,52,EXCELSIOR,3,005B95,FFFFFF,1,Laguna Honda Blvd/Forest Hill Sta@@@58,Laguna Honda Blvd/Forest Hill Sta@@@28,,08:13:15,22:11:52,30.307692307692307,,30.307692307692307,,0,0,0,0,0,1,1
14383,Diamond St & Arbor St,52,EXCELSIOR,3,005B95,FFFFFF,0,Dublin St & La Grande Ave@@@58,Dublin St & La Grande Ave@@@28,,08:20:09,22:20:27,30.0,,30.0,,0,0,0,0,0,1,1
14384,Diamond St & Cesar Chavez St,35,EUREKA,3,005B95,FFFFFF,1,Market St & Castro St@@@56,Market St & Castro St@@@26,,07:28:47,20:59:47,30.083333333333332,,30.083333333333332,,0,0,0,0,0,1,1
14385,Diamond St & Cesar Chavez St,35,EUREKA,3,005B95,FFFFFF,0,Bosworth St & Diamond St@@@58,Bosworth St & Diamond St@@@28,,07:08:03,21:08:51,30.076923076923077,,30.076923076923077,,0,0,0,0,0,1,1
14386,Diamond St & Bosworth St,23,MONTEREY,3,005B95,FFFFFF,1,Palou Ave & 3rd St@@@66,Palou Ave & 3rd St@@@28,,06:25:00,22:25:00,30.076923076923077,,30.076923076923077,,0,0,0,0,0,1,1
14386,Diamond St & Bosworth St,36,TERESITA,3,005B95,FFFFFF,0,Valencia St & Mission St@@@58,Valencia St & Mission St@@@28,,08:36:00,22:28:00,30.0,,30.0,,0,0,0,0,0,1,1
14387,Diamond St & Bosworth St,23,MONTEREY,3,005B95,FFFFFF,0,Sloat Blvd & 47th Ave@@@66,Sloat Blvd & 47th Ave@@@28,,06:26:00,22:26:00,29.923076923076923,,29.923076923076923,,0,0,0,0,0,1,1
14387,Diamond St & Bosworth St,36,TERESITA,3,005B95,FFFFFF,1,Laguna Honda Blvd/Forest Hill Sta@@@58,Laguna Honda Blvd/Forest Hill Sta@@@28,,08:35:00,22:34:00,30.0,,30.0,,0,0,0,0,0,1,1
14388,Diamond St & Chenery St,35,EUREKA,3,005B95,FFFFFF,1,Market St & Castro St@@@56,Market St & Castro St@@@28,,07:20:30,20:51:30,30.076923076923077,,30.076923076923077,,0,0,0,0,0,1,1
14388,Diamond St & Chenery St,36,TERESITA,3,005B95,FFFFFF,0,Valencia St & Mission St@@@58,Valencia St & Mission St@@@28,,08:36:24,22:28:20,30.0,,30.0,,0,0,0,0,0,1,1
14388,Diamond St & Chenery St,52,EXCELSIOR,3,005B95,FFFFFF,1,Laguna Honda Blvd/Forest Hill Sta@@@58,Laguna Honda Blvd/Forest Hill Sta@@@28,,08:11:25,22:10:21,30.307692307692307,,30.307692307692307,,0,0,0,0,0,1,1
14389,Diamond St & Chenery St,35,EUREKA,3,005B95,FFFFFF,0,Bosworth St & Diamond St@@@58,Bosworth St & Diamond St@@@28,,07:18:31,21:19:31,30.076923076923077,,30.076923076923077,,0,0,0,0,0,1,1
14389,Diamond St & Chenery St,36,TERESITA,3,005B95,FFFFFF,1,Laguna Honda Blvd/Forest Hill Sta@@@58,Laguna Honda Blvd/Forest Hill Sta@@@28,,08:34:32,22:33:32,30.0,,30.0,,0,0,0,0,0,1,1
14389,Diamond St & Chenery St,52,EXCELSIOR,3,005B95,FFFFFF,0,Dublin St & La Grande Ave@@@58,Dublin St & La Grande Ave@@@28,,08:21:48,22:21:50,30.0,,30.0,,0,0,0,0,0,1,1
14390,Diamond St & Clipper St,35,EUREKA,3,005B95,FFFFFF,0,Bosworth St & Diamond St@@@58,Bosworth St & Diamond St@@@28,,07:07:21,21:08:05,30.0,,30.0,,0,0,0,0,0,1,1
14391,Diamond St & Clipper St,35,EUREKA,3,005B95,FFFFFF,1,Market St & Castro St@@@56,Market St & Castro St@@@28,,07:29:35,21:00:35,30.076923076923077,,30.076923076923077,,0,0,0,0,0,1,1
14392,Diamond St & Conrad St,52,EXCELSIOR,3,005B95,FFFFFF,1,Laguna Honda Blvd/Forest Hill Sta@@@58,Laguna Honda Blvd/Forest Hill Sta@@@28,,08:13:56,22:12:27,30.307692307692307,,30.307692307692307,,0,0,0,0,0,1,1
14393,Diamond St & Conrad St,52,EXCELSIOR,3,005B95,FFFFFF,0,Dublin St & La Grande Ave@@@58,Dublin St & La Grande Ave@@@28,,08:19:24,22:19:50,30.0,,30.0,,0,0,0,0,0,1,1
14394,Diamond St & Diamond Heights Blvd,35,EUREKA,3,005B95,FFFFFF,1,Market St & Castro St@@@56,Market St & Castro St@@@28,,07:26:00,20:57:00,30.076923076923077,,30.076923076923077,,0,0,0,0,0,1,1
14395,Diamond St & Diamond Heights Blvd,52,EXCELSIOR,3,005B95,FFFFFF,1,Laguna Honda Blvd/Forest Hill Sta@@@58,Laguna Honda Blvd/Forest Hill Sta@@@28,,08:14:27,22:12:52,30.307692307692307,,30.307692307692307,,0,0,0,0,0,1,1
14397,Diamond St & Diamond Heights Blvd,35,EUREKA,3,005B95,FFFFFF,0,Bosworth St & Diamond St@@@58,Bosworth St & Diamond St@@@28,,07:10:00,21:11:00,30.076923076923077,,30.076923076923077,,0,0,0,0,0,1,1
14398,Diamond St & Duncan St,35,EUREKA,3,005B95,FFFFFF,0,Bosworth St & Diamond St@@@58,Bosworth St & Diamond St@@@28,,07:08:35,21:09:27,30.076923076923077,,30.076923076923077,,0,0,0,0,0,1,1
14399,Diamond St & Duncan St,35,EUREKA,3,005B95,FFFFFF,1,Market St & Castro St@@@56,Market St & Castro St@@@26,,07:27:57,20:58:57,30.083333333333332,,30.083333333333332,,0,0,0,0,0,1,1
14400,Diamond St & Moffitt St,52,EXCELSIOR,3,005B95,FFFFFF,0,Dublin St & La Grande Ave@@@58,Dublin St & La Grande Ave@@@28,,08:19:54,22:20:15,30.0,,30.0,,0,0,0,0,0,1,1
14401,Diamond St & Moffitt St,52,EXCELSIOR,3,005B95,FFFFFF,1,Laguna Honda Blvd/Forest Hill Sta@@@58,Laguna Honda Blvd/Forest Hill Sta@@@28,,08:13:20,22:11:56,30.307692307692307,,30.307692307692307,,0,0,0,0,0,1,1
14402,Diamond St & Surrey St,52,EXCELSIOR,3,005B95,FFFFFF,0,Dublin St & La Grande Ave@@@58,Dublin St & La Grande Ave@@@28,,08:20:59,22:21:09,30.0,,30.0,,0,0,0,0,0,1,1
14403,Diamond St & Surrey St,52,EXCELSIOR,3,005B95,FFFFFF,1,Laguna Honda Blvd/Forest Hill Sta@@@58,Laguna Honda Blvd/Forest Hill Sta@@@28,,08:12:09,22:10:57,30.307692307692307,,30.307692307692307,,0,0,0,0,0,1,1
14404,Diamond St & Sussex St,52,EXCELSIOR,3,005B95,FFFFFF,1,Laguna Honda Blvd/Forest Hill Sta@@@58,Laguna Honda Blvd/Forest Hill Sta@@@28,,08:12:39,22:11:22,30.307692307692307,,30.307692307692307,,0,0,0,0,0,1,1
14405,Diamond St & Sussex St,52,EXCELSIOR,3,005B95,FFFFFF,0,Dublin St & La Grande Ave@@@58,Dublin St & La Grande Ave@@@28,,08:20:32,22:20:46,30.0,,30.0,,0,0,0,0,0,1,1
14407,Divisadero St & Beach St,30,STOCKTON,3,005B95,FFFFFF,0,Divisadero St & Chestnut St@@@36,,,05:36:41,24:28:54,,,,,0,0,0,0,0,1,1
14407,Divisadero St & Beach St,30,STOCKTON,3,005B95,FFFFFF,1,Townsend St & 4th St/Caltrain@@@104,Townsend St & 4th St/Caltrain@@@56,,06:58:32,20:07:32,15.0,,15.0,,0,0,0,0,0,1,1
14408,Divisadero St & Bush St,24,DIVISADERO,3,005B95,FFFFFF,1,Fillmore St & Jackson St@@@16###Jackson St & Webster St@@@158,Jackson St & Webster St@@@70,,05:41:23,24:13:24,12.205882352941176,,12.205882352941176,,0,0,0,0,0,1,1
14409,Divisadero St & California St,24,DIVISADERO,3,005B95,FFFFFF,1,Fillmore St & Jackson St@@@16###Jackson St & Webster St@@@158,Jackson St & Webster St@@@70,,05:42:11,24:14:14,12.205882352941176,,12.205882352941176,,0,0,0,0,0,1,1
14410,Divisadero St & California St,24,DIVISADERO,3,005B95,FFFFFF,0,3rd St & Palou Ave@@@182###Cortland Ave & Bayshore Blvd@@@4,3rd St & Palou Ave@@@68,,04:14:53,24:24:53,12.030303030303031,,12.030303030303031,,0,0,0,0,0,1,1
14411,Divisadero St & Chestnut St,30,STOCKTON,3,005B95,FFFFFF,1,Townsend St & 4th St/Caltrain@@@136,Townsend St & 4th St/Caltrain@@@56,,05:54:00,24:00:00,15.0,,15.0,,0,0,0,0,0,1,1
14412,Divisadero St & Clay St,24,DIVISADERO,3,005B95,FFFFFF,1,Fillmore St & Jackson St@@@16###Jackson St & Webster St@@@158,Jackson St & Webster St@@@70,,05:42:56,24:15:01,12.205882352941176,,12.205882352941176,,0,0,0,0,0,1,1
14413,Divisadero St & Clay St,24,DIVISADERO,3,005B95,FFFFFF,0,3rd St & Palou Ave@@@182###Cortland Ave & Bayshore Blvd@@@4,3rd St & Palou Ave@@@70,,04:14:07,24:24:07,12.029411764705882,,12.029411764705882,,0,0,0,0,0,1,1
14414,Divisadero St & Eddy St,24,DIVISADERO,3,005B95,FFFFFF,1,Divisadero St & Sutter St@@@28###Fillmore St & Jackson St@@@16###Jackson St & Webster St@@@158,Jackson St & Webster St@@@68,Divisadero St & Sutter St@@@16,05:39:00,29:31:00,12.181818181818182,30.0,12.181818181818182,30.0,0,0,0,0,0,1,1
14415,Divisadero St & Eddy St,24,DIVISADERO,3,005B95,FFFFFF,0,3rd St & Palou Ave@@@182###Cortland Ave & Bayshore Blvd@@@20,3rd St & Palou Ave@@@70,Cortland Ave & Bayshore Blvd@@@10,04:18:00,28:28:00,12.029411764705882,30.0,12.029411764705882,30.0,0,0,0,0,0,1,1
14415,Divisadero St & Eddy St,31,BALBOA,3,005B95,FFFFFF,0,Cabrillo St & La Playa St@@@98,Cabrillo St & La Playa St@@@42,,05:58:24,22:15:26,20.2,,20.2,,0,0,0,0,0,1,1
14418,Divisadero St & Francisco St,30,STOCKTON,3,005B95,FFFFFF,0,Divisadero St & Chestnut St@@@36,,,05:37:39,24:29:43,,,,,0,0,0,0,0,1,1
14418,Divisadero St & Francisco St,30,STOCKTON,3,005B95,FFFFFF,1,Townsend St & 4th St/Caltrain@@@104,Townsend St & 4th St/Caltrain@@@56,,06:59:31,20:08:31,15.0,,15.0,,0,0,0,0,0,1,1
14421,Divisadero St & Geary Blvd,24,DIVISADERO,3,005B95,FFFFFF,1,Divisadero St & Sutter St@@@28###Fillmore St & Jackson St@@@16###Jackson St & Webster St@@@158,Jackson St & Webster St@@@68,Divisadero St & Sutter St@@@16,05:39:58,29:31:58,12.181818181818182,30.0,12.181818181818182,30.0,0,0,0,0,0,1,1
14422,Divisadero St & Geary Blvd,24,DIVISADERO,3,005B95,FFFFFF,0,3rd St & Palou Ave@@@182###Cortland Ave & Bayshore Blvd@@@20,3rd St & Palou Ave@@@70,Cortland Ave & Bayshore Blvd@@@10,04:16:55,28:26:58,12.029411764705882,30.0,12.029411764705882,30.0,0,0,0,0,0,1,1
14423,Divisadero St & Haight St,24,DIVISADERO,3,005B95,FFFFFF,1,Divisadero St & Sutter St@@@28###Fillmore St & Jackson St@@@16###Jackson St & Webster St@@@158,Jackson St & Webster St@@@70,Divisadero St & Sutter St@@@14,05:34:00,29:26:00,12.176470588235293,30.0,12.176470588235293,30.0,0,0,0,0,0,1,1
14424,Divisadero St & Haight St,24,DIVISADERO,3,005B95,FFFFFF,0,3rd St & Palou Ave@@@182###Cortland Ave & Bayshore Blvd@@@20,3rd St & Palou Ave@@@70,Cortland Ave & Bayshore Blvd@@@12,04:22:00,28:33:00,12.058823529411764,30.0,12.058823529411764,30.0,0,0,0,0,0,1,1
14425,Divisadero St & Hayes St,24,DIVISADERO,3,005B95,FFFFFF,1,Divisadero St & Sutter St@@@28###Fillmore St & Jackson St@@@16###Jackson St & Webster St@@@158,Jackson St & Webster St@@@68,Divisadero St & Sutter St@@@14,05:36:10,29:28:10,12.181818181818182,30.0,12.181818181818182,30.0,0,0,0,0,0,1,1
14426,Divisadero St & Hayes St,24,DIVISADERO,3,005B95,FFFFFF,0,3rd St & Palou Ave@@@182###Cortland Ave & Bayshore Blvd@@@20,3rd St & Palou Ave@@@70,Cortland Ave & Bayshore Blvd@@@12,04:20:16,28:30:50,12.058823529411764,30.0,12.058823529411764,30.0,0,0,0,0,0,1,1
14427,Divisadero St & Jackson St,24,DIVISADERO,3,005B95,FFFFFF,1,Fillmore St & Jackson St@@@16###Jackson St & Webster St@@@158,Jackson St & Webster St@@@70,,05:43:36,24:15:42,12.205882352941176,,12.205882352941176,,0,0,0,0,0,1,1
14428,Divisadero St & Mcallister St,24,DIVISADERO,3,005B95,FFFFFF,1,Divisadero St & Sutter St@@@28###Fillmore St & Jackson St@@@16###Jackson St & Webster St@@@158,Jackson St & Webster St@@@68,Divisadero St & Sutter St@@@14,05:37:48,29:29:48,12.181818181818182,30.0,12.181818181818182,30.0,0,0,0,0,0,1,1
14429,Divisadero St & Mcallister St,24,DIVISADERO,3,005B95,FFFFFF,0,3rd St & Palou Ave@@@182###Cortland Ave & Bayshore Blvd@@@20,3rd St & Palou Ave@@@70,Cortland Ave & Bayshore Blvd@@@10,04:19:09,28:29:27,12.029411764705882,30.0,12.029411764705882,30.0,0,0,0,0,0,1,1
14430,Divisadero St & North Point St,30,STOCKTON,3,005B95,FFFFFF,0,Divisadero St & Chestnut St@@@36,,,05:37:00,24:29:10,,,,,0,0,0,0,0,1,1
14430,Divisadero St & North Point St,30,STOCKTON,3,005B95,FFFFFF,1,Townsend St & 4th St/Caltrain@@@104,Townsend St & 4th St/Caltrain@@@56,,06:58:52,20:07:52,15.0,,15.0,,0,0,0,0,0,1,1
14431,Divisadero St & Oak St,24,DIVISADERO,3,005B95,FFFFFF,1,Divisadero St & Sutter St@@@28###Fillmore St & Jackson St@@@16###Jackson St & Webster St@@@158,Jackson St & Webster St@@@70,Divisadero St & Sutter St@@@14,05:35:04,29:27:04,12.176470588235293,30.0,12.176470588235293,30.0,0,0,0,0,0,1,1
14432,Divisadero St & Oak St,24,DIVISADERO,3,005B95,FFFFFF,0,3rd St & Palou Ave@@@182###Cortland Ave & Bayshore Blvd@@@20,3rd St & Palou Ave@@@70,Cortland Ave & Bayshore Blvd@@@12,04:21:00,28:31:45,12.058823529411764,30.0,12.058823529411764,30.0,0,0,0,0,0,1,1
14433,Divisadero St & Pine St,24,DIVISADERO,3,005B95,FFFFFF,0,3rd St & Palou Ave@@@182###Cortland Ave & Bayshore Blvd@@@4,3rd St & Palou Ave@@@70,,04:15:17,24:25:17,12.0,,12.0,,0,0,0,0,0,1,1
14434,Divisadero St & Sutter St,24,DIVISADERO,3,005B95,FFFFFF,1,Divisadero St & Sutter St@@@28###Fillmore St & Jackson St@@@16###Jackson St & Webster St@@@158,Jackson St & Webster St@@@70,Divisadero St & Sutter St@@@16,05:41:00,29:33:00,12.205882352941176,,12.205882352941176,,0,0,0,0,0,1,1
14435,Divisadero St & Sutter St,24,DIVISADERO,3,005B95,FFFFFF,0,3rd St & Palou Ave@@@182###Cortland Ave & Bayshore Blvd@@@20,3rd St & Palou Ave@@@70,Cortland Ave & Bayshore Blvd@@@10,04:16:00,28:26:00,12.029411764705882,30.0,12.029411764705882,30.0,0,0,0,0,0,1,1
14436,Division St & Bryant St,9,SAN BRUNO,3,005B95,FFFFFF,0,Sunnydale Ave / Mclaren School@@@190,Sunnydale Ave / Mclaren School@@@82,,05:36:35,24:29:06,10.125,,10.125,,0,0,0,0,0,1,1
14436,Division St & Bryant St,90,SAN BRUNO OWL,3,666666,FFFFFF,0,Bayshore Blvd & Arleta Ave@@@22,,Bayshore Blvd & Arleta Ave@@@16,24:34:26,29:34:26,,30.0,,30.0,0,0,0,0,0,1,1
14437,Division St & Rhode Island St,19,POLK,3,005B95,FFFFFF,0,Galvez Ave & Hill Ave@@@102,Galvez Ave & Hill Ave@@@42,,05:23:50,22:24:58,20.25,,20.25,,0,0,0,0,0,1,1
14438,Division St & Townsend St,19,POLK,3,005B95,FFFFFF,1,Beach St & Polk St@@@102,Beach St & Polk St@@@42,,05:31:06,22:20:06,20.05,,20.05,,0,0,0,0,0,1,1
14439,Delta St & Tioga Ave,56,RUTLAND,3,005B95,FFFFFF,1,Visitacion Valley Middle School@@@86,Visitacion Valley Middle School@@@42,,07:08:57,21:09:04,20.0,,20.0,,0,0,0,0,0,1,1
14440,Donahue St & Innes Ave,19,POLK,3,005B95,FFFFFF,0,Galvez Ave & Hill Ave@@@102,Galvez Ave & Hill Ave@@@42,,05:43:06,22:45:14,20.35,,20.35,,0,0,0,0,0,1,1
14443,Douglass St & 24th St,35,EUREKA,3,005B95,FFFFFF,0,Bosworth St & Diamond St@@@58,Bosworth St & Diamond St@@@28,,07:05:46,21:06:21,30.0,,30.0,,0,0,0,0,0,1,1
14444,Douglass St & Alvarado St,35,EUREKA,3,005B95,FFFFFF,0,Bosworth St & Diamond St@@@58,Bosworth St & Diamond St@@@28,,07:04:51,21:05:20,30.0,,30.0,,0,0,0,0,0,1,1
14445,Drumm St & California St,12,FOLSOM-PACIFIC,3,005B95,FFFFFF,1,Jackson St & Van Ness Ave@@@152,Jackson St & Van Ness Ave@@@84,,06:38:10,22:41:10,10.21951219512195,,10.21951219512195,,0,0,0,0,0,1,1
14447,Duboce Ave & Church St,N,JUDAH,0,005B95,FFFFFF,0,Judah/La Playa/Ocean Beach@@@162,Judah/La Playa/Ocean Beach@@@70,,06:47:04,24:01:04,12.117647058823529,,12.117647058823529,,0,0,0,0,0,1,1
14447,Duboce Ave & Church St,NBUS,JUDAH BUS,3,005B95,FFFFFF,0,Judah/La Playa/Ocean Beach@@@18,,,05:42:00,07:58:00,,,,,0,0,0,0,0,1,1
14448,Duboce Ave & Church St,N,JUDAH,0,005B95,FFFFFF,1,Duboce Ave & Church St@@@8###King St & 4th St@@@154,King St & 4th St@@@68,,08:00:00,25:02:00,12.272727272727273,,12.272727272727273,,0,0,0,0,0,1,1
14451,Duboce Ave & Noe St,NBUS,JUDAH BUS,3,005B95,FFFFFF,1,Townsend St & 5th St/Caltrain@@@20,,,05:27:00,24:17:00,,,,,0,0,0,0,0,1,1
14453,Duncan St & Amber Dr,52,EXCELSIOR,3,005B95,FFFFFF,0,Dublin St & La Grande Ave@@@58,Dublin St & La Grande Ave@@@28,,08:15:16,22:16:08,30.0,,30.0,,0,0,0,0,0,1,1
14454,Duncan St & Cameo Way,52,EXCELSIOR,3,005B95,FFFFFF,0,Dublin St & La Grande Ave@@@58,Dublin St & La Grande Ave@@@28,,08:14:56,22:15:44,30.0,,30.0,,0,0,0,0,0,1,1
14455,Duncan St & Diamond Heights Blvd,52,EXCELSIOR,3,005B95,FFFFFF,0,Dublin St & La Grande Ave@@@58,Dublin St & La Grande Ave@@@28,,08:15:29,22:16:23,30.0,,30.0,,0,0,0,0,0,1,1
14456,Earl St & Kirkwood Ave,54,FELTON,3,005B95,FFFFFF,1,Newhall St & Hudson@@@96,Newhall St & Hudson@@@42,,06:22:00,22:48:00,20.25,,20.25,,0,0,0,0,0,1,1
14472,Eddy St & Buchanan St,31,BALBOA,3,005B95,FFFFFF,0,Cabrillo St & La Playa St@@@98,Cabrillo St & La Playa St@@@42,,05:55:27,22:11:23,20.1,,20.1,,0,0,0,0,0,1,1
14473,Eddy St & Buchanan St,31,BALBOA,3,005B95,FFFFFF,1,Cyril Magnin St & Market St@@@98,Cyril Magnin St & Market St@@@42,,05:22:25,21:26:50,20.2,,20.2,,0,0,0,0,0,1,1
14474,Eddy St & Divisadero St,31,BALBOA,3,005B95,FFFFFF,1,Cyril Magnin St & Market St@@@98,Cyril Magnin St & Market St@@@42,,05:19:13,21:22:57,20.15,,20.15,,0,0,0,0,0,1,1
14475,Eddy St & Fillmore St,31,BALBOA,3,005B95,FFFFFF,0,Cabrillo St & La Playa St@@@98,Cabrillo St & La Playa St@@@42,,05:56:25,22:12:43,20.15,,20.15,,0,0,0,0,0,1,1
14476,Eddy St & Fillmore St,31,BALBOA,3,005B95,FFFFFF,1,Cyril Magnin St & Market St@@@98,Cyril Magnin St & Market St@@@42,,05:21:19,21:25:30,20.15,,20.15,,0,0,0,0,0,1,1
14477,Eddy St & Gough St,31,BALBOA,3,005B95,FFFFFF,0,Cabrillo St & La Playa St@@@98,Cabrillo St & La Playa St@@@42,,05:54:04,22:09:29,20.1,,20.1,,0,0,0,0,0,1,1
14478,Eddy St & Gough St,31,BALBOA,3,005B95,FFFFFF,1,Cyril Magnin St & Market St@@@98,Cyril Magnin St & Market St@@@42,,05:24:03,21:28:51,20.2,,20.2,,0,0,0,0,0,1,1
14479,Eddy St & Hyde St,31,BALBOA,3,005B95,FFFFFF,1,Cyril Magnin St & Market St@@@98,Cyril Magnin St & Market St@@@42,,05:27:18,21:33:27,20.2,,20.2,,0,0,0,0,0,1,1
14480,Eddy St & Jones St,31,BALBOA,3,005B95,FFFFFF,1,Cyril Magnin St & Market St@@@98,Cyril Magnin St & Market St@@@40,,05:28:52,21:35:48,20.263157894736842,,20.263157894736842,,0,0,0,0,0,1,1
14481,Eddy St & Larkin St,31,BALBOA,3,005B95,FFFFFF,0,Cabrillo St & La Playa St@@@98,Cabrillo St & La Playa St@@@42,,05:51:04,22:06:04,20.1,,20.1,,0,0,0,0,0,1,1
14482,Eddy St & Larkin St,19,POLK,3,005B95,FFFFFF,0,Galvez Ave & Hill Ave@@@102,Galvez Ave & Hill Ave@@@42,,05:16:30,22:15:10,20.1,,20.1,,0,0,0,0,0,1,1
14482,Eddy St & Larkin St,31,BALBOA,3,005B95,FFFFFF,1,Cyril Magnin St & Market St@@@98,Cyril Magnin St & Market St@@@42,,05:26:31,21:32:17,20.2,,20.2,,0,0,0,0,0,1,1
14483,Eddy St & Leavenworth St,31,BALBOA,3,005B95,FFFFFF,1,Cyril Magnin St & Market St@@@98,Cyril Magnin St & Market St@@@40,,05:28:08,21:34:42,20.263157894736842,,20.263157894736842,,0,0,0,0,0,1,1
14484,Eddy St & Laguna St,31,BALBOA,3,005B95,FFFFFF,0,Cabrillo St & La Playa St@@@98,Cabrillo St & La Playa St@@@42,,05:54:58,22:10:42,20.1,,20.1,,0,0,0,0,0,1,1
14485,Eddy St & Laguna St,31,BALBOA,3,005B95,FFFFFF,1,Cyril Magnin St & Market St@@@98,Cyril Magnin St & Market St@@@42,,05:23:03,21:27:37,20.2,,20.2,,0,0,0,0,0,1,1
14487,Eddy St & Pierce St,31,BALBOA,3,005B95,FFFFFF,0,Cabrillo St & La Playa St@@@98,Cabrillo St & La Playa St@@@42,,05:57:23,22:14:02,20.15,,20.15,,0,0,0,0,0,1,1
14488,Eddy St & Pierce St,31,BALBOA,3,005B95,FFFFFF,1,Cyril Magnin St & Market St@@@98,Cyril Magnin St & Market St@@@42,,05:20:14,21:24:11,20.2,,20.2,,0,0,0,0,0,1,1
14489,Eddy St & Polk St,31,BALBOA,3,005B95,FFFFFF,0,Cabrillo St & La Playa St@@@98,Cabrillo St & La Playa St@@@42,,05:51:49,22:06:49,20.1,,20.1,,0,0,0,0,0,1,1
14490,Eddy St & Polk St,19,POLK,3,005B95,FFFFFF,0,Galvez Ave & Hill Ave@@@102,Galvez Ave & Hill Ave@@@42,,05:15:57,22:14:15,20.05,,20.05,,0,0,0,0,0,1,1
14490,Eddy St & Polk St,31,BALBOA,3,005B95,FFFFFF,1,Cyril Magnin St & Market St@@@98,Cyril Magnin St & Market St@@@42,,05:25:44,21:31:06,20.25,,20.25,,0,0,0,0,0,1,1
14491,Eddy St & Scott St,31,BALBOA,3,005B95,FFFFFF,0,Cabrillo St & La Playa St@@@98,Cabrillo St & La Playa St@@@42,,05:57:52,22:14:42,20.15,,20.15,,0,0,0,0,0,1,1
14492,Eddy St & Scott St,31,BALBOA,3,005B95,FFFFFF,1,Cyril Magnin St & Market St@@@98,Cyril Magnin St & Market St@@@42,,05:19:41,21:23:30,20.2,,20.2,,0,0,0,0,0,1,1
14493,Eddy St & Taylor St,31,BALBOA,3,005B95,FFFFFF,1,Cyril Magnin St & Market St@@@98,Cyril Magnin St & Market St@@@40,,05:29:57,21:37:25,20.31578947368421,,20.31578947368421,,0,0,0,0,0,1,1
14494,Eddy St & Van Ness Ave,31,BALBOA,3,005B95,FFFFFF,0,Cabrillo St & La Playa St@@@98,Cabrillo St & La Playa St@@@42,,05:53:00,22:08:00,20.1,,20.1,,0,0,0,0,0,1,1
14495,Eddy St & Van Ness Ave,31,BALBOA,3,005B95,FFFFFF,1,Cyril Magnin St & Market St@@@98,Cyril Magnin St & Market St@@@42,,05:25:00,21:30:00,20.2,,20.2,,0,0,0,0,0,1,1
14501,The Embarcadero & Bay St,F,MARKET & WHARVES,0,B49A36,000000,1,Jones St & Beach St@@@142,Jones St & Beach St@@@68,,06:32:42,22:31:42,12.333333333333334,,12.333333333333334,,0,0,0,0,0,1,1
14501,The Embarcadero & Bay St,FBUS,MARKET & WHARVES BUS,3,B49A36,000000,1,Jones St & Beach St@@@10,,,22:50:46,24:30:46,,,,,0,0,0,0,0,1,1
14501,The Embarcadero & Bay St,LOWL,OWL TARAVAL,3,666666,FFFFFF,1,Jones St & Beach St@@@30,,Jones St & Beach St@@@24,24:46:34,30:36:34,,25.0,,25.0,0,0,0,0,0,1,1
14502,The Embarcadero & Bay St,F,MARKET & WHARVES,0,B49A36,000000,0,17th St & Castro St@@@114###17th St & Noe St@@@28,17th St & Castro St@@@64###17th St & Noe St@@@4,,07:05:05,23:06:52,12.393939393939394,,12.393939393939394,,0,0,0,0,0,1,1
14502,The Embarcadero & Bay St,FBUS,MARKET & WHARVES BUS,3,B49A36,000000,0,17th St & Castro St@@@2,,,23:29:18,23:29:18,,,,,0,0,0,0,0,1,1
14502,The Embarcadero & Bay St,LOWL,OWL TARAVAL,3,666666,FFFFFF,0,The Embarcadero & Ferry Building@@@8###Wawona/46th Ave /Sf Zoo@@@28,,The Embarcadero & Ferry Building@@@8###Wawona/46th Ave /Sf Zoo@@@16,23:43:35,30:48:02,,25.0,,25.0,0,0,0,0,0,1,1
14503,The Embarcadero & Broadway,F,MARKET & WHARVES,0,B49A36,000000,1,Jones St & Beach St@@@142,Jones St & Beach St@@@68,,06:28:45,22:27:45,12.212121212121213,,12.212121212121213,,0,0,0,0,0,1,1
14503,The Embarcadero & Broadway,FBUS,MARKET & WHARVES BUS,3,B49A36,000000,1,Jones St & Beach St@@@10,,,22:46:45,24:26:45,,,,,0,0,0,0,0,1,1
14503,The Embarcadero & Broadway,LOWL,OWL TARAVAL,3,666666,FFFFFF,1,Jones St & Beach St@@@30,,Jones St & Beach St@@@22,24:43:17,30:33:17,,25.0,,25.0,0,0,0,0,0,1,1
14504,The Embarcadero & Broadway,F,MARKET & WHARVES,0,B49A36,000000,0,17th St & Castro St@@@114###17th St & Noe St@@@28,17th St & Castro St@@@62###17th St & Noe St@@@4,,07:10:13,23:11:30,12.46875,,12.46875,,0,0,0,0,0,1,1
14504,The Embarcadero & Broadway,FBUS,MARKET & WHARVES BUS,3,B49A36,000000,0,17th St & Castro St@@@2,,,23:34:07,23:34:07,,,,,0,0,0,0,0,1,1
14504,The Embarcadero & Broadway,LOWL,OWL TARAVAL,3,666666,FFFFFF,0,The Embarcadero & Ferry Building@@@8###Wawona/46th Ave /Sf Zoo@@@28,,The Embarcadero & Ferry Building@@@8###Wawona/46th Ave /Sf Zoo@@@16,23:47:36,30:51:26,,24.90909090909091,,24.90909090909091,0,0,0,0,0,1,1
14506,The Embarcadero & Brannan St,N,JUDAH,0,005B95,FFFFFF,1,King St & 4th St@@@168,King St & 4th St@@@68,,07:50:08,24:20:31,12.272727272727273,,12.272727272727273,,0,0,0,0,0,1,1
14508,The Embarcadero & Folsom St,NBUS,JUDAH BUS,3,005B95,FFFFFF,0,Judah/La Playa/Ocean Beach@@@18,,,05:24:27,07:40:27,,,,,0,0,0,0,0,1,1
14508,The Embarcadero & Folsom St,NOWL,OWL JUDAH,3,666666,FFFFFF,0,Judah/La Playa/Ocean Beach@@@24,,Judah/La Playa/Ocean Beach@@@16,24:05:42,29:35:42,,30.0,,30.0,0,0,0,0,0,1,1
14509,The Embarcadero & Folsom St,N,JUDAH,0,005B95,FFFFFF,1,King St & 4th St@@@168,King St & 4th St@@@68,,07:47:00,24:17:00,12.272727272727273,,12.272727272727273,,0,0,0,0,0,1,1
14510,The Embarcadero & Folsom St,K,INGLESIDE,0,437C93,FFFFFF,0,Balboa Park BART/Mezzanine Level@@@4,,,07:57:00,08:07:00,,,,,0,0,0,0,0,1,1
14510,The Embarcadero & Folsom St,L,TARAVAL,0,942D83,FFFFFF,0,47th Ave & Cutler Ave@@@4,,,08:02:00,08:14:00,,,,,0,0,0,0,0,1,1
14510,The Embarcadero & Folsom St,M,OCEAN VIEW,0,008547,FFFFFF,0,San Jose Ave & Niagra Ave@@@6,,,07:55:00,08:11:00,,,,,0,0,0,0,0,1,1
14510,The Embarcadero & Folsom St,N,JUDAH,0,005B95,FFFFFF,0,Judah/La Playa/Ocean Beach@@@148###The Embarcadero & Folsom St@@@8,Judah/La Playa/Ocean Beach@@@70,,07:20:00,23:50:00,12.088235294117647,,12.088235294117647,,0,0,0,0,0,1,1
14511,The Embarcadero & Folsom St,NBUS,JUDAH BUS,3,005B95,FFFFFF,1,Townsend St & 5th St/Caltrain@@@20,,,05:45:06,24:35:06,,,,,0,0,0,0,0,1,1
14511,The Embarcadero & Folsom St,NOWL,OWL JUDAH,3,666666,FFFFFF,1,Townsend St & 5th St/Caltrain@@@22,,Townsend St & 5th St/Caltrain@@@18,25:01:09,30:01:09,,30.0,,30.0,0,0,0,0,0,1,1
14513,The Embarcadero & Ferry Building,F,MARKET & WHARVES,0,B49A36,000000,1,Jones St & Beach St@@@142,Jones St & Beach St@@@68,,06:26:28,22:25:28,12.212121212121213,,12.212121212121213,,0,0,0,0,0,1,1
14513,The Embarcadero & Ferry Building,FBUS,MARKET & WHARVES BUS,3,B49A36,000000,1,Jones St & Beach St@@@10,,,22:44:26,24:24:26,,,,,0,0,0,0,0,1,1
14513,The Embarcadero & Ferry Building,LOWL,OWL TARAVAL,3,666666,FFFFFF,1,Jones St & Beach St@@@30,,Jones St & Beach St@@@22,24:41:23,30:31:23,,25.0,,25.0,0,0,0,0,0,1,1
14515,The Embarcadero & Greenwich St,F,MARKET & WHARVES,0,B49A36,000000,1,Jones St & Beach St@@@142,Jones St & Beach St@@@68,,06:30:32,22:29:32,12.212121212121213,,12.212121212121213,,0,0,0,0,0,1,1
14515,The Embarcadero & Greenwich St,FBUS,MARKET & WHARVES BUS,3,B49A36,000000,1,Jones St & Beach St@@@10,,,22:48:33,24:28:33,,,,,0,0,0,0,0,1,1
14515,The Embarcadero & Greenwich St,LOWL,OWL TARAVAL,3,666666,FFFFFF,1,Jones St & Beach St@@@30,,Jones St & Beach St@@@22,24:44:46,30:34:46,,25.0,,25.0,0,0,0,0,0,1,1
14516,The Embarcadero & Greenwich St,F,MARKET & WHARVES,0,B49A36,000000,0,17th St & Castro St@@@114###17th St & Noe St@@@28,17th St & Castro St@@@64###17th St & Noe St@@@4,,07:07:47,23:09:18,12.424242424242424,,12.424242424242424,,0,0,0,0,0,1,1
14516,The Embarcadero & Greenwich St,FBUS,MARKET & WHARVES BUS,3,B49A36,000000,0,17th St & Castro St@@@2,,,23:31:51,23:31:51,,,,,0,0,0,0,0,1,1
14516,The Embarcadero & Greenwich St,LOWL,OWL TARAVAL,3,666666,FFFFFF,0,The Embarcadero & Ferry Building@@@8###Wawona/46th Ave /Sf Zoo@@@28,,The Embarcadero & Ferry Building@@@8###Wawona/46th Ave /Sf Zoo@@@16,23:45:42,30:49:50,,24.90909090909091,,24.90909090909091,0,0,0,0,0,1,1
14517,The Embarcadero & Green St,F,MARKET & WHARVES,0,B49A36,000000,1,Jones St & Beach St@@@142,Jones St & Beach St@@@68,,06:29:34,22:28:34,12.212121212121213,,12.212121212121213,,0,0,0,0,0,1,1
14517,The Embarcadero & Green St,FBUS,MARKET & WHARVES BUS,3,B49A36,000000,1,Jones St & Beach St@@@10,,,22:47:35,24:27:35,,,,,0,0,0,0,0,1,1
14517,The Embarcadero & Green St,LOWL,OWL TARAVAL,3,666666,FFFFFF,1,Jones St & Beach St@@@30,,Jones St & Beach St@@@22,24:43:58,30:33:58,,25.0,,25.0,0,0,0,0,0,1,1
14518,The Embarcadero & Green St,F,MARKET & WHARVES,0,B49A36,000000,0,17th St & Castro St@@@114###17th St & Noe St@@@28,17th St & Castro St@@@62###17th St & Noe St@@@4,,07:09:12,23:10:35,12.4375,,12.4375,,0,0,0,0,0,1,1
14518,The Embarcadero & Green St,FBUS,MARKET & WHARVES BUS,3,B49A36,000000,0,17th St & Castro St@@@2,,,23:33:10,23:33:10,,,,,0,0,0,0,0,1,1
14518,The Embarcadero & Green St,LOWL,OWL TARAVAL,3,666666,FFFFFF,0,The Embarcadero & Ferry Building@@@8###Wawona/46th Ave /Sf Zoo@@@28,,The Embarcadero & Ferry Building@@@8###Wawona/46th Ave /Sf Zoo@@@16,23:46:48,30:50:46,,24.90909090909091,,24.90909090909091,0,0,0,0,0,1,1
14520,The Embarcadero & Howard St,NOWL,OWL JUDAH,3,666666,FFFFFF,1,Townsend St & 5th St/Caltrain@@@22,,Townsend St & 5th St/Caltrain@@@18,25:00:43,30:00:43,,30.0,,30.0,0,0,0,0,0,1,1
14529,The Embarcadero & Sansome St,F,MARKET & WHARVES,0,B49A36,000000,0,17th St & Castro St@@@114###17th St & Noe St@@@28,17th St & Castro St@@@64###17th St & Noe St@@@4,,07:06:25,23:08:05,12.393939393939394,,12.393939393939394,,0,0,0,0,0,1,1
14529,The Embarcadero & Sansome St,FBUS,MARKET & WHARVES BUS,3,B49A36,000000,0,17th St & Castro St@@@2,,,23:30:34,23:30:34,,,,,0,0,0,0,0,1,1
14529,The Embarcadero & Sansome St,LOWL,OWL TARAVAL,3,666666,FFFFFF,0,The Embarcadero & Ferry Building@@@8###Wawona/46th Ave /Sf Zoo@@@28,,The Embarcadero & Ferry Building@@@8###Wawona/46th Ave /Sf Zoo@@@16,23:44:38,30:48:56,,24.90909090909091,,24.90909090909091,0,0,0,0,0,1,1
14530,The Embarcadero & Stockton St,39,COIT,3,005B95,FFFFFF,0,Coit Tower@@@62,Coit Tower@@@42,,09:08:16,19:08:16,20.0,,20.0,,0,0,0,0,0,1,1
14530,The Embarcadero & Stockton St,F,MARKET & WHARVES,0,B49A36,000000,1,Jones St & Beach St@@@142,Jones St & Beach St@@@68,,06:34:00,22:33:00,12.333333333333334,,12.333333333333334,,0,0,0,0,0,1,1
14530,The Embarcadero & Stockton St,FBUS,MARKET & WHARVES BUS,3,B49A36,000000,1,Jones St & Beach St@@@10,,,22:52:10,24:32:10,,,,,0,0,0,0,0,1,1
14530,The Embarcadero & Stockton St,LOWL,OWL TARAVAL,3,666666,FFFFFF,1,Jones St & Beach St@@@30,,Jones St & Beach St@@@24,24:47:43,30:37:43,,25.0,,25.0,0,0,0,0,0,1,1
14531,The Embarcadero & Townsend St,NBUS,JUDAH BUS,3,005B95,FFFFFF,1,Townsend St & 5th St/Caltrain@@@20,,,05:47:35,24:37:35,,,,,0,0,0,0,0,1,1
14531,The Embarcadero & Townsend St,NOWL,OWL JUDAH,3,666666,FFFFFF,1,Townsend St & 5th St/Caltrain@@@22,,Townsend St & 5th St/Caltrain@@@18,25:02:59,30:02:59,,30.0,,30.0,0,0,0,0,0,1,1
14532,The Embarcadero & Washington St,F,MARKET & WHARVES,0,B49A36,000000,1,Jones St & Beach St@@@142,Jones St & Beach St@@@68,,06:27:34,22:26:34,12.212121212121213,,12.212121212121213,,0,0,0,0,0,1,1
14532,The Embarcadero & Washington St,FBUS,MARKET & WHARVES BUS,3,B49A36,000000,1,Jones St & Beach St@@@10,,,22:45:33,24:25:33,,,,,0,0,0,0,0,1,1
14532,The Embarcadero & Washington St,LOWL,OWL TARAVAL,3,666666,FFFFFF,1,Jones St & Beach St@@@30,,Jones St & Beach St@@@22,24:42:18,30:32:18,,25.0,,25.0,0,0,0,0,0,1,1
14534,The Embarcadero & Washington St,F,MARKET & WHARVES,0,B49A36,000000,0,17th St & Castro St@@@114###17th St & Noe St@@@28,17th St & Castro St@@@62###17th St & Noe St@@@4,,07:11:45,23:12:53,12.46875,,12.46875,,0,0,0,0,0,1,1
14534,The Embarcadero & Washington St,FBUS,MARKET & WHARVES BUS,3,B49A36,000000,0,17th St & Castro St@@@2,,,23:35:33,23:35:33,,,,,0,0,0,0,0,1,1
14534,The Embarcadero & Washington St,LOWL,OWL TARAVAL,3,666666,FFFFFF,0,The Embarcadero & Ferry Building@@@8###Wawona/46th Ave /Sf Zoo@@@28,,The Embarcadero & Ferry Building@@@8###Wawona/46th Ave /Sf Zoo@@@16,23:48:47,30:52:27,,24.90909090909091,,24.90909090909091,0,0,0,0,0,1,1
14535,Eureka St & 18th St,35,EUREKA,3,005B95,FFFFFF,1,Market St & Castro St@@@56,Market St & Castro St@@@28,,07:38:35,21:09:35,30.153846153846153,,30.153846153846153,,0,0,0,0,0,1,1
14536,Eureka St & 19th St,35,EUREKA,3,005B95,FFFFFF,1,Market St & Castro St@@@56,Market St & Castro St@@@28,,07:37:46,21:08:46,30.153846153846153,,30.153846153846153,,0,0,0,0,0,1,1
14537,Eureka St & 20th St,35,EUREKA,3,005B95,FFFFFF,1,Market St & Castro St@@@56,Market St & Castro St@@@28,,07:36:56,21:07:56,30.153846153846153,,30.153846153846153,,0,0,0,0,0,1,1
14538,Eureka St & 21st St,35,EUREKA,3,005B95,FFFFFF,0,Bosworth St & Diamond St@@@58,Bosworth St & Diamond St@@@28,,07:03:35,21:03:57,30.076923076923077,,30.076923076923077,,0,0,0,0,0,1,1
14539,Eureka St & 21st St,35,EUREKA,3,005B95,FFFFFF,1,Market St & Castro St@@@56,Market St & Castro St@@@28,,07:36:07,21:07:07,30.076923076923077,,30.076923076923077,,0,0,0,0,0,1,1
14540,Eureka St & 22nd St,35,EUREKA,3,005B95,FFFFFF,0,Bosworth St & Diamond St@@@58,Bosworth St & Diamond St@@@28,,07:04:12,21:04:37,30.076923076923077,,30.076923076923077,,0,0,0,0,0,1,1
14543,Eureka St & Market St,35,EUREKA,3,005B95,FFFFFF,1,Market St & Castro St@@@56,Market St & Castro St@@@28,,07:39:04,21:10:04,30.153846153846153,,30.153846153846153,,0,0,0,0,0,1,1
14544,Eucalyptus Dr & 19th Ave,57,PARKMERCED,3,005B95,FFFFFF,0,Daly City BART Stop B3@@@92,Daly City BART Stop B3@@@34,,05:04:54,22:05:05,25.0625,,25.0625,,0,0,0,0,0,1,1
14545,Eucalyptus Dr & 19th Ave,57,PARKMERCED,3,005B95,FFFFFF,1,Ulloa St & West Portal Ave@@@92,Ulloa St & West Portal Ave@@@34,,05:19:01,22:20:55,25.125,,25.125,,0,0,0,0,0,1,1
14546,Eucalyptus Dr & Junipero Serra Blvd,57,PARKMERCED,3,005B95,FFFFFF,1,Ulloa St & West Portal Ave@@@92,Ulloa St & West Portal Ave@@@34,,05:19:32,22:21:29,25.125,,25.125,,0,0,0,0,0,1,1
14547,Evans Ave & 3rd St,19,POLK,3,005B95,FFFFFF,0,Galvez Ave & Hill Ave@@@102,Galvez Ave & Hill Ave@@@40,,05:37:00,22:40:00,20.31578947368421,,20.31578947368421,,0,0,0,0,0,1,1
14547,Evans Ave & 3rd St,44,O'SHAUGHNESSY,3,005B95,FFFFFF,1,Bosworth St & Diamond St@@@20###California St & 6th Ave@@@170,California St & 6th Ave@@@70,Bosworth St & Diamond St@@@14,05:00:52,29:10:44,12.0,31.666666666666668,12.0,31.666666666666668,0,0,0,0,0,1,1
14547,Evans Ave & 3rd St,91,3RD-19TH AVE OWL,3,666666,FFFFFF,1,19th Ave & Holloway/Sf State@@@24,,19th Ave & Holloway/Sf State@@@16,24:21:04,29:51:04,,30.0,,30.0,0,0,0,0,0,1,1
14548,Evans Ave & Marin St,19,POLK,3,005B95,FFFFFF,1,Beach St & Polk St@@@102,Beach St & Polk St@@@42,,05:19:12,22:08:12,20.0,,20.0,,0,0,0,0,0,1,1
14549,Evans Ave & Cesar Chavez St,19,POLK,3,005B95,FFFFFF,0,Galvez Ave & Hill Ave@@@102,Galvez Ave & Hill Ave@@@40,,05:33:49,22:36:49,20.31578947368421,,20.31578947368421,,0,0,0,0,0,1,1
14550,Evans Ave & Keith St,19,POLK,3,005B95,FFFFFF,1,Beach St & Polk St@@@102,Beach St & Polk St@@@42,,05:15:06,22:04:23,20.0,,20.0,,0,0,0,0,0,1,1
14550,Evans Ave & Keith St,44,O'SHAUGHNESSY,3,005B95,FFFFFF,0,Hudson Ave & 3rd St@@@186,Hudson Ave & 3rd St@@@70,Hudson Ave & 3rd St@@@16,06:38:17,29:54:49,12.264705882352942,31.857142857142858,12.264705882352942,31.857142857142858,0,0,0,0,0,1,1
14551,Evans Ave & Keith St,19,POLK,3,005B95,FFFFFF,0,Galvez Ave & Hill Ave@@@102,Galvez Ave & Hill Ave@@@40,,05:38:52,22:41:36,20.31578947368421,,20.31578947368421,,0,0,0,0,0,1,1
14551,Evans Ave & Keith St,44,O'SHAUGHNESSY,3,005B95,FFFFFF,1,Bosworth St & Diamond St@@@20###California St & 6th Ave@@@170,California St & 6th Ave@@@70,Bosworth St & Diamond St@@@14,05:03:10,29:12:38,12.0,31.666666666666668,12.0,31.666666666666668,0,0,0,0,0,1,1
14552,Evans Ave & Middle Point Rd,19,POLK,3,005B95,FFFFFF,0,Galvez Ave & Hill Ave@@@102,Galvez Ave & Hill Ave@@@42,,05:39:23,22:42:03,20.35,,20.35,,0,0,0,0,0,1,1
14552,Evans Ave & Middle Point Rd,44,O'SHAUGHNESSY,3,005B95,FFFFFF,1,Bosworth St & Diamond St@@@20###California St & 6th Ave@@@170,California St & 6th Ave@@@70,Bosworth St & Diamond St@@@14,05:03:47,29:13:09,12.0,31.666666666666668,12.0,31.666666666666668,0,0,0,0,0,1,1
14553,Evans Ave & Mendell St,19,POLK,3,005B95,FFFFFF,0,Galvez Ave & Hill Ave@@@102,Galvez Ave & Hill Ave@@@40,,05:37:55,22:40:47,20.31578947368421,,20.31578947368421,,0,0,0,0,0,1,1
14553,Evans Ave & Mendell St,44,O'SHAUGHNESSY,3,005B95,FFFFFF,1,Bosworth St & Diamond St@@@20###California St & 6th Ave@@@170,California St & 6th Ave@@@70,Bosworth St & Diamond St@@@14,05:02:00,29:11:40,12.0,31.666666666666668,12.0,31.666666666666668,0,0,0,0,0,1,1
14555,Evans Ave & Newhall St,19,POLK,3,005B95,FFFFFF,1,Beach St & Polk St@@@102,Beach St & Polk St@@@42,,05:16:39,22:05:42,20.0,,20.0,,0,0,0,0,0,1,1
14555,Evans Ave & Newhall St,91,3RD-19TH AVE OWL,3,666666,FFFFFF,0,Ulloa St & West Portal Ave@@@26,,Ulloa St & West Portal Ave@@@18,24:06:31,30:06:31,,30.0,,30.0,0,0,0,0,0,1,1
14558,Evans Ave & Uspo,19,POLK,3,005B95,FFFFFF,1,Beach St & Polk St@@@102,Beach St & Polk St@@@42,,05:15:42,22:04:53,20.0,,20.0,,0,0,0,0,0,1,1
14558,Evans Ave & Uspo,44,O'SHAUGHNESSY,3,005B95,FFFFFF,0,Hudson Ave & 3rd St@@@186,Hudson Ave & 3rd St@@@70,Hudson Ave & 3rd St@@@16,06:38:56,29:55:21,12.294117647058824,31.857142857142858,12.294117647058824,31.857142857142858,0,0,0,0,0,1,1
14559,Evans Ave & Phelps St,19,POLK,3,005B95,FFFFFF,1,Beach St & Polk St@@@102,Beach St & Polk St@@@42,,05:17:00,22:06:00,20.0,,20.0,,0,0,0,0,0,1,1
14560,Evans Ave & Phelps St,19,POLK,3,005B95,FFFFFF,0,Galvez Ave & Hill Ave@@@102,Galvez Ave & Hill Ave@@@40,,05:36:44,22:39:44,20.31578947368421,,20.31578947368421,,0,0,0,0,0,1,1
14561,Evans Ave & Quint St,19,POLK,3,005B95,FFFFFF,1,Beach St & Polk St@@@102,Beach St & Polk St@@@42,,05:17:33,22:06:33,20.0,,20.0,,0,0,0,0,0,1,1
14562,Evans Ave & Selby St,19,POLK,3,005B95,FFFFFF,0,Galvez Ave & Hill Ave@@@102,Galvez Ave & Hill Ave@@@40,,05:34:56,22:37:56,20.31578947368421,,20.31578947368421,,0,0,0,0,0,1,1
14564,Evans Ave Opposite Us Post Office,19,POLK,3,005B95,FFFFFF,0,Galvez Ave & Hill Ave@@@102,Galvez Ave & Hill Ave@@@40,,05:38:24,22:41:12,20.31578947368421,,20.31578947368421,,0,0,0,0,0,1,1
14564,Evans Ave Opposite Us Post Office,44,O'SHAUGHNESSY,3,005B95,FFFFFF,1,Bosworth St & Diamond St@@@20###California St & 6th Ave@@@170,California St & 6th Ave@@@70,Bosworth St & Diamond St@@@14,05:02:35,29:12:09,12.0,31.666666666666668,12.0,31.666666666666668,0,0,0,0,0,1,1
14565,909 Ellsworth St,67,BERNAL HEIGHTS,3,005B95,FFFFFF,0,Ellsworth St & Crescent Ave@@@98,Ellsworth St & Crescent Ave@@@42,,06:14:17,22:11:17,19.9,,19.9,,0,0,0,0,0,1,1
14566,945 Ellsworth St,67,BERNAL HEIGHTS,3,005B95,FFFFFF,0,Ellsworth St & Crescent Ave@@@98,Ellsworth St & Crescent Ave@@@42,,06:14:07,22:11:07,19.9,,19.9,,0,0,0,0,0,1,1
14567,989 Ellsworth St,67,BERNAL HEIGHTS,3,005B95,FFFFFF,0,Ellsworth St & Crescent Ave@@@98,Ellsworth St & Crescent Ave@@@42,,06:13:51,22:10:51,19.9,,19.9,,0,0,0,0,0,1,1
14568,Ellsworth St & Crescent Ave,67,BERNAL HEIGHTS,3,005B95,FFFFFF,1,24th St & Mission St@@@98,24th St & Mission St@@@42,,06:15:00,22:12:00,19.9,,19.9,,0,0,0,0,0,1,1
14571,Excelsior Ave & Madrid St,52,EXCELSIOR,3,005B95,FFFFFF,0,Dublin St & La Grande Ave@@@58,Dublin St & La Grande Ave@@@28,,08:27:03,22:28:03,30.153846153846153,,30.153846153846153,,0,0,0,0,0,1,1
14572,Excelsior Ave & Mission St,52,EXCELSIOR,3,005B95,FFFFFF,0,Dublin St & La Grande Ave@@@58,Dublin St & La Grande Ave@@@28,,08:26:00,22:27:00,30.153846153846153,,30.153846153846153,,0,0,0,0,0,1,1
14573,Excelsior Ave & Naples St,52,EXCELSIOR,3,005B95,FFFFFF,0,Dublin St & La Grande Ave@@@58,Dublin St & La Grande Ave@@@28,,08:27:37,22:28:37,30.153846153846153,,30.153846153846153,,0,0,0,0,0,1,1
14574,Excelsior Ave & Paris St,52,EXCELSIOR,3,005B95,FFFFFF,0,Dublin St & La Grande Ave@@@58,Dublin St & La Grande Ave@@@28,,08:26:29,22:27:29,30.153846153846153,,30.153846153846153,,0,0,0,0,0,1,1
14575,50 Thomas Mellon Dr,56,RUTLAND,3,005B95,FFFFFF,0,50 Thomas Mellon Dr@@@64###San Bruno Ave & Arleta Ave@@@20,50 Thomas Mellon Dr@@@42,,07:31:00,21:11:00,,,,,0,0,0,0,0,1,1
14575,50 Thomas Mellon Dr,56,RUTLAND,3,005B95,FFFFFF,1,Visitacion Valley Middle School@@@68,Visitacion Valley Middle School@@@44,,07:00:00,18:00:00,20.0,,20.0,,0,0,0,0,0,1,1
14576,Executive Park Blvd & Blanken Ave,56,RUTLAND,3,005B95,FFFFFF,0,San Bruno Ave & Arleta Ave@@@20,,,18:12:40,21:12:40,,,,,0,0,0,0,0,1,1
14576,Executive Park Blvd & Blanken Ave,56,RUTLAND,3,005B95,FFFFFF,1,Visitacion Valley Middle School@@@68,Visitacion Valley Middle School@@@42,,07:01:49,18:01:49,20.0,,20.0,,0,0,0,0,0,1,1
14579,Farnum St & Moffitt St,35,EUREKA,3,005B95,FFFFFF,0,Bosworth St & Diamond St@@@58,Bosworth St & Diamond St@@@28,,07:12:21,21:13:21,30.076923076923077,,30.076923076923077,,0,0,0,0,0,1,1
14581,Felton St & Amherst St,54,FELTON,3,005B95,FFFFFF,0,Daly City BART Stop A2@@@94,Daly City BART Stop A2@@@42,,06:08:14,22:19:51,20.1,,20.1,,0,0,0,0,0,1,1
14582,Felton St & Amherst St,54,FELTON,3,005B95,FFFFFF,1,Newhall St & Hudson@@@96,Newhall St & Hudson@@@42,,05:58:04,22:20:19,20.1,,20.1,,0,0,0,0,0,1,1
14583,Felton St & Cambridge St,54,FELTON,3,005B95,FFFFFF,0,Daly City BART Stop A2@@@94,Daly City BART Stop A2@@@42,,06:08:49,22:20:24,20.1,,20.1,,0,0,0,0,0,1,1
14584,Felton St & Cambridge St,54,FELTON,3,005B95,FFFFFF,1,Newhall St & Hudson@@@96,Newhall St & Hudson@@@42,,05:57:31,22:19:42,20.1,,20.1,,0,0,0,0,0,1,1
14587,Felton St & Harvard St,54,FELTON,3,005B95,FFFFFF,0,Daly City BART Stop A2@@@94,Daly City BART Stop A2@@@42,,06:09:12,22:20:45,20.05,,20.05,,0,0,0,0,0,1,1
14588,Felton St & Harvard St,54,FELTON,3,005B95,FFFFFF,1,Newhall St & Hudson@@@96,Newhall St & Hudson@@@42,,05:56:58,22:19:06,20.1,,20.1,,0,0,0,0,0,1,1
14589,Felton St & Madison St,54,FELTON,3,005B95,FFFFFF,0,Daly City BART Stop A2@@@94,Daly City BART Stop A2@@@42,,06:09:37,22:21:08,20.1,,20.1,,0,0,0,0,0,1,1
14590,Felton St & Madison St,54,FELTON,3,005B95,FFFFFF,1,Newhall St & Hudson@@@96,Newhall St & Hudson@@@42,,05:56:31,22:18:34,20.1,,20.1,,0,0,0,0,0,1,1
14593,Felton St & Peru Ave,54,FELTON,3,005B95,FFFFFF,0,Daly City BART Stop A2@@@94,Daly City BART Stop A2@@@42,,06:09:55,22:21:25,20.1,,20.1,,0,0,0,0,0,1,1
14596,Felton St & University St,54,FELTON,3,005B95,FFFFFF,1,Newhall St & Hudson@@@96,Newhall St & Hudson@@@42,,05:58:37,22:20:56,20.1,,20.1,,0,0,0,0,0,1,1
14603,Fillmore St & Bay St,22,FILLMORE,3,005B95,FFFFFF,0,Fillmore St & Sutter St@@@16###Mission Bay North & 4th St@@@266,Mission Bay North & 4th St@@@110,Fillmore St & Sutter St@@@2###Mission Bay North & 4th St@@@14,05:31:00,29:39:00,7.62962962962963,28.428571428571427,7.62962962962963,28.428571428571427,0,0,0,0,0,1,1
14604,Fillmore St & Broadway,22,FILLMORE,3,005B95,FFFFFF,1,Fillmore St & Bay St@@@282,Fillmore St & Bay St@@@112,Fillmore St & Bay St@@@14,05:20:52,29:28:24,7.527272727272727,30.0,7.527272727272727,30.0,0,0,0,0,0,1,1
14605,Fillmore St & Broadway,22,FILLMORE,3,005B95,FFFFFF,0,Fillmore St & Sutter St@@@16###Mission Bay North & 4th St@@@266,Mission Bay North & 4th St@@@110,Fillmore St & Sutter St@@@2###Mission Bay North & 4th St@@@14,05:40:23,29:48:23,7.685185185185185,28.428571428571427,7.685185185185185,28.428571428571427,0,0,0,0,0,1,1
14606,Fillmore St & Beach St,22,FILLMORE,3,005B95,FFFFFF,0,Fillmore St & Sutter St@@@16###Mission Bay North & 4th St@@@266,Mission Bay North & 4th St@@@110,Fillmore St & Sutter St@@@2###Mission Bay North & 4th St@@@14,05:33:20,29:41:20,7.62962962962963,28.428571428571427,7.62962962962963,28.428571428571427,0,0,0,0,0,1,1
14608,Fillmore St & Chestnut St,22,FILLMORE,3,005B95,FFFFFF,1,Fillmore St & Bay St@@@282,Fillmore St & Bay St@@@112,Fillmore St & Bay St@@@16,05:25:16,29:33:16,7.472727272727273,30.0,7.472727272727273,30.0,0,0,0,0,0,1,1
14609,Fillmore St & Chestnut St,22,FILLMORE,3,005B95,FFFFFF,0,Fillmore St & Sutter St@@@16###Mission Bay North & 4th St@@@266,Mission Bay North & 4th St@@@110,Fillmore St & Sutter St@@@2###Mission Bay North & 4th St@@@14,05:35:00,29:43:00,7.62962962962963,28.428571428571427,7.62962962962963,28.428571428571427,0,0,0,0,0,1,1
14610,Fillmore St & Cervantes Blvd,22,FILLMORE,3,005B95,FFFFFF,0,Fillmore St & Sutter St@@@16###Mission Bay North & 4th St@@@266,Mission Bay North & 4th St@@@110,Fillmore St & Sutter St@@@2###Mission Bay North & 4th St@@@14,05:33:59,29:41:59,7.62962962962963,28.428571428571427,7.62962962962963,28.428571428571427,0,0,0,0,0,1,1
14611,Fillmore St & Eddy St,22,FILLMORE,3,005B95,FFFFFF,1,Fillmore St & Bay St@@@260###Fillmore St & Sutter St@@@28,Fillmore St & Bay St@@@108,Fillmore St & Bay St@@@14###Fillmore St & Sutter St@@@8,05:32:13,30:39:13,7.773584905660377,27.3,7.773584905660377,27.3,0,0,0,0,0,1,1
14612,Fillmore St & Eddy St,22,FILLMORE,3,005B95,FFFFFF,0,Mission Bay North & 4th St@@@288,Mission Bay North & 4th St@@@114,Mission Bay North & 4th St@@@16,04:27:12,29:37:00,7.428571428571429,30.0,7.428571428571429,30.0,0,0,0,0,0,1,1
14613,Fillmore St & Golden Gate Ave,22,FILLMORE,3,005B95,FFFFFF,1,Fillmore St & Bay St@@@260###Fillmore St & Sutter St@@@28,Fillmore St & Bay St@@@108,Fillmore St & Bay St@@@14###Fillmore St & Sutter St@@@8,05:30:55,30:37:55,7.754716981132075,27.3,7.754716981132075,27.3,0,0,0,0,0,1,1
14614,Fillmore St & Geary Blvd/Japantown,22,FILLMORE,3,005B95,FFFFFF,1,Fillmore St & Bay St@@@260###Fillmore St & Sutter St@@@28,Fillmore St & Bay St@@@108,Fillmore St & Bay St@@@14###Fillmore St & Sutter St@@@8,05:34:04,30:41:04,7.773584905660377,27.3,7.773584905660377,27.3,0,0,0,0,0,1,1
14615,Fillmore St & Geary Blvd/Japantown,22,FILLMORE,3,005B95,FFFFFF,0,Mission Bay North & 4th St@@@288,Mission Bay North & 4th St@@@112,Mission Bay North & 4th St@@@16,04:25:12,29:35:00,7.418181818181818,30.0,7.418181818181818,30.0,0,0,0,0,0,1,1
14616,Fillmore St & Grove St,22,FILLMORE,3,005B95,FFFFFF,1,Fillmore St & Bay St@@@260###Fillmore St & Sutter St@@@28,Fillmore St & Bay St@@@108,Fillmore St & Bay St@@@14###Fillmore St & Sutter St@@@8,05:28:29,30:35:29,7.735849056603773,27.3,7.735849056603773,27.3,0,0,0,0,0,1,1
14617,Fillmore St & Grove St,22,FILLMORE,3,005B95,FFFFFF,0,Mission Bay North & 4th St@@@288,Mission Bay North & 4th St@@@112,Mission Bay North & 4th St@@@16,04:30:02,29:40:02,7.454545454545454,30.0,7.454545454545454,30.0,0,0,0,0,0,1,1
14618,Fillmore St & Haight St,22,FILLMORE,3,005B95,FFFFFF,0,Mission Bay North & 4th St@@@288,Mission Bay North & 4th St@@@112,Mission Bay North & 4th St@@@16,04:33:00,29:43:00,7.472727272727273,30.0,7.472727272727273,30.0,0,0,0,0,0,1,1
14620,Fillmore St & Haight St,22,FILLMORE,3,005B95,FFFFFF,1,Fillmore St & Bay St@@@260###Fillmore St & Sutter St@@@28,Fillmore St & Bay St@@@108,Fillmore St & Bay St@@@14###Fillmore St & Sutter St@@@6,05:25:00,30:32:00,7.735849056603773,28.666666666666668,7.735849056603773,28.666666666666668,0,0,0,0,0,1,1
14621,Fillmore St & Hayes St,22,FILLMORE,3,005B95,FFFFFF,1,Fillmore St & Bay St@@@260###Fillmore St & Sutter St@@@28,Fillmore St & Bay St@@@108,Fillmore St & Bay St@@@14###Fillmore St & Sutter St@@@8,05:27:51,30:34:51,7.735849056603773,27.3,7.735849056603773,27.3,0,0,0,0,0,1,1
14622,Fillmore St & Hayes St,22,FILLMORE,3,005B95,FFFFFF,0,Mission Bay North & 4th St@@@288,Mission Bay North & 4th St@@@112,Mission Bay North & 4th St@@@16,04:30:55,29:40:55,7.472727272727273,30.0,7.472727272727273,30.0,0,0,0,0,0,1,1
14623,Fillmore St & Jackson St,22,FILLMORE,3,005B95,FFFFFF,1,Fillmore St & Bay St@@@282,Fillmore St & Bay St@@@112,Fillmore St & Bay St@@@14,05:20:00,29:27:39,7.509090909090909,30.0,7.509090909090909,30.0,0,0,0,0,0,1,1
14624,Fillmore St & Jackson St,22,FILLMORE,3,005B95,FFFFFF,0,Fillmore St & Sutter St@@@16###Mission Bay North & 4th St@@@266,Mission Bay North & 4th St@@@110,Fillmore St & Sutter St@@@2###Mission Bay North & 4th St@@@16,05:41:10,29:49:10,7.685185185185185,28.625,7.685185185185185,28.625,0,0,0,0,0,1,1
14625,Fillmore St & Jefferson St,22,FILLMORE,3,005B95,FFFFFF,0,Fillmore St & Sutter St@@@16###Mission Bay North & 4th St@@@266,Mission Bay North & 4th St@@@110,Fillmore St & Sutter St@@@2###Mission Bay North & 4th St@@@14,05:32:12,29:40:12,7.62962962962963,28.428571428571427,7.62962962962963,28.428571428571427,0,0,0,0,0,1,1
14626,Fillmore St & Lombard St,22,FILLMORE,3,005B95,FFFFFF,1,Fillmore St & Bay St@@@282,Fillmore St & Bay St@@@112,Fillmore St & Bay St@@@16,05:24:41,29:32:41,7.472727272727273,30.0,7.472727272727273,30.0,0,0,0,0,0,1,1
14627,Fillmore St & Lombard St,22,FILLMORE,3,005B95,FFFFFF,0,Fillmore St & Sutter St@@@16###Mission Bay North & 4th St@@@266,Mission Bay North & 4th St@@@110,Fillmore St & Sutter St@@@2###Mission Bay North & 4th St@@@14,05:35:41,29:43:41,7.648148148148148,28.428571428571427,7.648148148148148,28.428571428571427,0,0,0,0,0,1,1
14628,Fillmore St & Mcallister St,22,FILLMORE,3,005B95,FFFFFF,1,Fillmore St & Bay St@@@260###Fillmore St & Sutter St@@@28,Fillmore St & Bay St@@@108,Fillmore St & Bay St@@@14###Fillmore St & Sutter St@@@8,05:30:00,30:37:00,7.735849056603773,27.3,7.735849056603773,27.3,0,0,0,0,0,1,1
14629,Fillmore St & Mcallister St,22,FILLMORE,3,005B95,FFFFFF,0,Mission Bay North & 4th St@@@288,Mission Bay North & 4th St@@@114,Mission Bay North & 4th St@@@16,04:29:00,29:39:00,7.446428571428571,30.0,7.446428571428571,30.0,0,0,0,0,0,1,1
14630,Fillmore St & North Point St,22,FILLMORE,3,005B95,FFFFFF,0,Fillmore St & Sutter St@@@16###Mission Bay North & 4th St@@@266,Mission Bay North & 4th St@@@110,Fillmore St & Sutter St@@@2###Mission Bay North & 4th St@@@14,05:31:23,29:39:23,7.62962962962963,28.428571428571427,7.62962962962963,28.428571428571427,0,0,0,0,0,1,1
14631,Fillmore St & Oak St,22,FILLMORE,3,005B95,FFFFFF,1,Fillmore St & Bay St@@@260###Fillmore St & Sutter St@@@28,Fillmore St & Bay St@@@108,Fillmore St & Bay St@@@14###Fillmore St & Sutter St@@@8,05:26:34,30:33:34,7.735849056603773,27.3,7.735849056603773,27.3,0,0,0,0,0,1,1
14632,Fillmore St & Oak St,22,FILLMORE,3,005B95,FFFFFF,0,Mission Bay North & 4th St@@@288,Mission Bay North & 4th St@@@112,Mission Bay North & 4th St@@@16,04:32:12,29:42:12,7.472727272727273,30.0,7.472727272727273,30.0,0,0,0,0,0,1,1
14633,Fillmore St & O'Farrell St,22,FILLMORE,3,005B95,FFFFFF,1,Fillmore St & Bay St@@@260###Fillmore St & Sutter St@@@28,Fillmore St & Bay St@@@108,Fillmore St & Bay St@@@14###Fillmore St & Sutter St@@@8,05:33:15,30:40:15,7.773584905660377,27.3,7.773584905660377,27.3,0,0,0,0,0,1,1
14634,Fillmore St & O'Farrell St,22,FILLMORE,3,005B95,FFFFFF,0,Mission Bay North & 4th St@@@288,Mission Bay North & 4th St@@@112,Mission Bay North & 4th St@@@16,04:26:09,29:35:57,7.4363636363636365,30.0,7.4363636363636365,30.0,0,0,0,0,0,1,1
14635,Fillmore St & Pine St,22,FILLMORE,3,005B95,FFFFFF,1,Fillmore St & Bay St@@@260,Fillmore St & Bay St@@@108,Fillmore St & Bay St@@@14,05:36:05,29:25:05,7.7924528301886795,30.0,7.7924528301886795,30.0,0,0,0,0,0,1,1
14636,Fillmore St & Pine St,22,FILLMORE,3,005B95,FFFFFF,0,Fillmore St & Sutter St@@@16###Mission Bay North & 4th St@@@266,Mission Bay North & 4th St@@@110,Fillmore St & Sutter St@@@2###Mission Bay North & 4th St@@@16,05:43:42,29:51:42,7.703703703703703,28.625,7.703703703703703,28.625,0,0,0,0,0,1,1
14637,Fillmore St & Sacramento St,22,FILLMORE,3,005B95,FFFFFF,0,Fillmore St & Sutter St@@@16###Mission Bay North & 4th St@@@266,Mission Bay North & 4th St@@@110,Fillmore St & Sutter St@@@2###Mission Bay North & 4th St@@@16,05:42:30,29:50:30,7.703703703703703,28.625,7.703703703703703,28.625,0,0,0,0,0,1,1
14638,Fillmore St & Sacramento St,22,FILLMORE,3,005B95,FFFFFF,1,Fillmore St & Bay St@@@260,Fillmore St & Bay St@@@108,Fillmore St & Bay St@@@14,05:37:00,29:26:00,7.7924528301886795,30.0,7.7924528301886795,30.0,0,0,0,0,0,1,1
14640,Fillmore St & Sutter St,22,FILLMORE,3,005B95,FFFFFF,1,Fillmore St & Bay St@@@260###Fillmore St & Sutter St@@@28,Fillmore St & Bay St@@@108,Fillmore St & Bay St@@@14###Fillmore St & Sutter St@@@8,05:35:00,30:42:00,7.7924528301886795,30.0,7.7924528301886795,30.0,0,0,0,0,0,1,1
14641,Fillmore St & Sutter St,22,FILLMORE,3,005B95,FFFFFF,0,Fillmore St & Sutter St@@@16###Mission Bay North & 4th St@@@288,Mission Bay North & 4th St@@@112,Fillmore St & Sutter St@@@2###Mission Bay North & 4th St@@@16,04:24:00,29:53:00,7.418181818181818,30.0,7.418181818181818,30.0,0,0,0,0,0,1,1
14642,Fillmore St & Turk St,22,FILLMORE,3,005B95,FFFFFF,0,Mission Bay North & 4th St@@@288,Mission Bay North & 4th St@@@114,Mission Bay North & 4th St@@@16,04:28:07,29:37:56,7.446428571428571,30.0,7.446428571428571,30.0,0,0,0,0,0,1,1
14643,Fillmore St & Union St,22,FILLMORE,3,005B95,FFFFFF,1,Fillmore St & Bay St@@@282,Fillmore St & Bay St@@@114,Fillmore St & Bay St@@@16,05:23:42,29:31:42,7.482142857142857,30.0,7.482142857142857,30.0,0,0,0,0,0,1,1
14645,Fitzgerald Ave & Hawes St,29,SUNSET,3,005B95,FFFFFF,1,25th Ave & California St@@@22###Bowley St & Lincoln Blvd@@@142,Bowley St & Lincoln Blvd@@@70,,05:01:48,24:01:48,12.0,,12.0,,0,0,0,0,0,1,1
14646,Fitzgerald Ave & Ingalls St,29,SUNSET,3,005B95,FFFFFF,1,25th Ave & California St@@@22###Bowley St & Lincoln Blvd@@@142,Bowley St & Lincoln Blvd@@@70,,05:01:07,24:01:07,12.0,,12.0,,0,0,0,0,0,1,1
14647,Fitzgerald Ave & Jennings St,29,SUNSET,3,005B95,FFFFFF,1,25th Ave & California St@@@22###Bowley St & Lincoln Blvd@@@142,Bowley St & Lincoln Blvd@@@70,,05:00:30,24:00:30,12.0,,12.0,,0,0,0,0,0,1,1
14648,Fitzgerald Ave & Keith St,29,SUNSET,3,005B95,FFFFFF,1,25th Ave & California St@@@22###Bowley St & Lincoln Blvd@@@142,Bowley St & Lincoln Blvd@@@72,,05:00:00,24:00:00,12.0,,12.0,,0,0,0,0,0,1,1
14649,Foerster St & Flood Ave,43,MASONIC,3,005B95,FFFFFF,1,Marina Blvd & Laguna St@@@112,Marina Blvd & Laguna St@@@42,,05:14:38,24:04:38,19.95,,19.95,,0,0,0,0,0,1,1
14650,Foerster St & Judson Ave,43,MASONIC,3,005B95,FFFFFF,1,Marina Blvd & Laguna St@@@112,Marina Blvd & Laguna St@@@42,,05:14:13,24:04:13,19.95,,19.95,,0,0,0,0,0,1,1
14651,Foerster St & Mangels Ave,36,TERESITA,3,005B95,FFFFFF,0,Valencia St & Mission St@@@58,Valencia St & Mission St@@@28,,08:30:33,22:23:39,30.0,,30.0,,0,0,0,0,0,1,1
14652,Foerster St & Mangels Ave,36,TERESITA,3,005B95,FFFFFF,1,Laguna Honda Blvd/Forest Hill Sta@@@58,Laguna Honda Blvd/Forest Hill Sta@@@28,,08:39:21,22:37:21,30.0,,30.0,,0,0,0,0,0,1,1
14654,Foerster St & Teresita Blvd,36,TERESITA,3,005B95,FFFFFF,1,Laguna Honda Blvd/Forest Hill Sta@@@58,Laguna Honda Blvd/Forest Hill Sta@@@28,,08:39:41,22:37:41,30.0,,30.0,,0,0,0,0,0,1,1
14655,Folsom St & 1st St,12,FOLSOM-PACIFIC,3,005B95,FFFFFF,1,Jackson St & Van Ness Ave@@@98,Jackson St & Van Ness Ave@@@42,,06:33:02,22:35:36,19.85,,19.85,,0,0,0,0,0,1,1
14657,Folsom St & 3rd St,12,FOLSOM-PACIFIC,3,005B95,FFFFFF,1,Jackson St & Van Ness Ave@@@98,Jackson St & Van Ness Ave@@@42,,06:30:25,22:32:37,19.8,,19.8,,0,0,0,0,0,1,1
14658,Folsom St & 4th St / Moscone Center,12,FOLSOM-PACIFIC,3,005B95,FFFFFF,1,Jackson St & Van Ness Ave@@@98,Jackson St & Van Ness Ave@@@42,,06:29:00,22:31:00,19.8,,19.8,,0,0,0,0,0,1,1
14659,Folsom St & 5th St,12,FOLSOM-PACIFIC,3,005B95,FFFFFF,1,Jackson St & Van Ness Ave@@@98,Jackson St & Van Ness Ave@@@42,,06:27:59,22:29:49,19.8,,19.8,,0,0,0,0,0,1,1
14660,Folsom St & 6th St,12,FOLSOM-PACIFIC,3,005B95,FFFFFF,1,Jackson St & Van Ness Ave@@@98,Jackson St & Van Ness Ave@@@42,,06:26:58,22:28:37,19.8,,19.8,,0,0,0,0,0,1,1
14661,Folsom St & 7th St,12,FOLSOM-PACIFIC,3,005B95,FFFFFF,1,Jackson St & Van Ness Ave@@@98,Jackson St & Van Ness Ave@@@42,,06:25:47,22:27:15,19.75,,19.75,,0,0,0,0,0,1,1
14662,Folsom St & 8th St,12,FOLSOM-PACIFIC,3,005B95,FFFFFF,1,Jackson St & Van Ness Ave@@@98,Jackson St & Van Ness Ave@@@42,,06:24:54,22:26:13,19.75,,19.75,,0,0,0,0,0,1,1
14662,Folsom St & 8th St,27,BRYANT,3,005B95,FFFFFF,1,Jackson St & Van Ness Ave@@@104,Jackson St & Van Ness Ave@@@42,,05:17:41,22:21:01,20.05,,20.05,,0,0,0,0,0,1,1
14663,Folsom St & 9th St,12,FOLSOM-PACIFIC,3,005B95,FFFFFF,1,Jackson St & Van Ness Ave@@@98,Jackson St & Van Ness Ave@@@42,,06:24:11,22:25:23,19.75,,19.75,,0,0,0,0,0,1,1
14663,Folsom St & 9th St,27,BRYANT,3,005B95,FFFFFF,1,Jackson St & Van Ness Ave@@@104,Jackson St & Van Ness Ave@@@42,,05:16:56,22:20:07,20.05,,20.05,,0,0,0,0,0,1,1
14664,Folsom St & 11th St,12,FOLSOM-PACIFIC,3,005B95,FFFFFF,1,Jackson St & Van Ness Ave@@@98,Jackson St & Van Ness Ave@@@44,,06:23:00,22:24:00,19.761904761904763,,19.761904761904763,,0,0,0,0,0,1,1
14664,Folsom St & 11th St,27,BRYANT,3,005B95,FFFFFF,1,Jackson St & Van Ness Ave@@@104,Jackson St & Van Ness Ave@@@42,,05:15:42,22:18:38,20.0,,20.0,,0,0,0,0,0,1,1
14665,Folsom St & 11th St,12,FOLSOM-PACIFIC,3,005B95,FFFFFF,0,Valencia St & Cesar Chavez St@@@98,Valencia St & Cesar Chavez St@@@42,,06:29:00,22:33:00,20.1,,20.1,,0,0,0,0,0,1,1
14665,Folsom St & 11th St,27,BRYANT,3,005B95,FFFFFF,0,24th St & Mission St@@@102,24th St & Mission St@@@40,,05:26:44,22:22:16,20.263157894736842,,20.263157894736842,,0,0,0,0,0,1,1
14666,Folsom St & 14th St,12,FOLSOM-PACIFIC,3,005B95,FFFFFF,0,Valencia St & Cesar Chavez St@@@98,Valencia St & Cesar Chavez St@@@42,,06:30:15,22:34:15,20.1,,20.1,,0,0,0,0,0,1,1
14666,Folsom St & 14th St,27,BRYANT,3,005B95,FFFFFF,0,24th St & Mission St@@@102,24th St & Mission St@@@40,,05:28:05,22:23:45,20.263157894736842,,20.263157894736842,,0,0,0,0,0,1,1
14667,Folsom St & 14th St,12,FOLSOM-PACIFIC,3,005B95,FFFFFF,1,Jackson St & Van Ness Ave@@@98,Jackson St & Van Ness Ave@@@44,,06:21:26,22:22:12,19.761904761904763,,19.761904761904763,,0,0,0,0,0,1,1
14667,Folsom St & 14th St,27,BRYANT,3,005B95,FFFFFF,1,Jackson St & Van Ness Ave@@@104,Jackson St & Van Ness Ave@@@42,,05:14:03,22:16:40,20.0,,20.0,,0,0,0,0,0,1,1
14668,Folsom St & 16th St,12,FOLSOM-PACIFIC,3,005B95,FFFFFF,1,Jackson St & Van Ness Ave@@@98,Jackson St & Van Ness Ave@@@44,,06:20:26,22:21:04,19.761904761904763,,19.761904761904763,,0,0,0,0,0,1,1
14668,Folsom St & 16th St,27,BRYANT,3,005B95,FFFFFF,1,Jackson St & Van Ness Ave@@@104,Jackson St & Van Ness Ave@@@42,,05:12:48,22:15:10,20.0,,20.0,,0,0,0,0,0,1,1
14669,Folsom St & 16th St,12,FOLSOM-PACIFIC,3,005B95,FFFFFF,0,Valencia St & Cesar Chavez St@@@98,Valencia St & Cesar Chavez St@@@40,,06:31:22,22:35:22,20.105263157894736,,20.105263157894736,,0,0,0,0,0,1,1
14671,Folsom St & 18th St,12,FOLSOM-PACIFIC,3,005B95,FFFFFF,1,Jackson St & Van Ness Ave@@@98,Jackson St & Van Ness Ave@@@44,,06:19:16,22:19:44,19.761904761904763,,19.761904761904763,,0,0,0,0,0,1,1
14672,Folsom St & 18th St,12,FOLSOM-PACIFIC,3,005B95,FFFFFF,0,Valencia St & Cesar Chavez St@@@98,Valencia St & Cesar Chavez St@@@42,,06:32:32,22:36:32,20.15,,20.15,,0,0,0,0,0,1,1
14675,Folsom St & 22nd St,12,FOLSOM-PACIFIC,3,005B95,FFFFFF,1,Jackson St & Van Ness Ave@@@98,Jackson St & Van Ness Ave@@@42,,06:17:06,22:17:15,19.95,,19.95,,0,0,0,0,0,1,1
14676,Folsom St & 22nd St,12,FOLSOM-PACIFIC,3,005B95,FFFFFF,0,Valencia St & Cesar Chavez St@@@98,Valencia St & Cesar Chavez St@@@42,,06:34:45,22:38:45,20.2,,20.2,,0,0,0,0,0,1,1
14677,Folsom St & 24th St,12,FOLSOM-PACIFIC,3,005B95,FFFFFF,1,Jackson St & Van Ness Ave@@@98,Jackson St & Van Ness Ave@@@42,,06:16:00,22:16:00,19.95,,19.95,,0,0,0,0,0,1,1
14680,Folsom St & 25th St,12,FOLSOM-PACIFIC,3,005B95,FFFFFF,0,Valencia St & Cesar Chavez St@@@98,Valencia St & Cesar Chavez St@@@42,,06:36:30,22:40:30,20.2,,20.2,,0,0,0,0,0,1,1
14680,Folsom St & 25th St,67,BERNAL HEIGHTS,3,005B95,FFFFFF,0,Ellsworth St & Crescent Ave@@@98,Ellsworth St & Crescent Ave@@@42,,06:02:58,22:00:43,19.9,,19.9,,0,0,0,0,0,1,1
14681,Folsom St & 25th St,12,FOLSOM-PACIFIC,3,005B95,FFFFFF,1,Jackson St & Van Ness Ave@@@98,Jackson St & Van Ness Ave@@@42,,06:14:49,22:14:49,19.95,,19.95,,0,0,0,0,0,1,1
14681,Folsom St & 25th St,67,BERNAL HEIGHTS,3,005B95,FFFFFF,1,24th St & Mission St@@@98,24th St & Mission St@@@42,,06:22:39,22:19:39,19.95,,19.95,,0,0,0,0,0,1,1
14686,Folsom St & Bessie St,67,BERNAL HEIGHTS,3,005B95,FFFFFF,0,Ellsworth St & Crescent Ave@@@98,Ellsworth St & Crescent Ave@@@42,,06:04:30,22:02:30,19.9,,19.9,,0,0,0,0,0,1,1
14687,Folsom St & Cortland Ave,67,BERNAL HEIGHTS,3,005B95,FFFFFF,1,24th St & Mission St@@@98,24th St & Mission St@@@42,,06:17:00,22:14:00,19.9,,19.9,,0,0,0,0,0,1,1
14688,Folsom St & Cortland Ave,67,BERNAL HEIGHTS,3,005B95,FFFFFF,0,Ellsworth St & Crescent Ave@@@98,Ellsworth St & Crescent Ave@@@42,,06:09:00,22:07:00,19.95,,19.95,,0,0,0,0,0,1,1
14689,Folsom St & Crescent Ave,67,BERNAL HEIGHTS,3,005B95,FFFFFF,1,24th St & Mission St@@@98,24th St & Mission St@@@42,,06:15:26,22:12:26,19.9,,19.9,,0,0,0,0,0,1,1
14690,Folsom St & Crescent Ave,67,BERNAL HEIGHTS,3,005B95,FFFFFF,0,Ellsworth St & Crescent Ave@@@98,Ellsworth St & Crescent Ave@@@42,,06:11:03,22:08:22,19.9,,19.9,,0,0,0,0,0,1,1
14695,Folsom St & Ogden St,67,BERNAL HEIGHTS,3,005B95,FFFFFF,1,24th St & Mission St@@@98,24th St & Mission St@@@42,,06:15:49,22:12:49,19.9,,19.9,,0,0,0,0,0,1,1
14696,Folsom St & Ogden St,67,BERNAL HEIGHTS,3,005B95,FFFFFF,0,Ellsworth St & Crescent Ave@@@98,Ellsworth St & Crescent Ave@@@42,,06:10:33,22:08:02,19.95,,19.95,,0,0,0,0,0,1,1
14697,Folsom St & Precita Ave,67,BERNAL HEIGHTS,3,005B95,FFFFFF,1,24th St & Mission St@@@98,24th St & Mission St@@@42,,06:21:32,22:18:32,19.95,,19.95,,0,0,0,0,0,1,1
14698,Folsom St & Stoneman St,67,BERNAL HEIGHTS,3,005B95,FFFFFF,1,24th St & Mission St@@@98,24th St & Mission St@@@42,,06:20:56,22:17:56,19.95,,19.95,,0,0,0,0,0,1,1
14699,Folsom St & Stoneman St,67,BERNAL HEIGHTS,3,005B95,FFFFFF,0,Ellsworth St & Crescent Ave@@@98,Ellsworth St & Crescent Ave@@@42,,06:05:04,22:03:04,19.9,,19.9,,0,0,0,0,0,1,1
14700,Folsom St & Tompkins St,67,BERNAL HEIGHTS,3,005B95,FFFFFF,1,24th St & Mission St@@@98,24th St & Mission St@@@42,,06:16:12,22:13:12,19.9,,19.9,,0,0,0,0,0,1,1
14701,Folsom St & Tompkins St,67,BERNAL HEIGHTS,3,005B95,FFFFFF,0,Ellsworth St & Crescent Ave@@@98,Ellsworth St & Crescent Ave@@@42,,06:09:51,22:07:34,19.95,,19.95,,0,0,0,0,0,1,1
14702,Font & Tapia/Arballo-Sfsu,57,PARKMERCED,3,005B95,FFFFFF,1,Ulloa St & West Portal Ave@@@92,Ulloa St & West Portal Ave@@@34,,05:11:27,22:12:30,25.25,,25.25,,0,0,0,0,0,1,1
14703,Font & Arballo / Tapia-Sfsu,57,PARKMERCED,3,005B95,FFFFFF,0,Daly City BART Stop B3@@@92,Daly City BART Stop B3@@@32,,05:13:31,22:15:26,25.333333333333332,,25.333333333333332,,0,0,0,0,0,1,1
14704,Font Blvd & Chumasero Dr,57,PARKMERCED,3,005B95,FFFFFF,1,Ulloa St & West Portal Ave@@@92,Ulloa St & West Portal Ave@@@34,,05:08:32,22:09:11,25.25,,25.25,,0,0,0,0,0,1,1
14705,Font Blvd & Cambon Dr,57,PARKMERCED,3,005B95,FFFFFF,1,Ulloa St & West Portal Ave@@@92,Ulloa St & West Portal Ave@@@34,,05:08:49,22:09:30,25.25,,25.25,,0,0,0,0,0,1,1
14706,Font Blvd & Cambon Dr,57,PARKMERCED,3,005B95,FFFFFF,0,Daly City BART Stop B3@@@92,Daly City BART Stop B3@@@32,,05:15:44,22:17:44,25.4,,25.4,,0,0,0,0,0,1,1
14707,Font Blvd & Gonzalez Dr,57,PARKMERCED,3,005B95,FFFFFF,1,Ulloa St & West Portal Ave@@@92,Ulloa St & West Portal Ave@@@34,,05:09:11,22:09:56,25.25,,25.25,,0,0,0,0,0,1,1
14709,Font Blvd & Juan Bautista Cir,57,PARKMERCED,3,005B95,FFFFFF,1,Ulloa St & West Portal Ave@@@92,Ulloa St & West Portal Ave@@@34,,05:09:34,22:10:22,25.25,,25.25,,0,0,0,0,0,1,1
14710,Font Blvd & Serrano Dr,57,PARKMERCED,3,005B95,FFFFFF,1,Ulloa St & West Portal Ave@@@92,Ulloa St & West Portal Ave@@@34,,05:10:25,22:11:20,25.25,,25.25,,0,0,0,0,0,1,1
14712,Font & Holloway/Tapia-Sfsu,57,PARKMERCED,3,005B95,FFFFFF,1,Ulloa St & West Portal Ave@@@92,Ulloa St & West Portal Ave@@@34,,05:11:00,22:12:00,25.25,,25.25,,0,0,0,0,0,1,1
14714,Frederick St & Arguello Blvd,7,HAIGHT-NORIEGA,3,005B95,FFFFFF,0,Ortega St & 48th Ave@@@158,Ortega St & 48th Ave@@@70,,05:23:36,24:28:30,12.176470588235293,,12.176470588235293,,0,0,0,0,0,1,1
14715,Frederick St & Ashbury St,6,HAYES-PARNASSUS,3,005B95,FFFFFF,0,14th Ave & Quintara St@@@114,14th Ave & Quintara St@@@40,,05:29:29,24:15:29,20.526315789473685,,20.526315789473685,,0,0,0,0,0,1,1
14716,Frederick St & Ashbury St,6,HAYES-PARNASSUS,3,005B95,FFFFFF,1,Hyde St & Grove St@@@116,Hyde St & Grove St@@@42,,05:11:18,24:12:42,20.1,,20.1,,0,0,0,0,0,1,1
14717,Frederick St & Clayton St,6,HAYES-PARNASSUS,3,005B95,FFFFFF,0,14th Ave & Quintara St@@@114,14th Ave & Quintara St@@@40,,05:29:50,24:15:50,20.473684210526315,,20.473684210526315,,0,0,0,0,0,1,1
14718,Frederick St & Stanyan St,7,HAIGHT-NORIEGA,3,005B95,FFFFFF,0,Ortega St & 48th Ave@@@158,Ortega St & 48th Ave@@@70,,05:22:37,24:27:16,12.147058823529411,,12.147058823529411,,0,0,0,0,0,1,1
14719,Frederick St & Willard St,7,HAIGHT-NORIEGA,3,005B95,FFFFFF,0,Ortega St & 48th Ave@@@158,Ortega St & 48th Ave@@@70,,05:22:59,24:27:44,12.176470588235293,,12.176470588235293,,0,0,0,0,0,1,1
14720,Frederick St & Willard St,7,HAIGHT-NORIEGA,3,005B95,FFFFFF,1,Transit Center Bay E@@@156,Transit Center Bay E@@@68,,05:16:56,24:19:10,12.181818181818182,,12.181818181818182,,0,0,0,0,0,1,1
14723,Fremont St & Mission St,25,TREASURE ISLAND,3,005B95,FFFFFF,1,Transit Center Bay E@@@28,,Transit Center Bay E@@@20,24:06:42,30:31:42,,30.0,,30.0,0,0,0,0,0,1,1
14725,Fremont St & Market St,38,GEARY,3,005B95,FFFFFF,0,48th Ave & Point Lobos Ave@@@56###Geary Blvd & 32nd Ave@@@90###V.A. Hospital@@@82,Geary Blvd & 32nd Ave@@@42###V.A. Hospital@@@42,48th Ave & Point Lobos Ave@@@14,05:17:38,29:06:45,10.024390243902438,30.0,10.024390243902438,30.0,0,0,0,0,0,1,1
14725,Fremont St & Market St,38R,GEARY RAPID,3,BF2B45,FFFFFF,0,48th Ave & Point Lobos Ave@@@174,48th Ave & Point Lobos Ave@@@84,,06:02:14,21:02:14,10.0,,10.0,,0,0,0,0,0,1,1
14725,Fremont St & Market St,5,FULTON,3,005B95,FFFFFF,0,6th Ave & Fulton St@@@20###Cabrillo St & La Playa St@@@256,Cabrillo St & La Playa St@@@120,,05:02:09,24:58:36,7.0,,7.0,,0,0,0,0,0,1,1
14725,Fremont St & Market St,7,HAIGHT-NORIEGA,3,005B95,FFFFFF,0,Ortega St & 48th Ave@@@158,Ortega St & 48th Ave@@@70,,05:01:27,24:01:27,12.0,,12.0,,0,0,0,0,0,1,1
14726,Don Chee Way/Steuart St,F,MARKET & WHARVES,0,B49A36,000000,0,17th St & Castro St@@@114###17th St & Noe St@@@28,17th St & Castro St@@@62###17th St & Noe St@@@4,,07:13:00,23:14:00,12.46875,,12.46875,,0,0,0,0,0,1,1
14726,Don Chee Way/Steuart St,FBUS,MARKET & WHARVES BUS,3,B49A36,000000,0,17th St & Castro St@@@2,,,23:37:00,23:37:00,,,,,0,0,0,0,0,1,1
14726,Don Chee Way/Steuart St,LOWL,OWL TARAVAL,3,666666,FFFFFF,0,Wawona/46th Ave /Sf Zoo@@@28,,Wawona/46th Ave /Sf Zoo@@@16,23:50:00,29:15:00,,25.0,,25.0,0,0,0,0,0,1,1
14726,Don Chee Way/Steuart St,NOWL,OWL JUDAH,3,666666,FFFFFF,0,Judah/La Playa/Ocean Beach@@@24,,Judah/La Playa/Ocean Beach@@@16,24:07:00,29:37:00,,30.0,,30.0,0,0,0,0,0,1,1
14727,Don Chee Way/Steuart St,F,MARKET & WHARVES,0,B49A36,000000,1,Jones St & Beach St@@@142,Jones St & Beach St@@@68,,06:26:00,22:25:00,12.212121212121213,,12.212121212121213,,0,0,0,0,0,1,1
14727,Don Chee Way/Steuart St,FBUS,MARKET & WHARVES BUS,3,B49A36,000000,1,Jones St & Beach St@@@10,,,22:44:00,24:24:00,,,,,0,0,0,0,0,1,1
14727,Don Chee Way/Steuart St,LOWL,OWL TARAVAL,3,666666,FFFFFF,1,Jones St & Beach St@@@30,,Jones St & Beach St@@@22,24:41:00,30:31:00,,25.0,,25.0,0,0,0,0,0,1,1
14729,Marina Blvd & Laguna St,43,MASONIC,3,005B95,FFFFFF,0,Munich St & Geneva Ave@@@112,Munich St & Geneva Ave@@@44,,05:00:00,23:50:00,20.0,,20.0,,0,0,0,0,0,1,1
14730,Fulton St & 4th Ave,5,FULTON,3,005B95,FFFFFF,0,6th Ave & Fulton St@@@22###Cabrillo St & La Playa St@@@272,Cabrillo St & La Playa St@@@118,6th Ave & Fulton St@@@2###Cabrillo St & La Playa St@@@14,05:27:12,29:31:21,7.068965517241379,28.0,7.068965517241379,28.0,0,0,0,0,0,1,1
14731,Fulton St & 4th Ave,5,FULTON,3,005B95,FFFFFF,1,4th St & Market St@@@18###Transit Center Bay B@@@276,Transit Center Bay B@@@118,4th St & Market St@@@12,04:23:41,28:48:42,7.017241379310345,30.0,7.017241379310345,30.0,0,0,0,0,0,1,1
14732,Fulton St & 6th Ave,5,FULTON,3,005B95,FFFFFF,0,Cabrillo St & La Playa St@@@300,Cabrillo St & La Playa St@@@122,Cabrillo St & La Playa St@@@14,04:46:00,29:16:00,6.95,30.0,6.95,30.0,0,0,0,0,0,1,1
14733,Fulton St & 6th Ave,5,FULTON,3,005B95,FFFFFF,1,4th St & Market St@@@18###Transit Center Bay B@@@276,Transit Center Bay B@@@120,4th St & Market St@@@12,04:23:00,28:48:00,7.016949152542373,30.0,7.016949152542373,30.0,0,0,0,0,0,1,1
14734,Fulton St & 8th Ave,5,FULTON,3,005B95,FFFFFF,0,Cabrillo St & La Playa St@@@300,Cabrillo St & La Playa St@@@122,Cabrillo St & La Playa St@@@14,04:46:27,29:16:26,6.95,30.0,6.95,30.0,0,0,0,0,0,1,1
14735,Fulton St & 8th Ave,5,FULTON,3,005B95,FFFFFF,1,4th St & Market St@@@18###6th Ave & Fulton St@@@22###Transit Center Bay B@@@260,Transit Center Bay B@@@120,4th St & Market St@@@12###6th Ave & Fulton St@@@4,05:10:33,29:33:39,7.016949152542373,28.0,7.016949152542373,28.0,0,0,0,0,0,1,1
14736,Fulton St & 10th Ave,5,FULTON,3,005B95,FFFFFF,0,Cabrillo St & La Playa St@@@300,Cabrillo St & La Playa St@@@122,Cabrillo St & La Playa St@@@14,04:46:55,29:16:54,6.95,30.0,6.95,30.0,0,0,0,0,0,1,1
14737,Fulton St & 10th Ave,5,FULTON,3,005B95,FFFFFF,1,4th St & Market St@@@18###6th Ave & Fulton St@@@22###Transit Center Bay B@@@260,Transit Center Bay B@@@120,4th St & Market St@@@12###6th Ave & Fulton St@@@4,05:10:05,29:33:16,7.016949152542373,28.0,7.016949152542373,28.0,0,0,0,0,0,1,1
14742,Fulton St & 18th Ave,5,FULTON,3,005B95,FFFFFF,0,Cabrillo St & La Playa St@@@300,Cabrillo St & La Playa St@@@120,Cabrillo St & La Playa St@@@14,04:48:35,29:18:34,6.9491525423728815,30.0,6.9491525423728815,30.0,0,0,0,0,0,1,1
14746,Fulton St & 22nd Ave,5,FULTON,3,005B95,FFFFFF,0,Cabrillo St & La Playa St@@@300,Cabrillo St & La Playa St@@@120,Cabrillo St & La Playa St@@@14,04:49:29,29:19:28,6.9491525423728815,30.0,6.9491525423728815,30.0,0,0,0,0,0,1,1
14747,Fulton St & 22nd Ave,5,FULTON,3,005B95,FFFFFF,1,4th St & Market St@@@18###6th Ave & Fulton St@@@22###Transit Center Bay B@@@260,Transit Center Bay B@@@120,4th St & Market St@@@12###6th Ave & Fulton St@@@4,05:06:51,29:30:41,7.0,28.142857142857142,7.0,28.142857142857142,0,0,0,0,0,1,1
14748,Fulton St & 25th Ave,5,FULTON,3,005B95,FFFFFF,0,Cabrillo St & La Playa St@@@300,Cabrillo St & La Playa St@@@120,Cabrillo St & La Playa St@@@14,04:50:00,29:20:00,6.9491525423728815,30.0,6.9491525423728815,30.0,0,0,0,0,0,1,1
14749,Fulton St & 25th Ave,5,FULTON,3,005B95,FFFFFF,1,4th St & Market St@@@18###6th Ave & Fulton St@@@22###Transit Center Bay B@@@260,Transit Center Bay B@@@122,4th St & Market St@@@12###6th Ave & Fulton St@@@4,05:06:00,29:30:00,7.0,28.142857142857142,7.0,28.142857142857142,0,0,0,0,0,1,1
14751,Fulton St & 28th Ave,5,FULTON,3,005B95,FFFFFF,1,4th St & Market St@@@18###6th Ave & Fulton St@@@22###Transit Center Bay B@@@260,Transit Center Bay B@@@120,4th St & Market St@@@12###6th Ave & Fulton St@@@4,05:05:14,29:29:21,7.0,28.142857142857142,7.0,28.142857142857142,0,0,0,0,0,1,1
14753,Fulton St & 30th Ave,5,FULTON,3,005B95,FFFFFF,1,4th St & Market St@@@18###6th Ave & Fulton St@@@22###Transit Center Bay B@@@260,Transit Center Bay B@@@120,4th St & Market St@@@12###6th Ave & Fulton St@@@4,05:04:49,29:29:01,7.0,28.285714285714285,7.0,28.285714285714285,0,0,0,0,0,1,1
14755,Geary Blvd & Park Presidio Blvd,38,GEARY,3,005B95,FFFFFF,0,48th Ave & Point Lobos Ave@@@56###Geary Blvd & 32nd Ave@@@90###V.A. Hospital@@@82,Geary Blvd & 32nd Ave@@@42###V.A. Hospital@@@42,48th Ave & Point Lobos Ave@@@16,05:57:00,29:32:00,10.024390243902438,30.0,10.024390243902438,30.0,0,0,0,0,0,1,1
14755,Geary Blvd & Park Presidio Blvd,38R,GEARY RAPID,3,BF2B45,FFFFFF,0,48th Ave & Point Lobos Ave@@@174,48th Ave & Point Lobos Ave@@@84,,06:34:00,21:34:00,10.024390243902438,,10.024390243902438,,0,0,0,0,0,1,1
14756,Geary Blvd & Park Presidio Blvd,38,GEARY,3,005B95,FFFFFF,1,Transit Center Bay D@@@228,Transit Center Bay D@@@84,Transit Center Bay D@@@14,05:40:00,29:25:00,10.0,30.0,10.0,30.0,0,0,0,0,0,1,1
14756,Geary Blvd & Park Presidio Blvd,38R,GEARY RAPID,3,BF2B45,FFFFFF,1,Transit Center Bay C@@@174,Transit Center Bay C@@@84,,06:11:00,21:11:00,10.0,,10.0,,0,0,0,0,0,1,1
14757,Geary St & Powell St/Union Square,38,GEARY,3,005B95,FFFFFF,0,48th Ave & Point Lobos Ave@@@56###Geary Blvd & 32nd Ave@@@90###V.A. Hospital@@@82,Geary Blvd & 32nd Ave@@@42###V.A. Hospital@@@42,48th Ave & Point Lobos Ave@@@14,05:25:00,29:11:00,10.024390243902438,30.0,10.024390243902438,30.0,0,0,0,0,0,1,1
14757,Geary St & Powell St/Union Square,38R,GEARY RAPID,3,BF2B45,FFFFFF,0,48th Ave & Point Lobos Ave@@@174,48th Ave & Point Lobos Ave@@@84,,06:10:00,21:10:00,10.024390243902438,,10.024390243902438,,0,0,0,0,0,1,1
14758,Geary Blvd & Presidio Ave,38,GEARY,3,005B95,FFFFFF,0,48th Ave & Point Lobos Ave@@@56###Geary Blvd & 32nd Ave@@@90###V.A. Hospital@@@82,Geary Blvd & 32nd Ave@@@42###V.A. Hospital@@@42,48th Ave & Point Lobos Ave@@@14,05:45:00,29:24:00,10.024390243902438,30.0,10.024390243902438,30.0,0,0,0,0,0,1,1
14758,Geary Blvd & Presidio Ave,38R,GEARY RAPID,3,BF2B45,FFFFFF,0,48th Ave & Point Lobos Ave@@@174,48th Ave & Point Lobos Ave@@@84,,06:24:00,21:24:00,10.024390243902438,,10.024390243902438,,0,0,0,0,0,1,1
14760,Geary Blvd & Scott St,38,GEARY,3,005B95,FFFFFF,0,48th Ave & Point Lobos Ave@@@56###Geary Blvd & 32nd Ave@@@90###V.A. Hospital@@@82,Geary Blvd & 32nd Ave@@@42###V.A. Hospital@@@42,48th Ave & Point Lobos Ave@@@14,05:40:16,29:21:17,10.024390243902438,30.0,10.024390243902438,30.0,0,0,0,0,0,1,1
14761,Geary Blvd & Scott St,38,GEARY,3,005B95,FFFFFF,1,Transit Center Bay D@@@228,Transit Center Bay D@@@84,Transit Center Bay D@@@16,05:51:15,29:34:36,10.024390243902438,30.0,10.024390243902438,30.0,0,0,0,0,0,1,1
14762,Geary Blvd & Spruce St,38,GEARY,3,005B95,FFFFFF,0,48th Ave & Point Lobos Ave@@@56###Geary Blvd & 32nd Ave@@@90###V.A. Hospital@@@82,Geary Blvd & 32nd Ave@@@42###V.A. Hospital@@@42,48th Ave & Point Lobos Ave@@@14,05:47:59,29:25:59,10.024390243902438,30.0,10.024390243902438,30.0,0,0,0,0,0,1,1
14763,Geary Blvd & Spruce St,38,GEARY,3,005B95,FFFFFF,1,Transit Center Bay D@@@228,Transit Center Bay D@@@84,Transit Center Bay D@@@16,05:46:15,29:30:28,10.024390243902438,30.0,10.024390243902438,30.0,0,0,0,0,0,1,1
14764,Geary Blvd & Stanyan St,38,GEARY,3,005B95,FFFFFF,1,Transit Center Bay D@@@228,Transit Center Bay D@@@84,Transit Center Bay D@@@14,05:45:10,29:29:31,10.024390243902438,30.0,10.024390243902438,30.0,0,0,0,0,0,1,1
14765,Geary Blvd & St Joseph'S Ave,38,GEARY,3,005B95,FFFFFF,1,Transit Center Bay D@@@228,Transit Center Bay D@@@84,Transit Center Bay D@@@16,05:49:32,29:33:14,10.024390243902438,30.0,10.024390243902438,30.0,0,0,0,0,0,1,1
14766,Geary St & Stockton St/Union Square,38,GEARY,3,005B95,FFFFFF,0,48th Ave & Point Lobos Ave@@@56###Geary Blvd & 32nd Ave@@@90###V.A. Hospital@@@82,Geary Blvd & 32nd Ave@@@40###V.A. Hospital@@@42,48th Ave & Point Lobos Ave@@@14,05:24:10,29:10:35,10.025,30.0,10.025,30.0,0,0,0,0,0,1,1
14766,Geary St & Stockton St/Union Square,38R,GEARY RAPID,3,BF2B45,FFFFFF,0,48th Ave & Point Lobos Ave@@@174,48th Ave & Point Lobos Ave@@@82,,06:09:10,21:09:10,10.025,,10.025,,0,0,0,0,0,1,1
14767,Geary St & Taylor St,38,GEARY,3,005B95,FFFFFF,0,48th Ave & Point Lobos Ave@@@56###Geary Blvd & 32nd Ave@@@90###V.A. Hospital@@@82,Geary Blvd & 32nd Ave@@@42###V.A. Hospital@@@42,48th Ave & Point Lobos Ave@@@14,05:26:48,29:12:17,10.024390243902438,30.0,10.024390243902438,30.0,0,0,0,0,0,1,1
14768,Geary Blvd & Van Ness Ave,38,GEARY,3,005B95,FFFFFF,0,48th Ave & Point Lobos Ave@@@56###Geary Blvd & 32nd Ave@@@90###V.A. Hospital@@@82,Geary Blvd & 32nd Ave@@@42###V.A. Hospital@@@42,48th Ave & Point Lobos Ave@@@14,05:32:00,29:16:00,10.024390243902438,30.0,10.024390243902438,30.0,0,0,0,0,0,1,1
14768,Geary Blvd & Van Ness Ave,38R,GEARY RAPID,3,BF2B45,FFFFFF,0,48th Ave & Point Lobos Ave@@@174,48th Ave & Point Lobos Ave@@@84,,06:15:00,21:15:00,10.024390243902438,,10.024390243902438,,0,0,0,0,0,1,1
14769,Geary Blvd & Webster St/Japantown,38,GEARY,3,005B95,FFFFFF,0,48th Ave & Point Lobos Ave@@@56###Geary Blvd & 32nd Ave@@@90###V.A. Hospital@@@82,Geary Blvd & 32nd Ave@@@42###V.A. Hospital@@@42,48th Ave & Point Lobos Ave@@@14,05:37:13,29:19:29,10.024390243902438,30.0,10.024390243902438,30.0,0,0,0,0,0,1,1
14771,Concourse Dr At Acad Of Sciences,44,O'SHAUGHNESSY,3,005B95,FFFFFF,1,California St & 6th Ave@@@170,California St & 6th Ave@@@68,,05:36:58,24:35:23,12.090909090909092,,12.090909090909092,,0,0,0,0,0,1,1
14772,Tea Garden Dr/Deyoung Museum,44,O'SHAUGHNESSY,3,005B95,FFFFFF,0,Hudson Ave & 3rd St@@@166,Hudson Ave & 3rd St@@@70,,06:04:33,24:09:33,11.970588235294118,,11.970588235294118,,0,0,0,0,0,1,1
14773,Golden Gate Bridge/Parking Lot,28,19TH AVENUE,3,005B95,FFFFFF,0,Daly City BART Stop D4@@@168,Daly City BART Stop D4@@@70,,05:15:47,24:20:21,12.088235294117647,,12.088235294117647,,0,0,0,0,0,1,1
14773,Golden Gate Bridge/Parking Lot,28,19TH AVENUE,3,005B95,FFFFFF,1,Powell St & Beach St@@@170,Powell St & Beach St@@@68,,05:28:03,24:29:03,12.242424242424242,,12.242424242424242,,0,0,0,0,0,1,1
14776,Golden Gate Br Tunnel/Merchant Rd,28,19TH AVENUE,3,005B95,FFFFFF,0,Daly City BART Stop D4@@@168,Daly City BART Stop D4@@@70,,05:15:59,24:20:35,12.117647058823529,,12.117647058823529,,0,0,0,0,0,1,1
14776,Golden Gate Br Tunnel/Merchant Rd,28,19TH AVENUE,3,005B95,FFFFFF,1,Powell St & Beach St@@@170,Powell St & Beach St@@@70,,05:28:18,24:29:18,12.264705882352942,,12.264705882352942,,0,0,0,0,0,1,1
14779,Great Hwy Near Beach Chalet,18,46TH AVENUE,3,005B95,FFFFFF,1,33rd Ave & Geary Blvd@@@22###Legion Of Honor@@@74,Legion Of Honor@@@42,,06:26:30,22:15:30,20.05,,20.05,,0,0,0,0,0,1,1
14780,Great Hwy Near Beach Chalet,18,46TH AVENUE,3,005B95,FFFFFF,0,19th Ave & Buckingham/Stonestown@@@96,19th Ave & Buckingham/Stonestown@@@42,,06:10:56,22:11:56,20.0,,20.0,,0,0,0,0,0,1,1
14781,Lower Great Hwy & Rivera St,48,QUINTARA-24TH STREET,3,005B95,FFFFFF,1,22nd St Caltrain Station/Iowa@@@108,22nd St Caltrain Station/Iowa@@@42,,05:20:00,24:00:00,20.0,,20.0,,0,0,0,0,0,1,1
14783,Gilman Ave & 3rd St,29,SUNSET,3,005B95,FFFFFF,1,25th Ave & California St@@@22###Bowley St & Lincoln Blvd@@@142,Bowley St & Lincoln Blvd@@@70,,05:07:03,24:07:03,12.0,,12.0,,0,0,0,0,0,1,1
14784,Gilman Ave & Griffith St,29,SUNSET,3,005B95,FFFFFF,1,25th Ave & California St@@@22###Bowley St & Lincoln Blvd@@@142,Bowley St & Lincoln Blvd@@@70,,05:02:39,24:02:39,12.0,,12.0,,0,0,0,0,0,1,1
14785,Gilman Ave & Ingalls St,29,SUNSET,3,005B95,FFFFFF,1,25th Ave & California St@@@22###Bowley St & Lincoln Blvd@@@142,Bowley St & Lincoln Blvd@@@70,,05:05:49,24:05:49,12.0,,12.0,,0,0,0,0,0,1,1
14786,Gilman Ave & Jennings St,29,SUNSET,3,005B95,FFFFFF,1,25th Ave & California St@@@22###Bowley St & Lincoln Blvd@@@142,Bowley St & Lincoln Blvd@@@70,,05:06:26,24:06:26,12.0,,12.0,,0,0,0,0,0,1,1
14787,San Jose Ave/Glen Park Station,J,CHURCH,0,A96614,FFFFFF,1,Church St & Duboce Ave@@@30###Metro Embarcadero Station@@@122,Metro Embarcadero Station@@@56,,05:04:26,24:04:26,14.962962962962964,,14.962962962962964,,0,0,0,0,0,1,1
14788,San Jose Ave/Glen Park Station,J,CHURCH,0,A96614,FFFFFF,0,Balboa Park BART/Mezzanine Level@@@154,Balboa Park BART/Mezzanine Level@@@54,,05:45:35,25:19:35,15.076923076923077,,15.076923076923077,,0,0,0,0,0,1,1
14792,Gennessee St & Flood Ave,43,MASONIC,3,005B95,FFFFFF,0,Munich St & Geneva Ave@@@112,Munich St & Geneva Ave@@@40,,05:42:31,24:35:31,20.736842105263158,,20.736842105263158,,0,0,0,0,0,1,1
14795,1650 Geneva Ave,8,BAYSHORE,3,005B95,FFFFFF,0,City College Terminal@@@260,City College Terminal@@@116,,05:40:15,24:45:59,7.245614035087719,,7.245614035087719,,0,0,0,0,0,1,1
14795,1650 Geneva Ave,91,3RD-19TH AVE OWL,3,666666,FFFFFF,0,Ulloa St & West Portal Ave@@@26,,Ulloa St & West Portal Ave@@@18,24:25:54,30:25:54,,30.0,,30.0,0,0,0,0,0,1,1
14796,1650 Geneva Ave,8,BAYSHORE,3,005B95,FFFFFF,1,Kearny St & North Point St@@@264,Kearny St & North Point St@@@120,,05:06:58,24:08:33,7.016949152542373,,7.016949152542373,,0,0,0,0,0,1,1
14796,1650 Geneva Ave,91,3RD-19TH AVE OWL,3,666666,FFFFFF,1,19th Ave & Holloway/Sf State@@@24,,19th Ave & Holloway/Sf State@@@16,24:01:53,29:31:53,,30.0,,30.0,0,0,0,0,0,1,1
14798,1721 Geneva Ave,8,BAYSHORE,3,005B95,FFFFFF,0,City College Terminal@@@260,City College Terminal@@@116,,05:39:46,24:45:24,7.245614035087719,,7.245614035087719,,0,0,0,0,0,1,1
14798,1721 Geneva Ave,91,3RD-19TH AVE OWL,3,666666,FFFFFF,0,Ulloa St & West Portal Ave@@@26,,Ulloa St & West Portal Ave@@@18,24:25:26,30:25:26,,30.0,,30.0,0,0,0,0,0,1,1
14799,1750 Geneva Ave,8,BAYSHORE,3,005B95,FFFFFF,1,Kearny St & North Point St@@@264,Kearny St & North Point St@@@120,,05:07:33,24:09:16,7.0,,7.0,,0,0,0,0,0,1,1
14799,1750 Geneva Ave,91,3RD-19TH AVE OWL,3,666666,FFFFFF,1,19th Ave & Holloway/Sf State@@@24,,19th Ave & Holloway/Sf State@@@16,24:02:28,29:32:28,,30.0,,30.0,0,0,0,0,0,1,1
14803,Geneva Ave/Balboa Park BART,43,MASONIC,3,005B95,FFFFFF,1,Marina Blvd & Laguna St@@@112,Marina Blvd & Laguna St@@@42,,05:10:00,24:00:00,19.95,,19.95,,0,0,0,0,0,1,1
14803,Geneva Ave/Balboa Park BART,54,FELTON,3,005B95,FFFFFF,0,Daly City BART Stop A2@@@94,Daly City BART Stop A2@@@42,,06:19:00,22:31:00,20.2,,20.2,,0,0,0,0,0,1,1
14803,Geneva Ave/Balboa Park BART,8,BAYSHORE,3,005B95,FFFFFF,0,City College Terminal@@@260,City College Terminal@@@116,,05:45:06,24:51:44,7.2631578947368425,,7.2631578947368425,,0,0,0,0,0,1,1
14803,Geneva Ave/Balboa Park BART,91,3RD-19TH AVE OWL,3,666666,FFFFFF,0,Ulloa St & West Portal Ave@@@26,,Ulloa St & West Portal Ave@@@20,24:32:00,30:32:00,,30.0,,30.0,0,0,0,0,0,1,1
14805,Geneva Ave/Balboa Park BART,43,MASONIC,3,005B95,FFFFFF,0,Munich St & Geneva Ave@@@112,Munich St & Geneva Ave@@@40,,05:47:00,24:40:00,20.736842105263158,,20.736842105263158,,0,0,0,0,0,1,1
14805,Geneva Ave/Balboa Park BART,54,FELTON,3,005B95,FFFFFF,1,Newhall St & Hudson@@@96,Newhall St & Hudson@@@42,,05:46:00,22:06:00,20.0,,20.0,,0,0,0,0,0,1,1
14805,Geneva Ave/Balboa Park BART,8,BAYSHORE,3,005B95,FFFFFF,1,Kearny St & North Point St@@@264,Kearny St & North Point St@@@120,,05:01:47,24:02:14,7.0,,7.0,,0,0,0,0,0,1,1
14805,Geneva Ave/Balboa Park BART,91,3RD-19TH AVE OWL,3,666666,FFFFFF,1,19th Ave & Holloway/Sf State@@@24,,19th Ave & Holloway/Sf State@@@14,23:57:00,29:27:00,,30.0,,30.0,0,0,0,0,0,1,1
14808,Geneva Ave & Castillo St,9,SAN BRUNO,3,005B95,FFFFFF,0,Sunnydale Ave / Mclaren School@@@190,Sunnydale Ave / Mclaren School@@@80,,06:00:49,24:54:49,10.384615384615385,,10.384615384615385,,0,0,0,0,0,1,1
14809,Geneva Ave & Castillo St,9,SAN BRUNO,3,005B95,FFFFFF,1,Market St & Steuart St@@@184,Market St & Steuart St@@@84,,05:05:16,23:53:16,10.0,,10.0,,0,0,0,0,0,1,1
14810,Geneva Ave & Cayuga Ave,43,MASONIC,3,005B95,FFFFFF,1,Marina Blvd & Laguna St@@@112,Marina Blvd & Laguna St@@@42,,05:08:41,23:58:41,19.95,,19.95,,0,0,0,0,0,1,1
14810,Geneva Ave & Cayuga Ave,54,FELTON,3,005B95,FFFFFF,0,Daly City BART Stop A2@@@94,Daly City BART Stop A2@@@42,,06:18:07,22:29:41,20.2,,20.2,,0,0,0,0,0,1,1
14810,Geneva Ave & Cayuga Ave,8,BAYSHORE,3,005B95,FFFFFF,0,City College Terminal@@@260,City College Terminal@@@116,,05:44:13,24:50:42,7.2631578947368425,,7.2631578947368425,,0,0,0,0,0,1,1
14810,Geneva Ave & Cayuga Ave,91,3RD-19TH AVE OWL,3,666666,FFFFFF,0,Ulloa St & West Portal Ave@@@26,,Ulloa St & West Portal Ave@@@20,24:30:41,30:30:41,,30.0,,30.0,0,0,0,0,0,1,1
14811,Geneva Ave & Cayuga Ave,43,MASONIC,3,005B95,FFFFFF,0,Munich St & Geneva Ave@@@112,Munich St & Geneva Ave@@@40,,05:48:35,24:41:35,20.736842105263158,,20.736842105263158,,0,0,0,0,0,1,1
14811,Geneva Ave & Cayuga Ave,54,FELTON,3,005B95,FFFFFF,1,Newhall St & Hudson@@@96,Newhall St & Hudson@@@42,,05:47:03,22:07:35,20.05,,20.05,,0,0,0,0,0,1,1
14811,Geneva Ave & Cayuga Ave,8,BAYSHORE,3,005B95,FFFFFF,1,Kearny St & North Point St@@@264,Kearny St & North Point St@@@120,,05:03:07,24:03:54,7.016949152542373,,7.016949152542373,,0,0,0,0,0,1,1
14811,Geneva Ave & Cayuga Ave,91,3RD-19TH AVE OWL,3,666666,FFFFFF,1,19th Ave & Holloway/Sf State@@@24,,19th Ave & Holloway/Sf State@@@14,23:58:03,29:28:03,,30.0,,30.0,0,0,0,0,0,1,1
14817,Kiska Rd & Reardon Rd,15,BAYVIEW HUNTERS POINT EXPRESS,3,005B95,FFFFFF,0,Palou Ave & 3rd St@@@130,Palou Ave & 3rd St@@@64,,08:32:20,22:38:20,12.741935483870968,,12.741935483870968,,0,0,0,0,0,1,1
14817,Kiska Rd & Reardon Rd,15,BAYVIEW HUNTERS POINT EXPRESS,3,005B95,FFFFFF,1,Sutter St & Sansome St@@@130,Sutter St & Sansome St@@@68,,08:11:18,22:11:18,12.363636363636363,,12.363636363636363,,0,0,0,0,0,1,1
14817,Kiska Rd & Reardon Rd,54,FELTON,3,005B95,FFFFFF,1,Newhall St & Hudson@@@96,Newhall St & Hudson@@@42,,06:23:03,22:49:03,20.25,,20.25,,0,0,0,0,0,1,1
14818,Kearny St & Bush St,8,BAYSHORE,3,005B95,FFFFFF,1,Kearny St & North Point St@@@264,Kearny St & North Point St@@@120,,05:38:36,24:40:33,7.101694915254237,,7.101694915254237,,0,0,0,0,0,1,1
14819,Kearny St & California St,8,BAYSHORE,3,005B95,FFFFFF,1,Kearny St & North Point St@@@264,Kearny St & North Point St@@@118,,05:39:26,24:41:29,7.120689655172414,,7.120689655172414,,0,0,0,0,0,1,1
14820,Kearny St & Clay St/Chinatown,8,BAYSHORE,3,005B95,FFFFFF,1,Kearny St & North Point St@@@264,Kearny St & North Point St@@@118,,05:40:16,24:42:24,7.120689655172414,,7.120689655172414,,0,0,0,0,0,1,1
14821,Kearny St & Geary St,30,STOCKTON,3,005B95,FFFFFF,0,Crissy Field Terminal@@@104###Divisadero St & Chestnut St@@@36###Van Ness Ave & North Point St@@@54,Crissy Field Terminal@@@56###Van Ness Ave & North Point St@@@42,,05:12:00,24:07:00,8.5625,,8.5625,,0,0,0,0,0,1,1
14821,Kearny St & Geary St,45,UNION-STOCKTON,3,005B95,FFFFFF,0,Lyon St & Greenwich St@@@124###Sutter St & Kearny St@@@8,Lyon St & Greenwich St@@@56,,05:27:00,22:37:00,15.037037037037036,,15.037037037037036,,0,0,0,0,0,1,1
14821,Kearny St & Geary St,8,BAYSHORE,3,005B95,FFFFFF,1,Kearny St & North Point St@@@264,Kearny St & North Point St@@@118,,05:37:16,24:39:05,7.068965517241379,,7.068965517241379,,0,0,0,0,0,1,1
14821,Kearny St & Geary St,91,3RD-19TH AVE OWL,3,666666,FFFFFF,1,19th Ave & Holloway/Sf State@@@24,,19th Ave & Holloway/Sf State@@@18,24:40:45,30:10:45,,30.0,,30.0,0,0,0,0,0,1,1
14821,Kearny St & Geary St,TBUS,THIRD BUS,3,BF2B45,FFFFFF,0,Pacific Ave & Powell St@@@16###Stockton St & Washington St@@@4,,,05:41:45,24:23:45,,,,,0,0,0,0,0,1,1
14822,Kearny St & Jackson St/Chinatown,8,BAYSHORE,3,005B95,FFFFFF,1,Kearny St & North Point St@@@264,Kearny St & North Point St@@@118,,05:40:54,24:43:07,7.120689655172414,,7.120689655172414,,0,0,0,0,0,1,1
14823,Kearny St & North Point St,8,BAYSHORE,3,005B95,FFFFFF,0,City College Terminal@@@260,City College Terminal@@@120,,05:00:00,24:00:00,7.0,,7.0,,0,0,0,0,0,1,1
14826,Kearny St & Sutter St,8,BAYSHORE,3,005B95,FFFFFF,1,Kearny St & North Point St@@@264,Kearny St & North Point St@@@118,,05:38:02,24:39:55,7.068965517241379,,7.068965517241379,,0,0,0,0,0,1,1
14827,Kiska Rd & Dormitory Rd,15,BAYVIEW HUNTERS POINT EXPRESS,3,005B95,FFFFFF,0,Palou Ave & 3rd St@@@130,Palou Ave & 3rd St@@@64,,08:31:53,22:37:53,12.741935483870968,,12.741935483870968,,0,0,0,0,0,1,1
14827,Kiska Rd & Dormitory Rd,15,BAYVIEW HUNTERS POINT EXPRESS,3,005B95,FFFFFF,1,Sutter St & Sansome St@@@130,Sutter St & Sansome St@@@68,,08:10:52,22:10:52,12.363636363636363,,12.363636363636363,,0,0,0,0,0,1,1
14827,Kiska Rd & Dormitory Rd,54,FELTON,3,005B95,FFFFFF,1,Newhall St & Hudson@@@96,Newhall St & Hudson@@@42,,06:22:37,22:48:37,20.25,,20.25,,0,0,0,0,0,1,1
14828,Lake Merced & John Muir,58,LAKE MERCED,3,005B95,FFFFFF,0,Mission St & Flournoy@@@66,Mission St & Flournoy@@@28,,06:19:09,22:19:09,30.0,,30.0,,0,0,0,0,0,1,1
14829,John Muir & Lake Merced,58,LAKE MERCED,3,005B95,FFFFFF,1,Buckingham Ave & 19th Ave@@@66,Buckingham Ave & 19th Ave@@@28,,06:17:15,22:17:15,30.0,,30.0,,0,0,0,0,0,1,1
14833,Lake Merced Blvd & Font Blvd,57,PARKMERCED,3,005B95,FFFFFF,1,Ulloa St & West Portal Ave@@@92,Ulloa St & West Portal Ave@@@34,,05:12:40,22:13:52,25.25,,25.25,,0,0,0,0,0,1,1
14836,Lake Merced Blvd & Lake Merced Hills Blvd,58,LAKE MERCED,3,005B95,FFFFFF,0,Mission St & Flournoy@@@66,Mission St & Flournoy@@@28,,06:20:16,22:20:16,30.0,,30.0,,0,0,0,0,0,1,1
14837,Lake Merced Blvd & Lake Merced Hills Blvd,58,LAKE MERCED,3,005B95,FFFFFF,1,Buckingham Ave & 19th Ave@@@66,Buckingham Ave & 19th Ave@@@28,,06:16:27,22:16:27,30.0,,30.0,,0,0,0,0,0,1,1
14838,Lake Merced & Middlefield Dr,18,46TH AVENUE,3,005B95,FFFFFF,1,33rd Ave & Geary Blvd@@@22###Legion Of Honor@@@74,Legion Of Honor@@@42,,06:12:42,22:02:42,20.0,,20.0,,0,0,0,0,0,1,1
14838,Lake Merced & Middlefield Dr,29,SUNSET,3,005B95,FFFFFF,1,25th Ave & California St@@@22###Bowley St & Lincoln Blvd@@@142,Bowley St & Lincoln Blvd@@@70,,05:33:57,24:33:14,12.117647058823529,,12.117647058823529,,0,0,0,0,0,1,1
14838,Lake Merced & Middlefield Dr,58,LAKE MERCED,3,005B95,FFFFFF,0,Mission St & Flournoy@@@66,Mission St & Flournoy@@@28,,06:03:59,22:03:59,30.0,,30.0,,0,0,0,0,0,1,1
14839,Lake Merced & Middlefield Dr,18,46TH AVENUE,3,005B95,FFFFFF,0,19th Ave & Buckingham/Stonestown@@@96,19th Ave & Buckingham/Stonestown@@@42,,06:26:32,22:28:11,20.05,,20.05,,0,0,0,0,0,1,1
14839,Lake Merced & Middlefield Dr,29,SUNSET,3,005B95,FFFFFF,0,Fitzgerald Ave & Keith St@@@168,Fitzgerald Ave & Keith St@@@68,,05:18:59,24:17:59,12.363636363636363,,12.363636363636363,,0,0,0,0,0,1,1
14839,Lake Merced & Middlefield Dr,58,LAKE MERCED,3,005B95,FFFFFF,1,Buckingham Ave & 19th Ave@@@66,Buckingham Ave & 19th Ave@@@28,,06:30:25,22:30:25,30.0,,30.0,,0,0,0,0,0,1,1
14840,Lake Merced Blvd/Sfsu,57,PARKMERCED,3,005B95,FFFFFF,0,Daly City BART Stop B3@@@92,Daly City BART Stop B3@@@34,,05:11:42,22:13:15,25.25,,25.25,,0,0,0,0,0,1,1
14842,La Playa St & Cabrillo St,5,FULTON,3,005B95,FFFFFF,0,Cabrillo St & La Playa St@@@300,Cabrillo St & La Playa St@@@120,Cabrillo St & La Playa St@@@14,04:54:45,29:24:45,6.9491525423728815,30.0,6.9491525423728815,30.0,0,0,0,0,0,1,1
14843,La Playa St & Cabrillo St,18,46TH AVENUE,3,005B95,FFFFFF,0,19th Ave & Buckingham/Stonestown@@@96,19th Ave & Buckingham/Stonestown@@@42,,06:09:00,22:10:00,20.0,,20.0,,0,0,0,0,0,1,1
14843,La Playa St & Cabrillo St,5,FULTON,3,005B95,FFFFFF,1,4th St & Market St@@@18###6th Ave & Fulton St@@@22###Transit Center Bay B@@@260,Transit Center Bay B@@@120,4th St & Market St@@@12###6th Ave & Fulton St@@@4,05:00:06,29:25:05,7.0,28.285714285714285,7.0,28.285714285714285,0,0,0,0,0,1,1
14844,La Playa St & Fulton St,18,46TH AVENUE,3,005B95,FFFFFF,1,33rd Ave & Geary Blvd@@@22###Legion Of Honor@@@74,Legion Of Honor@@@42,,06:27:35,22:16:35,20.05,,20.05,,0,0,0,0,0,1,1
14844,La Playa St & Fulton St,5,FULTON,3,005B95,FFFFFF,0,Cabrillo St & La Playa St@@@300,Cabrillo St & La Playa St@@@120,Cabrillo St & La Playa St@@@14,04:54:26,29:24:26,6.9491525423728815,30.0,6.9491525423728815,30.0,0,0,0,0,0,1,1
14845,Larkin St & Beach St,19,POLK,3,005B95,FFFFFF,1,Beach St & Polk St@@@102,Beach St & Polk St@@@40,,05:55:24,22:46:24,20.31578947368421,,20.31578947368421,,0,0,0,0,0,1,1
14846,Larkin St & Eddy St,19,POLK,3,005B95,FFFFFF,1,Beach St & Polk St@@@102,Beach St & Polk St@@@42,,05:42:36,22:32:14,20.1,,20.1,,0,0,0,0,0,1,1
14847,Larkin St & Golden Gate Ave,19,POLK,3,005B95,FFFFFF,1,Beach St & Polk St@@@102,Beach St & Polk St@@@42,,05:41:44,22:31:15,20.1,,20.1,,0,0,0,0,0,1,1
14848,Larkin St & Grove St,19,POLK,3,005B95,FFFFFF,1,Beach St & Polk St@@@102,Beach St & Polk St@@@42,,05:40:08,22:29:29,20.1,,20.1,,0,0,0,0,0,1,1
14851,Larkin St & O'Farrell St,19,POLK,3,005B95,FFFFFF,1,Beach St & Polk St@@@102,Beach St & Polk St@@@42,,05:43:40,22:33:25,20.1,,20.1,,0,0,0,0,0,1,1
14852,Lawton St & 7th Ave,43,MASONIC,3,005B95,FFFFFF,1,Marina Blvd & Laguna St@@@112,Marina Blvd & Laguna St@@@42,,05:26:44,24:16:44,20.15,,20.15,,0,0,0,0,0,1,1
14852,Lawton St & 7th Ave,44,O'SHAUGHNESSY,3,005B95,FFFFFF,1,California St & 6th Ave@@@170,California St & 6th Ave@@@70,,05:32:44,24:30:44,12.058823529411764,,12.058823529411764,,0,0,0,0,0,1,1
14853,Lawton St & 7th Ave,43,MASONIC,3,005B95,FFFFFF,0,Munich St & Geneva Ave@@@112,Munich St & Geneva Ave@@@40,,05:31:12,24:23:30,20.57894736842105,,20.57894736842105,,0,0,0,0,0,1,1
14853,Lawton St & 7th Ave,44,O'SHAUGHNESSY,3,005B95,FFFFFF,0,Hudson Ave & 3rd St@@@166,Hudson Ave & 3rd St@@@70,,06:09:12,24:14:12,12.029411764705882,,12.029411764705882,,0,0,0,0,0,1,1
14854,Lawton St & 9th Ave,43,MASONIC,3,005B95,FFFFFF,1,Marina Blvd & Laguna St@@@112,Marina Blvd & Laguna St@@@42,,05:27:03,24:17:03,20.15,,20.15,,0,0,0,0,0,1,1
14854,Lawton St & 9th Ave,44,O'SHAUGHNESSY,3,005B95,FFFFFF,1,California St & 6th Ave@@@170,California St & 6th Ave@@@70,,05:33:03,24:31:03,12.058823529411764,,12.058823529411764,,0,0,0,0,0,1,1
14855,Lawton St & 9th Ave,66,QUINTARA,3,005B95,FFFFFF,1,9th Ave & Judah St@@@86,9th Ave & Judah St@@@42,,08:25:05,22:23:05,20.0,,20.0,,0,0,0,0,0,1,1
14856,Lawton St & 11th Ave,66,QUINTARA,3,005B95,FFFFFF,0,Vicente St & 30th Ave@@@86,Vicente St & 30th Ave@@@42,,08:02:07,22:02:07,20.0,,20.0,,0,0,0,0,0,1,1
14857,Lawton St & 11th Ave,66,QUINTARA,3,005B95,FFFFFF,1,9th Ave & Judah St@@@86,9th Ave & Judah St@@@42,,08:24:31,22:22:31,20.0,,20.0,,0,0,0,0,0,1,1
14858,Lawton St & Funston Ave,66,QUINTARA,3,005B95,FFFFFF,0,Vicente St & 30th Ave@@@86,Vicente St & 30th Ave@@@42,,08:03:00,22:03:00,20.0,,20.0,,0,0,0,0,0,1,1
14859,Lawton St & Funston Ave,66,QUINTARA,3,005B95,FFFFFF,1,9th Ave & Judah St@@@86,9th Ave & Judah St@@@42,,08:24:00,22:22:00,20.0,,20.0,,0,0,0,0,0,1,1
14860,Lawton St & Lomita Ave,66,QUINTARA,3,005B95,FFFFFF,0,Vicente St & 30th Ave@@@86,Vicente St & 30th Ave@@@42,,08:03:34,22:03:30,20.0,,20.0,,0,0,0,0,0,1,1
14861,Lawton St & Lomita Ave,66,QUINTARA,3,005B95,FFFFFF,1,9th Ave & Judah St@@@86,9th Ave & Judah St@@@42,,08:23:07,22:21:12,20.0,,20.0,,0,0,0,0,0,1,1
14862,Leavenworth St & Bush St,27,BRYANT,3,005B95,FFFFFF,1,Jackson St & Van Ness Ave@@@104,Jackson St & Van Ness Ave@@@42,,05:26:28,22:33:28,20.1,,20.1,,0,0,0,0,0,1,1
14863,Leavenworth St & California St,27,BRYANT,3,005B95,FFFFFF,1,Jackson St & Van Ness Ave@@@104,Jackson St & Van Ness Ave@@@42,,05:27:29,22:34:29,20.15,,20.15,,0,0,0,0,0,1,1
14864,Leavenworth St & Clay St,27,BRYANT,3,005B95,FFFFFF,1,Jackson St & Van Ness Ave@@@104,Jackson St & Van Ness Ave@@@42,,05:28:28,22:35:28,20.1,,20.1,,0,0,0,0,0,1,1
14865,Leavenworth St & Geary St,27,BRYANT,3,005B95,FFFFFF,1,Jackson St & Van Ness Ave@@@104,Jackson St & Van Ness Ave@@@42,,05:24:41,22:30:53,20.1,,20.1,,0,0,0,0,0,1,1
14866,Leavenworth St & Jackson St,27,BRYANT,3,005B95,FFFFFF,1,Jackson St & Van Ness Ave@@@104,Jackson St & Van Ness Ave@@@42,,05:29:21,22:36:21,20.15,,20.15,,0,0,0,0,0,1,1
14867,Leavenworth St & O'Farrell St,27,BRYANT,3,005B95,FFFFFF,1,Jackson St & Van Ness Ave@@@104,Jackson St & Van Ness Ave@@@42,,05:24:08,22:30:02,20.05,,20.05,,0,0,0,0,0,1,1
14868,Leavenworth St & Pine St,27,BRYANT,3,005B95,FFFFFF,1,Jackson St & Van Ness Ave@@@104,Jackson St & Van Ness Ave@@@42,,05:27:00,22:34:00,20.1,,20.1,,0,0,0,0,0,1,1
14869,Leavenworth St & Post St,27,BRYANT,3,005B95,FFFFFF,1,Jackson St & Van Ness Ave@@@104,Jackson St & Van Ness Ave@@@42,,05:25:12,22:31:43,20.1,,20.1,,0,0,0,0,0,1,1
14870,Leavenworth St & Sacramento St,27,BRYANT,3,005B95,FFFFFF,1,Jackson St & Van Ness Ave@@@104,Jackson St & Van Ness Ave@@@42,,05:27:59,22:34:59,20.1,,20.1,,0,0,0,0,0,1,1
14871,Leavenworth St & Sutter St,27,BRYANT,3,005B95,FFFFFF,1,Jackson St & Van Ness Ave@@@104,Jackson St & Van Ness Ave@@@42,,05:26:00,22:33:00,20.1,,20.1,,0,0,0,0,0,1,1
14873,Legion Of Honor,18,46TH AVENUE,3,005B95,FFFFFF,0,19th Ave & Buckingham/Stonestown@@@96,19th Ave & Buckingham/Stonestown@@@42,,06:00:00,22:01:00,20.0,,20.0,,0,0,0,0,0,1,1
14874,Legion Of Honor,18,46TH AVENUE,3,005B95,FFFFFF,0,19th Ave & Buckingham/Stonestown@@@96,19th Ave & Buckingham/Stonestown@@@42,,06:00:02,22:01:02,20.0,,20.0,,0,0,0,0,0,1,1
14876,Laguna Honda Blvd & Balceta Ave,43,MASONIC,3,005B95,FFFFFF,1,Marina Blvd & Laguna St@@@112,Marina Blvd & Laguna St@@@42,,05:22:58,24:12:58,20.1,,20.1,,0,0,0,0,0,1,1
14877,Laguna Honda Blvd & Balceta Ave,43,MASONIC,3,005B95,FFFFFF,0,Munich St & Geneva Ave@@@112,Munich St & Geneva Ave@@@40,,05:35:02,24:28:02,20.63157894736842,,20.63157894736842,,0,0,0,0,0,1,1
14878,Laguna Honda Blvd & Clarendon Ave,36,TERESITA,3,005B95,FFFFFF,1,Laguna Honda Blvd/Forest Hill Sta@@@58,Laguna Honda Blvd/Forest Hill Sta@@@28,,09:05:15,22:57:15,30.0,,30.0,,0,0,0,0,0,1,1
14878,Laguna Honda Blvd & Clarendon Ave,43,MASONIC,3,005B95,FFFFFF,0,Munich St & Geneva Ave@@@112,Munich St & Geneva Ave@@@40,,05:33:06,24:25:53,20.57894736842105,,20.57894736842105,,0,0,0,0,0,1,1
14878,Laguna Honda Blvd & Clarendon Ave,44,O'SHAUGHNESSY,3,005B95,FFFFFF,0,Hudson Ave & 3rd St@@@166,Hudson Ave & 3rd St@@@70,,06:11:06,24:16:06,12.029411764705882,,12.029411764705882,,0,0,0,0,0,1,1
14881,Geneva Ave & Howth St,43,MASONIC,3,005B95,FFFFFF,1,Marina Blvd & Laguna St@@@112,Marina Blvd & Laguna St@@@42,,05:10:54,24:00:54,19.95,,19.95,,0,0,0,0,0,1,1
14881,Geneva Ave & Howth St,8,BAYSHORE,3,005B95,FFFFFF,0,City College Terminal@@@260,City College Terminal@@@116,,05:45:53,24:52:40,7.2631578947368425,,7.2631578947368425,,0,0,0,0,0,1,1
14881,Geneva Ave & Howth St,91,3RD-19TH AVE OWL,3,666666,FFFFFF,0,Ulloa St & West Portal Ave@@@26,,Ulloa St & West Portal Ave@@@20,24:32:59,30:32:59,,30.0,,30.0,0,0,0,0,0,1,1
14882,Geneva Ave & Howth St,43,MASONIC,3,005B95,FFFFFF,0,Munich St & Geneva Ave@@@112,Munich St & Geneva Ave@@@40,,05:45:57,24:38:57,20.736842105263158,,20.736842105263158,,0,0,0,0,0,1,1
14882,Geneva Ave & Howth St,8,BAYSHORE,3,005B95,FFFFFF,1,Kearny St & North Point St@@@264,Kearny St & North Point St@@@120,,05:00:59,24:01:14,7.0,,7.0,,0,0,0,0,0,1,1
14882,Geneva Ave & Howth St,91,3RD-19TH AVE OWL,3,666666,FFFFFF,1,19th Ave & Holloway/Sf State@@@24,,19th Ave & Holloway/Sf State@@@14,23:56:05,29:26:05,,30.0,,30.0,0,0,0,0,0,1,1
14883,Geneva Ave & Madrid St,43,MASONIC,3,005B95,FFFFFF,0,Munich St & Geneva Ave@@@112,Munich St & Geneva Ave@@@40,,05:51:10,24:44:10,20.736842105263158,,20.736842105263158,,0,0,0,0,0,1,1
14883,Geneva Ave & Madrid St,54,FELTON,3,005B95,FFFFFF,1,Newhall St & Hudson@@@96,Newhall St & Hudson@@@42,,05:49:03,22:10:11,20.05,,20.05,,0,0,0,0,0,1,1
14883,Geneva Ave & Madrid St,8,BAYSHORE,3,005B95,FFFFFF,1,Kearny St & North Point St@@@264,Kearny St & North Point St@@@120,,05:04:50,24:06:00,7.016949152542373,,7.016949152542373,,0,0,0,0,0,1,1
14883,Geneva Ave & Madrid St,91,3RD-19TH AVE OWL,3,666666,FFFFFF,1,19th Ave & Holloway/Sf State@@@24,,19th Ave & Holloway/Sf State@@@14,23:59:49,29:29:49,,30.0,,30.0,0,0,0,0,0,1,1
14884,Geneva Ave & Madrid St,43,MASONIC,3,005B95,FFFFFF,1,Marina Blvd & Laguna St@@@112,Marina Blvd & Laguna St@@@42,,05:06:01,23:56:01,19.95,,19.95,,0,0,0,0,0,1,1
14884,Geneva Ave & Madrid St,54,FELTON,3,005B95,FFFFFF,0,Daly City BART Stop A2@@@94,Daly City BART Stop A2@@@42,,06:16:19,22:27:22,20.15,,20.15,,0,0,0,0,0,1,1
14884,Geneva Ave & Madrid St,8,BAYSHORE,3,005B95,FFFFFF,0,City College Terminal@@@260,City College Terminal@@@116,,05:42:35,24:48:46,7.245614035087719,,7.245614035087719,,0,0,0,0,0,1,1
14884,Geneva Ave & Madrid St,91,3RD-19TH AVE OWL,3,666666,FFFFFF,0,Ulloa St & West Portal Ave@@@26,,Ulloa St & West Portal Ave@@@18,24:28:10,30:28:10,,30.0,,30.0,0,0,0,0,0,1,1
14886,Geneva Ave & Mission St,43,MASONIC,3,005B95,FFFFFF,1,Marina Blvd & Laguna St@@@112,Marina Blvd & Laguna St@@@42,,05:07:00,23:57:00,19.95,,19.95,,0,0,0,0,0,1,1
14886,Geneva Ave & Mission St,54,FELTON,3,005B95,FFFFFF,0,Daly City BART Stop A2@@@94,Daly City BART Stop A2@@@42,,06:17:00,22:28:00,20.15,,20.15,,0,0,0,0,0,1,1
14886,Geneva Ave & Mission St,8,BAYSHORE,3,005B95,FFFFFF,0,City College Terminal@@@260,City College Terminal@@@114,,05:43:19,24:49:37,7.25,,7.25,,0,0,0,0,0,1,1
14886,Geneva Ave & Mission St,91,3RD-19TH AVE OWL,3,666666,FFFFFF,0,Ulloa St & West Portal Ave@@@26,,Ulloa St & West Portal Ave@@@18,24:29:00,30:29:00,,30.0,,30.0,0,0,0,0,0,1,1
14888,Geneva Ave & Munich St,8,BAYSHORE,3,005B95,FFFFFF,1,Kearny St & North Point St@@@264,Kearny St & North Point St@@@120,,05:05:54,24:07:17,7.016949152542373,,7.016949152542373,,0,0,0,0,0,1,1
14888,Geneva Ave & Munich St,91,3RD-19TH AVE OWL,3,666666,FFFFFF,1,19th Ave & Holloway/Sf State@@@24,,19th Ave & Holloway/Sf State@@@16,24:00:52,29:30:52,,30.0,,30.0,0,0,0,0,0,1,1
14889,Geneva Ave & Moscow St,54,FELTON,3,005B95,FFFFFF,0,Daly City BART Stop A2@@@94,Daly City BART Stop A2@@@42,,06:15:14,22:26:21,20.15,,20.15,,0,0,0,0,0,1,1
14889,Geneva Ave & Moscow St,8,BAYSHORE,3,005B95,FFFFFF,0,City College Terminal@@@260,City College Terminal@@@116,,05:41:34,24:47:33,7.245614035087719,,7.245614035087719,,0,0,0,0,0,1,1
14889,Geneva Ave & Moscow St,91,3RD-19TH AVE OWL,3,666666,FFFFFF,0,Ulloa St & West Portal Ave@@@26,,Ulloa St & West Portal Ave@@@18,24:27:10,30:27:10,,30.0,,30.0,0,0,0,0,0,1,1
14890,Geneva Ave & Naples St,54,FELTON,3,005B95,FFFFFF,0,Daly City BART Stop A2@@@94,Daly City BART Stop A2@@@42,,06:15:51,22:26:56,20.15,,20.15,,0,0,0,0,0,1,1
14890,Geneva Ave & Naples St,8,BAYSHORE,3,005B95,FFFFFF,0,City College Terminal@@@260,City College Terminal@@@116,,05:42:10,24:48:15,7.245614035087719,,7.245614035087719,,0,0,0,0,0,1,1
14890,Geneva Ave & Naples St,91,3RD-19TH AVE OWL,3,666666,FFFFFF,0,Ulloa St & West Portal Ave@@@26,,Ulloa St & West Portal Ave@@@18,24:27:45,30:27:45,,30.0,,30.0,0,0,0,0,0,1,1
14891,Geneva Ave & Naples St,54,FELTON,3,005B95,FFFFFF,1,Newhall St & Hudson@@@96,Newhall St & Hudson@@@42,,05:49:33,22:10:45,20.05,,20.05,,0,0,0,0,0,1,1
14891,Geneva Ave & Naples St,8,BAYSHORE,3,005B95,FFFFFF,1,Kearny St & North Point St@@@264,Kearny St & North Point St@@@120,,05:05:14,24:06:29,7.016949152542373,,7.016949152542373,,0,0,0,0,0,1,1
14891,Geneva Ave & Naples St,91,3RD-19TH AVE OWL,3,666666,FFFFFF,1,19th Ave & Holloway/Sf State@@@24,,19th Ave & Holloway/Sf State@@@16,24:00:12,29:30:12,,30.0,,30.0,0,0,0,0,0,1,1
14894,Geneva Ave & Prague St,8,BAYSHORE,3,005B95,FFFFFF,0,City College Terminal@@@260,City College Terminal@@@116,,05:41:08,24:47:02,7.245614035087719,,7.245614035087719,,0,0,0,0,0,1,1
14894,Geneva Ave & Prague St,91,3RD-19TH AVE OWL,3,666666,FFFFFF,0,Ulloa St & West Portal Ave@@@26,,Ulloa St & West Portal Ave@@@18,24:26:45,30:26:45,,30.0,,30.0,0,0,0,0,0,1,1
14895,Geneva Ave & Rio Verde St,9,SAN BRUNO,3,005B95,FFFFFF,1,Market St & Steuart St@@@184,Market St & Steuart St@@@84,,05:06:00,23:54:00,10.0,,10.0,,0,0,0,0,0,1,1
14899,Geneva Ave & Santos St / Cow Palace,9,SAN BRUNO,3,005B95,FFFFFF,0,Sunnydale Ave / Mclaren School@@@190,Sunnydale Ave / Mclaren School@@@80,,06:01:12,24:55:12,10.41025641025641,,10.41025641025641,,0,0,0,0,0,1,1
14900,Geneva Ave & Santos St / Cow Palace,8,BAYSHORE,3,005B95,FFFFFF,0,City College Terminal@@@260,City College Terminal@@@116,,05:38:15,24:43:37,7.245614035087719,,7.245614035087719,,0,0,0,0,0,1,1
14900,Geneva Ave & Santos St / Cow Palace,91,3RD-19TH AVE OWL,3,666666,FFFFFF,0,Ulloa St & West Portal Ave@@@26,,Ulloa St & West Portal Ave@@@18,24:24:00,30:24:00,,30.0,,30.0,0,0,0,0,0,1,1
14901,Geneva Ave & Santos St / Cow Palace,8,BAYSHORE,3,005B95,FFFFFF,1,Kearny St & North Point St@@@264,Kearny St & North Point St@@@120,,05:09:00,24:11:00,7.016949152542373,,7.016949152542373,,0,0,0,0,0,1,1
14901,Geneva Ave & Santos St / Cow Palace,9,SAN BRUNO,3,005B95,FFFFFF,1,Market St & Steuart St@@@184,Market St & Steuart St@@@84,,05:04:53,23:52:53,10.0,,10.0,,0,0,0,0,0,1,1
14901,Geneva Ave & Santos St / Cow Palace,91,3RD-19TH AVE OWL,3,666666,FFFFFF,1,19th Ave & Holloway/Sf State@@@24,,19th Ave & Holloway/Sf State@@@16,24:03:50,29:33:50,,30.0,,30.0,0,0,0,0,0,1,1
14905,Gough St & Sacramento St,1,CALIFORNIA,3,005B95,FFFFFF,1,Clay St & Drumm St@@@212,Clay St & Drumm St@@@86,,04:55:24,24:08:50,9.857142857142858,,9.857142857142858,,0,0,0,0,0,1,1
14908,Grafton Ave & Capitol Ave,29,SUNSET,3,005B95,FFFFFF,0,Fitzgerald Ave & Keith St@@@168,Fitzgerald Ave & Keith St@@@66,,05:28:47,24:27:47,12.46875,,12.46875,,0,0,0,0,0,1,1
14910,Grafton Ave & Granada Ave,29,SUNSET,3,005B95,FFFFFF,0,Fitzgerald Ave & Keith St@@@168,Fitzgerald Ave & Keith St@@@66,,05:29:18,24:28:18,12.46875,,12.46875,,0,0,0,0,0,1,1
14911,Grafton Ave & Harold Ave,54,FELTON,3,005B95,FFFFFF,0,Daly City BART Stop A2@@@94,Daly City BART Stop A2@@@42,,06:21:20,22:33:20,20.2,,20.2,,0,0,0,0,0,1,1
14912,Grafton Ave & Jules Ave,29,SUNSET,3,005B95,FFFFFF,0,Fitzgerald Ave & Keith St@@@168,Fitzgerald Ave & Keith St@@@66,,05:28:17,24:27:17,12.4375,,12.4375,,0,0,0,0,0,1,1
14913,Grafton Ave & Lee St,54,FELTON,3,005B95,FFFFFF,1,Newhall St & Hudson@@@96,Newhall St & Hudson@@@42,,05:43:53,22:03:53,20.0,,20.0,,0,0,0,0,0,1,1
14915,Grafton Ave & Plymouth Ave,29,SUNSET,3,005B95,FFFFFF,0,Fitzgerald Ave & Keith St@@@168,Fitzgerald Ave & Keith St@@@66,,05:29:33,24:28:33,12.46875,,12.46875,,0,0,0,0,0,1,1
14920,Grove St & Gough St,6,HAYES-PARNASSUS,3,005B95,FFFFFF,1,Hyde St & Grove St@@@116,Hyde St & Grove St@@@42,,05:21:00,24:24:36,20.2,,20.2,,0,0,0,0,0,1,1
14921,Grove St & Laguna St,6,HAYES-PARNASSUS,3,005B95,FFFFFF,1,Hyde St & Grove St@@@116,Hyde St & Grove St@@@42,,05:20:15,24:23:33,20.15,,20.15,,0,0,0,0,0,1,1
14923,Grove St & Van Ness Ave,6,HAYES-PARNASSUS,3,005B95,FFFFFF,1,Hyde St & Grove St@@@116,Hyde St & Grove St@@@42,,05:22:00,24:26:00,20.2,,20.2,,0,0,0,0,0,1,1
14924,Grand View Ave & 21st St,35,EUREKA,3,005B95,FFFFFF,1,Market St & Castro St@@@56,Market St & Castro St@@@28,,07:34:48,21:05:48,30.153846153846153,,30.153846153846153,,0,0,0,0,0,1,1
14934,Gateview Ave & Bayside Dr,25,TREASURE ISLAND,3,005B95,FFFFFF,1,Transit Center Bay 29@@@82###Transit Center Bay E@@@28,Transit Center Bay 29@@@34,Transit Center Bay E@@@18,06:40:03,30:18:03,25.0,30.0,25.0,30.0,0,0,0,0,0,1,1
14935,Gateview Ave & Mason Ct,25,TREASURE ISLAND,3,005B95,FFFFFF,1,Transit Center Bay 29@@@82###Transit Center Bay E@@@28,Transit Center Bay 29@@@34,Transit Center Bay E@@@18,06:40:46,30:18:46,25.0,30.0,25.0,30.0,0,0,0,0,0,1,1
14936,Gateview Ave & Northpoint Dr,25,TREASURE ISLAND,3,005B95,FFFFFF,1,Transit Center Bay 29@@@82###Transit Center Bay E@@@28,Transit Center Bay 29@@@34,Transit Center Bay E@@@18,06:39:36,30:17:36,25.0,30.0,25.0,30.0,0,0,0,0,0,1,1
14937,Hahn St & Sunnydale Ave,91,3RD-19TH AVE OWL,3,666666,FFFFFF,1,19th Ave & Holloway/Sf State@@@24,,19th Ave & Holloway/Sf State@@@16,24:07:30,29:37:30,,30.0,,30.0,0,0,0,0,0,1,1
14938,Hahn St & Sunnydale Ave,56,RUTLAND,3,005B95,FFFFFF,0,50 Thomas Mellon Dr@@@64###San Bruno Ave & Arleta Ave@@@20,50 Thomas Mellon Dr@@@42,,07:22:56,21:02:56,20.0,,20.0,,0,0,0,0,0,1,1
14938,Hahn St & Sunnydale Ave,8,BAYSHORE,3,005B95,FFFFFF,0,City College Terminal@@@260,City College Terminal@@@116,,05:34:16,24:38:53,7.2105263157894735,,7.2105263157894735,,0,0,0,0,0,1,1
14938,Hahn St & Sunnydale Ave,91,3RD-19TH AVE OWL,3,666666,FFFFFF,0,Ulloa St & West Portal Ave@@@26,,Ulloa St & West Portal Ave@@@18,24:20:14,30:20:14,,30.0,,30.0,0,0,0,0,0,1,1
14940,Haight St & Baker St,7,HAIGHT-NORIEGA,3,005B95,FFFFFF,0,Ortega St & 48th Ave@@@158,Ortega St & 48th Ave@@@68,,05:18:49,24:22:19,12.090909090909092,,12.090909090909092,,0,0,0,0,0,1,1
14940,Haight St & Baker St,NOWL,OWL JUDAH,3,666666,FFFFFF,0,Judah/La Playa/Ocean Beach@@@24,,Judah/La Playa/Ocean Beach@@@16,24:29:33,29:59:33,,30.0,,30.0,0,0,0,0,0,1,1
14941,Haight St & Buchanan St,7,HAIGHT-NORIEGA,3,005B95,FFFFFF,0,Ortega St & 48th Ave@@@158,Ortega St & 48th Ave@@@70,,05:15:23,24:17:24,12.058823529411764,,12.058823529411764,,0,0,0,0,0,1,1
14942,Haight St & Buchanan St,7,HAIGHT-NORIEGA,3,005B95,FFFFFF,1,Transit Center Bay E@@@156,Transit Center Bay E@@@68,,05:25:57,24:30:16,12.212121212121213,,12.212121212121213,,0,0,0,0,0,1,1
14943,Haight St & Buena Vista East Ave,7,HAIGHT-NORIEGA,3,005B95,FFFFFF,1,Transit Center Bay E@@@156,Transit Center Bay E@@@70,,05:21:33,24:24:54,12.235294117647058,,12.235294117647058,,0,0,0,0,0,1,1
14943,Haight St & Buena Vista East Ave,NOWL,OWL JUDAH,3,666666,FFFFFF,1,Townsend St & 5th St/Caltrain@@@22,,Townsend St & 5th St/Caltrain@@@16,24:38:32,29:38:32,,30.0,,30.0,0,0,0,0,0,1,1
14946,Haight St & Clayton St,33,ASHBURY-18TH ST,3,005B95,FFFFFF,1,Arguello Blvd & California St@@@14###Sacramento St & Cherry St@@@84,Sacramento St & Cherry St@@@40,,06:25:38,23:12:05,21.0,,21.0,,0,0,0,0,0,1,1
14946,Haight St & Clayton St,37,CORBETT,3,005B95,FFFFFF,0,Parkridge Dr & Burnett Ave@@@54,Parkridge Dr & Burnett Ave@@@28,,09:05:47,22:05:47,30.0,,30.0,,0,0,0,0,0,1,1
14946,Haight St & Clayton St,43,MASONIC,3,005B95,FFFFFF,0,Munich St & Geneva Ave@@@112,Munich St & Geneva Ave@@@42,,05:22:57,24:14:04,20.4,,20.4,,0,0,0,0,0,1,1
14946,Haight St & Clayton St,7,HAIGHT-NORIEGA,3,005B95,FFFFFF,0,Ortega St & 48th Ave@@@158,Ortega St & 48th Ave@@@70,,05:20:42,24:24:53,12.147058823529411,,12.147058823529411,,0,0,0,0,0,1,1
14946,Haight St & Clayton St,NOWL,OWL JUDAH,3,666666,FFFFFF,0,Judah/La Playa/Ocean Beach@@@24,,Judah/La Playa/Ocean Beach@@@18,24:31:37,30:01:37,,30.0,,30.0,0,0,0,0,0,1,1
14947,Haight St & Clayton St,33,ASHBURY-18TH ST,3,005B95,FFFFFF,0,25th St & Potrero Ave@@@98,25th St & Potrero Ave@@@42,,05:24:11,22:03:48,19.35,,19.35,,0,0,0,0,0,1,1
14947,Haight St & Clayton St,37,CORBETT,3,005B95,FFFFFF,1,Masonic Ave & Haight St@@@54,Masonic Ave & Haight St@@@28,,09:20:18,22:18:18,30.076923076923077,,30.076923076923077,,0,0,0,0,0,1,1
14947,Haight St & Clayton St,43,MASONIC,3,005B95,FFFFFF,1,Marina Blvd & Laguna St@@@112,Marina Blvd & Laguna St@@@42,,05:34:54,24:24:54,20.25,,20.25,,0,0,0,0,0,1,1
14947,Haight St & Clayton St,7,HAIGHT-NORIEGA,3,005B95,FFFFFF,1,Transit Center Bay E@@@156,Transit Center Bay E@@@70,,05:19:14,24:22:03,12.176470588235293,,12.176470588235293,,0,0,0,0,0,1,1
14947,Haight St & Clayton St,NOWL,OWL JUDAH,3,666666,FFFFFF,1,Townsend St & 5th St/Caltrain@@@22,,Townsend St & 5th St/Caltrain@@@16,24:36:31,29:36:31,,30.0,,30.0,0,0,0,0,0,1,1
14950,Haight St & Divisadero St,7,HAIGHT-NORIEGA,3,005B95,FFFFFF,0,Ortega St & 48th Ave@@@158,Ortega St & 48th Ave@@@68,,05:17:58,24:21:05,12.090909090909092,,12.090909090909092,,0,0,0,0,0,1,1
14950,Haight St & Divisadero St,NOWL,OWL JUDAH,3,666666,FFFFFF,0,Judah/La Playa/Ocean Beach@@@24,,Judah/La Playa/Ocean Beach@@@16,24:28:42,29:58:42,,30.0,,30.0,0,0,0,0,0,1,1
14951,Haight St & Divisadero St,7,HAIGHT-NORIEGA,3,005B95,FFFFFF,1,Transit Center Bay E@@@156,Transit Center Bay E@@@70,,05:22:49,24:26:27,12.205882352941176,,12.205882352941176,,0,0,0,0,0,1,1
14951,Haight St & Divisadero St,NOWL,OWL JUDAH,3,666666,FFFFFF,1,Townsend St & 5th St/Caltrain@@@22,,Townsend St & 5th St/Caltrain@@@16,24:39:31,29:39:31,,30.0,,30.0,0,0,0,0,0,1,1
14952,Haight St & Fillmore St,7,HAIGHT-NORIEGA,3,005B95,FFFFFF,0,Ortega St & 48th Ave@@@158,Ortega St & 48th Ave@@@70,,05:16:15,24:18:39,12.058823529411764,,12.058823529411764,,0,0,0,0,0,1,1
14952,Haight St & Fillmore St,NOWL,OWL JUDAH,3,666666,FFFFFF,0,Judah/La Playa/Ocean Beach@@@24,,Judah/La Playa/Ocean Beach@@@16,24:27:00,29:57:00,,30.0,,30.0,0,0,0,0,0,1,1
14953,Haight St & Fillmore St,7,HAIGHT-NORIEGA,3,005B95,FFFFFF,1,Transit Center Bay E@@@156,Transit Center Bay E@@@68,,05:24:57,24:29:03,12.212121212121213,,12.212121212121213,,0,0,0,0,0,1,1
14954,Haight St & Gough St,7,HAIGHT-NORIEGA,3,005B95,FFFFFF,0,Ortega St & 48th Ave@@@158,Ortega St & 48th Ave@@@70,,05:14:08,24:15:38,12.029411764705882,,12.029411764705882,,0,0,0,0,0,1,1
14955,Haight St & Laguna St,7,HAIGHT-NORIEGA,3,005B95,FFFFFF,0,Ortega St & 48th Ave@@@158,Ortega St & 48th Ave@@@70,,05:14:59,24:16:50,12.058823529411764,,12.058823529411764,,0,0,0,0,0,1,1
14957,Haight St & Masonic Ave,7,HAIGHT-NORIEGA,3,005B95,FFFFFF,0,Ortega St & 48th Ave@@@158,Ortega St & 48th Ave@@@70,,05:20:00,24:24:00,12.117647058823529,,12.117647058823529,,0,0,0,0,0,1,1
14957,Haight St & Masonic Ave,NOWL,OWL JUDAH,3,666666,FFFFFF,0,Judah/La Playa/Ocean Beach@@@24,,Judah/La Playa/Ocean Beach@@@18,24:30:47,30:00:47,,30.0,,30.0,0,0,0,0,0,1,1
14958,Haight St & Masonic Ave,7,HAIGHT-NORIEGA,3,005B95,FFFFFF,1,Transit Center Bay E@@@156,Transit Center Bay E@@@70,,05:20:00,24:23:00,12.205882352941176,,12.205882352941176,,0,0,0,0,0,1,1
14958,Haight St & Masonic Ave,NOWL,OWL JUDAH,3,666666,FFFFFF,1,Townsend St & 5th St/Caltrain@@@22,,Townsend St & 5th St/Caltrain@@@16,24:37:19,29:37:19,,30.0,,30.0,0,0,0,0,0,1,1
14960,Haight St & Pierce St,7,HAIGHT-NORIEGA,3,005B95,FFFFFF,0,Ortega St & 48th Ave@@@158,Ortega St & 48th Ave@@@70,,05:17:06,24:19:52,12.088235294117647,,12.088235294117647,,0,0,0,0,0,1,1
14960,Haight St & Pierce St,NOWL,OWL JUDAH,3,666666,FFFFFF,0,Judah/La Playa/Ocean Beach@@@24,,Judah/La Playa/Ocean Beach@@@16,24:27:50,29:57:50,,30.0,,30.0,0,0,0,0,0,1,1
14961,Haight St & Pierce St,7,HAIGHT-NORIEGA,3,005B95,FFFFFF,1,Transit Center Bay E@@@156,Transit Center Bay E@@@68,,05:23:53,24:27:45,12.242424242424242,,12.242424242424242,,0,0,0,0,0,1,1
14961,Haight St & Pierce St,NOWL,OWL JUDAH,3,666666,FFFFFF,1,Townsend St & 5th St/Caltrain@@@22,,Townsend St & 5th St/Caltrain@@@16,24:40:20,29:40:20,,30.0,,30.0,0,0,0,0,0,1,1
14962,Haight St & Stanyan St,33,ASHBURY-18TH ST,3,005B95,FFFFFF,1,Arguello Blvd & California St@@@14###Sacramento St & Cherry St@@@84,Sacramento St & Cherry St@@@40,,06:27:00,23:14:00,21.05263157894737,,21.05263157894737,,0,0,0,0,0,1,1
14962,Haight St & Stanyan St,7,HAIGHT-NORIEGA,3,005B95,FFFFFF,0,Ortega St & 48th Ave@@@158,Ortega St & 48th Ave@@@70,,05:21:37,24:26:01,12.117647058823529,,12.117647058823529,,0,0,0,0,0,1,1
14963,Haight St & Stanyan St,33,ASHBURY-18TH ST,3,005B95,FFFFFF,0,25th St & Potrero Ave@@@98,25th St & Potrero Ave@@@42,,05:22:52,22:02:06,19.3,,19.3,,0,0,0,0,0,1,1
14963,Haight St & Stanyan St,7,HAIGHT-NORIEGA,3,005B95,FFFFFF,1,Transit Center Bay E@@@156,Transit Center Bay E@@@68,,05:18:12,24:20:45,12.212121212121213,,12.212121212121213,,0,0,0,0,0,1,1
14964,Hampshire St & 24th St,33,ASHBURY-18TH ST,3,005B95,FFFFFF,1,Arguello Blvd & California St@@@14###Sacramento St & Cherry St@@@84,Sacramento St & Cherry St@@@40,,06:00:49,22:38:55,20.0,,20.0,,0,0,0,0,0,1,1
14966,Harrison St & 2nd St,12,FOLSOM-PACIFIC,3,005B95,FFFFFF,0,Valencia St & Cesar Chavez St@@@98,Valencia St & Cesar Chavez St@@@42,,06:19:49,22:22:26,20.1,,20.1,,0,0,0,0,0,1,1
14967,Harrison St & 3rd St,12,FOLSOM-PACIFIC,3,005B95,FFFFFF,0,Valencia St & Cesar Chavez St@@@98,Valencia St & Cesar Chavez St@@@42,,06:20:49,22:23:37,20.1,,20.1,,0,0,0,0,0,1,1
14968,Harrison St & 4th St,12,FOLSOM-PACIFIC,3,005B95,FFFFFF,0,Valencia St & Cesar Chavez St@@@98,Valencia St & Cesar Chavez St@@@42,,06:22:00,22:25:00,20.1,,20.1,,0,0,0,0,0,1,1
14968,Harrison St & 4th St,45,UNION-STOCKTON,3,005B95,FFFFFF,1,Townsend St & Lusk St/Caltrain@@@132,Townsend St & Lusk St/Caltrain@@@56,,05:04:10,22:24:32,15.11111111111111,,15.11111111111111,,0,0,0,0,0,1,1
14968,Harrison St & 4th St,8,BAYSHORE,3,005B95,FFFFFF,0,City College Terminal@@@260,City College Terminal@@@118,,05:15:45,24:18:26,7.086206896551724,,7.086206896551724,,0,0,0,0,0,1,1
14969,Harrison St & 5th St,12,FOLSOM-PACIFIC,3,005B95,FFFFFF,0,Valencia St & Cesar Chavez St@@@98,Valencia St & Cesar Chavez St@@@42,,06:23:05,22:26:14,20.1,,20.1,,0,0,0,0,0,1,1
14969,Harrison St & 5th St,8,BAYSHORE,3,005B95,FFFFFF,0,City College Terminal@@@260,City College Terminal@@@118,,05:16:45,24:19:35,7.103448275862069,,7.103448275862069,,0,0,0,0,0,1,1
14970,Harrison St & 6th St,12,FOLSOM-PACIFIC,3,005B95,FFFFFF,0,Valencia St & Cesar Chavez St@@@98,Valencia St & Cesar Chavez St@@@42,,06:24:11,22:27:29,20.1,,20.1,,0,0,0,0,0,1,1
14970,Harrison St & 6th St,8,BAYSHORE,3,005B95,FFFFFF,0,City College Terminal@@@260,City College Terminal@@@118,,05:18:00,24:21:00,7.120689655172414,,7.120689655172414,,0,0,0,0,0,1,1
14971,Harrison St & 7th St,12,FOLSOM-PACIFIC,3,005B95,FFFFFF,0,Valencia St & Cesar Chavez St@@@98,Valencia St & Cesar Chavez St@@@42,,06:25:12,22:28:39,20.1,,20.1,,0,0,0,0,0,1,1
14972,Harrison St & 8th St,12,FOLSOM-PACIFIC,3,005B95,FFFFFF,0,Valencia St & Cesar Chavez St@@@98,Valencia St & Cesar Chavez St@@@42,,06:26:14,22:29:50,20.1,,20.1,,0,0,0,0,0,1,1
14973,Harrison St & 9th St,12,FOLSOM-PACIFIC,3,005B95,FFFFFF,0,Valencia St & Cesar Chavez St@@@98,Valencia St & Cesar Chavez St@@@42,,06:27:08,22:30:52,20.1,,20.1,,0,0,0,0,0,1,1
14973,Harrison St & 9th St,27,BRYANT,3,005B95,FFFFFF,0,24th St & Mission St@@@102,24th St & Mission St@@@42,,05:25:11,22:20:33,20.2,,20.2,,0,0,0,0,0,1,1
14976,Hawes St & Gilman Ave,29,SUNSET,3,005B95,FFFFFF,1,25th Ave & California St@@@22###Bowley St & Lincoln Blvd@@@142,Bowley St & Lincoln Blvd@@@70,,05:05:11,24:05:11,12.0,,12.0,,0,0,0,0,0,1,1
14979,Hayes St & Baker St,6,HAYES-PARNASSUS,3,005B95,FFFFFF,0,14th Ave & Quintara St@@@114,14th Ave & Quintara St@@@40,,05:25:18,24:11:18,20.42105263157895,,20.42105263157895,,0,0,0,0,0,1,1
14980,Hayes St & Baker St,6,HAYES-PARNASSUS,3,005B95,FFFFFF,1,Hyde St & Grove St@@@116,Hyde St & Grove St@@@40,,05:15:57,24:17:57,20.105263157894736,,20.105263157894736,,0,0,0,0,0,1,1
14983,Hayes St & Buchanan St,6,HAYES-PARNASSUS,3,005B95,FFFFFF,0,14th Ave & Quintara St@@@114,14th Ave & Quintara St@@@42,,05:20:41,24:06:07,20.3,,20.3,,0,0,0,0,0,1,1
14984,Hayes St & Buchanan St,6,HAYES-PARNASSUS,3,005B95,FFFFFF,1,Hyde St & Grove St@@@116,Hyde St & Grove St@@@42,,05:19:36,24:22:38,20.15,,20.15,,0,0,0,0,0,1,1
14985,Hayes St & Central Ave,6,HAYES-PARNASSUS,3,005B95,FFFFFF,0,14th Ave & Quintara St@@@114,14th Ave & Quintara St@@@40,,05:26:00,24:12:00,20.473684210526315,,20.473684210526315,,0,0,0,0,0,1,1
14991,Hayes St & Divisadero St,6,HAYES-PARNASSUS,3,005B95,FFFFFF,0,14th Ave & Quintara St@@@114,14th Ave & Quintara St@@@42,,05:24:00,24:10:00,20.4,,20.4,,0,0,0,0,0,1,1
14992,Hayes St & Divisadero St,6,HAYES-PARNASSUS,3,005B95,FFFFFF,1,Hyde St & Grove St@@@116,Hyde St & Grove St@@@42,,05:17:00,24:19:00,20.1,,20.1,,0,0,0,0,0,1,1
14993,Hayes St & Fillmore St,6,HAYES-PARNASSUS,3,005B95,FFFFFF,0,14th Ave & Quintara St@@@114,14th Ave & Quintara St@@@42,,05:21:46,24:07:24,20.35,,20.35,,0,0,0,0,0,1,1
14994,Hayes St & Fillmore St,6,HAYES-PARNASSUS,3,005B95,FFFFFF,1,Hyde St & Grove St@@@116,Hyde St & Grove St@@@42,,05:18:46,24:21:29,20.15,,20.15,,0,0,0,0,0,1,1
14996,Hayes St & Gough St,6,HAYES-PARNASSUS,3,005B95,FFFFFF,0,14th Ave & Quintara St@@@114,14th Ave & Quintara St@@@42,,05:19:02,24:04:12,20.25,,20.25,,0,0,0,0,0,1,1
14997,Hayes St & Larkin St,6,HAYES-PARNASSUS,3,005B95,FFFFFF,0,14th Ave & Quintara St@@@114,14th Ave & Quintara St@@@42,,05:16:34,24:01:34,20.25,,20.25,,0,0,0,0,0,1,1
14998,Hayes St & Laguna St,6,HAYES-PARNASSUS,3,005B95,FFFFFF,0,14th Ave & Quintara St@@@114,14th Ave & Quintara St@@@42,,05:19:58,24:05:18,20.3,,20.3,,0,0,0,0,0,1,1
15000,Hayes St & Lyon St,6,HAYES-PARNASSUS,3,005B95,FFFFFF,1,Hyde St & Grove St@@@116,Hyde St & Grove St@@@40,,05:15:17,24:17:17,20.105263157894736,,20.105263157894736,,0,0,0,0,0,1,1
15001,Hayes St & Masonic Ave,6,HAYES-PARNASSUS,3,005B95,FFFFFF,0,14th Ave & Quintara St@@@114,14th Ave & Quintara St@@@40,,05:26:29,24:12:29,20.473684210526315,,20.473684210526315,,0,0,0,0,0,1,1
15002,Hayes St & Masonic Ave,6,HAYES-PARNASSUS,3,005B95,FFFFFF,1,Hyde St & Grove St@@@116,Hyde St & Grove St@@@42,,05:14:00,24:16:00,20.1,,20.1,,0,0,0,0,0,1,1
15003,Hayes St & Pierce St,6,HAYES-PARNASSUS,3,005B95,FFFFFF,0,14th Ave & Quintara St@@@114,14th Ave & Quintara St@@@42,,05:22:43,24:08:31,20.35,,20.35,,0,0,0,0,0,1,1
15004,Hayes St & Pierce St,6,HAYES-PARNASSUS,3,005B95,FFFFFF,1,Hyde St & Grove St@@@116,Hyde St & Grove St@@@42,,05:17:56,24:20:18,20.1,,20.1,,0,0,0,0,0,1,1
15011,Hayes St & Steiner St,6,HAYES-PARNASSUS,3,005B95,FFFFFF,0,14th Ave & Quintara St@@@114,14th Ave & Quintara St@@@42,,05:22:19,24:08:02,20.35,,20.35,,0,0,0,0,0,1,1
15012,Hayes St & Steiner St,6,HAYES-PARNASSUS,3,005B95,FFFFFF,1,Hyde St & Grove St@@@116,Hyde St & Grove St@@@42,,05:18:22,24:20:54,20.15,,20.15,,0,0,0,0,0,1,1
15013,Hayes St & Van Ness Ave,6,HAYES-PARNASSUS,3,005B95,FFFFFF,0,14th Ave & Quintara St@@@114,14th Ave & Quintara St@@@42,,05:18:00,24:03:00,20.25,,20.25,,0,0,0,0,0,1,1
15014,Hayes St & Webster St,6,HAYES-PARNASSUS,3,005B95,FFFFFF,0,14th Ave & Quintara St@@@114,14th Ave & Quintara St@@@42,,05:21:13,24:06:45,20.35,,20.35,,0,0,0,0,0,1,1
15015,Hayes St & Webster St,6,HAYES-PARNASSUS,3,005B95,FFFFFF,1,Hyde St & Grove St@@@116,Hyde St & Grove St@@@42,,05:19:11,24:22:03,20.1,,20.1,,0,0,0,0,0,1,1
15017,Hermann St & Fillmore St,22,FILLMORE,3,005B95,FFFFFF,1,Fillmore St & Bay St@@@260###Fillmore St & Sutter St@@@28,Fillmore St & Bay St@@@110,Fillmore St & Bay St@@@14###Fillmore St & Sutter St@@@6,05:23:46,30:30:46,7.7407407407407405,28.666666666666668,7.7407407407407405,28.666666666666668,0,0,0,0,0,1,1
15017,Hermann St & Fillmore St,NOWL,OWL JUDAH,3,666666,FFFFFF,0,Judah/La Playa/Ocean Beach@@@24,,Judah/La Playa/Ocean Beach@@@16,24:25:43,29:55:43,,30.0,,30.0,0,0,0,0,0,1,1
15018,Hermann St & Fillmore St,22,FILLMORE,3,005B95,FFFFFF,0,Mission Bay North & 4th St@@@288,Mission Bay North & 4th St@@@112,Mission Bay North & 4th St@@@16,04:34:10,29:44:10,7.472727272727273,30.0,7.472727272727273,30.0,0,0,0,0,0,1,1
15018,Hermann St & Fillmore St,NOWL,OWL JUDAH,3,666666,FFFFFF,1,Townsend St & 5th St/Caltrain@@@22,,Townsend St & 5th St/Caltrain@@@16,24:41:47,29:41:47,,30.0,,30.0,0,0,0,0,0,1,1
15020,Halleck St/Army Headquarters,43,MASONIC,3,005B95,FFFFFF,0,Munich St & Geneva Ave@@@112,Munich St & Geneva Ave@@@42,,05:08:15,23:59:15,20.15,,20.15,,0,0,0,0,0,1,1
15020,Halleck St/Army Headquarters,43,MASONIC,3,005B95,FFFFFF,1,Marina Blvd & Laguna St@@@112,Marina Blvd & Laguna St@@@40,,05:50:28,24:38:47,20.42105263157895,,20.42105263157895,,0,0,0,0,0,1,1
15029,Holyoke St & Wayland St,54,FELTON,3,005B95,FFFFFF,0,Daly City BART Stop A2@@@94,Daly City BART Stop A2@@@42,,06:04:42,22:16:34,20.1,,20.1,,0,0,0,0,0,1,1
15030,Holyoke St & Wayland St,54,FELTON,3,005B95,FFFFFF,1,Newhall St & Hudson@@@96,Newhall St & Hudson@@@42,,06:02:07,22:24:53,20.1,,20.1,,0,0,0,0,0,1,1
15031,Hoffman Ave & 22nd St,35,EUREKA,3,005B95,FFFFFF,1,Market St & Castro St@@@56,Market St & Castro St@@@28,,07:34:10,21:05:10,30.076923076923077,,30.076923076923077,,0,0,0,0,0,1,1
15032,Hoffman Ave & 23rd St,35,EUREKA,3,005B95,FFFFFF,1,Market St & Castro St@@@56,Market St & Castro St@@@28,,07:33:22,21:04:22,30.076923076923077,,30.076923076923077,,0,0,0,0,0,1,1
15034,Holloway Ave & Beverly St,29,SUNSET,3,005B95,FFFFFF,0,Fitzgerald Ave & Keith St@@@168,Fitzgerald Ave & Keith St@@@68,,05:25:03,24:24:03,12.424242424242424,,12.424242424242424,,0,0,0,0,0,1,1
15036,Holloway Ave & Junipero Serra Blvd,29,SUNSET,3,005B95,FFFFFF,1,25th Ave & California St@@@22###Bowley St & Lincoln Blvd@@@142,Bowley St & Lincoln Blvd@@@68,,05:29:15,24:29:15,12.0,,12.0,,0,0,0,0,0,1,1
15037,Holloway Ave & Junipero Serra Blvd,29,SUNSET,3,005B95,FFFFFF,0,Fitzgerald Ave & Keith St@@@168,Fitzgerald Ave & Keith St@@@68,,05:24:49,24:23:49,12.424242424242424,,12.424242424242424,,0,0,0,0,0,1,1
15038,Howth St & Geneva Ave,54,FELTON,3,005B95,FFFFFF,0,Daly City BART Stop A2@@@94,Daly City BART Stop A2@@@42,,06:20:04,22:32:04,20.2,,20.2,,0,0,0,0,0,1,1
15039,Howth St & Mt Vernon Ave,54,FELTON,3,005B95,FFFFFF,0,Daly City BART Stop A2@@@94,Daly City BART Stop A2@@@42,,06:20:54,22:32:54,20.2,,20.2,,0,0,0,0,0,1,1
15040,Howth St & Niagra Ave,54,FELTON,3,005B95,FFFFFF,0,Daly City BART Stop A2@@@94,Daly City BART Stop A2@@@42,,06:20:35,22:32:35,20.2,,20.2,,0,0,0,0,0,1,1
15041,Hudson Ave & 3rd St,44,O'SHAUGHNESSY,3,005B95,FFFFFF,1,Bosworth St & Diamond St@@@20###California St & 6th Ave@@@170,California St & 6th Ave@@@70,Bosworth St & Diamond St@@@14,05:00:00,29:10:00,12.0,31.666666666666668,12.0,31.666666666666668,0,0,0,0,0,1,1
15042,Hudson Ave & Ardath Ct,54,FELTON,3,005B95,FFFFFF,1,Newhall St & Hudson@@@96,Newhall St & Hudson@@@42,,06:18:49,22:43:54,20.2,,20.2,,0,0,0,0,0,1,1
15043,Hudson Ave & Cashmere St,15,BAYVIEW HUNTERS POINT EXPRESS,3,005B95,FFFFFF,0,Palou Ave & 3rd St@@@130,Palou Ave & 3rd St@@@66,,08:26:34,22:32:44,12.6875,,12.6875,,0,0,0,0,0,1,1
15043,Hudson Ave & Cashmere St,54,FELTON,3,005B95,FFFFFF,1,Newhall St & Hudson@@@96,Newhall St & Hudson@@@42,,06:18:25,22:43:23,20.25,,20.25,,0,0,0,0,0,1,1
15044,Hudson Ave & Ingalls St,15,BAYVIEW HUNTERS POINT EXPRESS,3,005B95,FFFFFF,1,Sutter St & Sansome St@@@130,Sutter St & Sansome St@@@66,,08:12:33,22:12:27,12.375,,12.375,,0,0,0,0,0,1,1
15044,Hudson Ave & Ingalls St,44,O'SHAUGHNESSY,3,005B95,FFFFFF,1,Bosworth St & Diamond St@@@20###California St & 6th Ave@@@170,California St & 6th Ave@@@70,Bosworth St & Diamond St@@@14,05:06:00,29:15:00,12.0,31.666666666666668,12.0,31.666666666666668,0,0,0,0,0,1,1
15045,Hudson Ave & Ingalls St,15,BAYVIEW HUNTERS POINT EXPRESS,3,005B95,FFFFFF,0,Palou Ave & 3rd St@@@130,Palou Ave & 3rd St@@@66,,08:28:00,22:34:00,12.6875,,12.6875,,0,0,0,0,0,1,1
15045,Hudson Ave & Ingalls St,44,O'SHAUGHNESSY,3,005B95,FFFFFF,0,Hudson Ave & 3rd St@@@186,Hudson Ave & 3rd St@@@68,Hudson Ave & 3rd St@@@16,06:36:00,29:53:00,12.212121212121213,31.857142857142858,12.212121212121213,31.857142857142858,0,0,0,0,0,1,1
15045,Hudson Ave & Ingalls St,54,FELTON,3,005B95,FFFFFF,1,Newhall St & Hudson@@@96,Newhall St & Hudson@@@42,,06:19:49,22:45:11,20.25,,20.25,,0,0,0,0,0,1,1
15046,Hudson Ave & Keith St,15,BAYVIEW HUNTERS POINT EXPRESS,3,005B95,FFFFFF,1,Sutter St & Sansome St@@@130,Sutter St & Sansome St@@@66,,08:14:46,22:14:16,12.375,,12.375,,0,0,0,0,0,1,1
15046,Hudson Ave & Keith St,54,FELTON,3,005B95,FFFFFF,1,Newhall St & Hudson@@@96,Newhall St & Hudson@@@42,,06:27:55,22:53:55,20.3,,20.3,,0,0,0,0,0,1,1
15047,Hudson Ave & Keith St,15,BAYVIEW HUNTERS POINT EXPRESS,3,005B95,FFFFFF,0,Palou Ave & 3rd St@@@130,Palou Ave & 3rd St@@@66,,08:26:05,22:32:17,12.65625,,12.65625,,0,0,0,0,0,1,1
15047,Hudson Ave & Keith St,54,FELTON,3,005B95,FFFFFF,1,Newhall St & Hudson@@@96,Newhall St & Hudson@@@42,,06:17:57,22:42:48,20.2,,20.2,,0,0,0,0,0,1,1
15048,Hudson Ave & Mendell St,15,BAYVIEW HUNTERS POINT EXPRESS,3,005B95,FFFFFF,1,Sutter St & Sansome St@@@130,Sutter St & Sansome St@@@66,,08:15:28,22:14:50,12.375,,12.375,,0,0,0,0,0,1,1
15048,Hudson Ave & Mendell St,54,FELTON,3,005B95,FFFFFF,1,Newhall St & Hudson@@@96,Newhall St & Hudson@@@40,,06:28:31,22:54:31,20.31578947368421,,20.31578947368421,,0,0,0,0,0,1,1
15049,Hudson Ave & Mendell St,15,BAYVIEW HUNTERS POINT EXPRESS,3,005B95,FFFFFF,0,Palou Ave & 3rd St@@@130,Palou Ave & 3rd St@@@66,,08:25:25,22:31:42,12.6875,,12.6875,,0,0,0,0,0,1,1
15049,Hudson Ave & Mendell St,54,FELTON,3,005B95,FFFFFF,1,Newhall St & Hudson@@@96,Newhall St & Hudson@@@42,,06:17:19,22:41:59,20.2,,20.2,,0,0,0,0,0,1,1
15050,Hudson Ave & Whitney Young Cir,15,BAYVIEW HUNTERS POINT EXPRESS,3,005B95,FFFFFF,1,Sutter St & Sansome St@@@130,Sutter St & Sansome St@@@66,,08:13:10,22:12:58,12.375,,12.375,,0,0,0,0,0,1,1
15050,Hudson Ave & Whitney Young Cir,44,O'SHAUGHNESSY,3,005B95,FFFFFF,1,Bosworth St & Diamond St@@@20###California St & 6th Ave@@@170,California St & 6th Ave@@@70,Bosworth St & Diamond St@@@14,05:06:33,29:15:44,12.0,31.666666666666668,12.0,31.666666666666668,0,0,0,0,0,1,1
15051,Hudson Ave & Whitney Young Cir,15,BAYVIEW HUNTERS POINT EXPRESS,3,005B95,FFFFFF,0,Palou Ave & 3rd St@@@130,Palou Ave & 3rd St@@@66,,08:27:22,22:33:27,12.6875,,12.6875,,0,0,0,0,0,1,1
15051,Hudson Ave & Whitney Young Cir,44,O'SHAUGHNESSY,3,005B95,FFFFFF,0,Hudson Ave & 3rd St@@@186,Hudson Ave & 3rd St@@@68,Hudson Ave & 3rd St@@@16,06:35:03,29:52:03,12.212121212121213,31.857142857142858,12.212121212121213,31.857142857142858,0,0,0,0,0,1,1
15051,Hudson Ave & Whitney Young Cir,54,FELTON,3,005B95,FFFFFF,1,Newhall St & Hudson@@@96,Newhall St & Hudson@@@42,,06:19:11,22:44:23,20.25,,20.25,,0,0,0,0,0,1,1
15059,Hyde St & Bay St,PH,POWELL-HYDE CABLE CAR,5,B49A36,000000,0,Hyde St & Beach St@@@216,Hyde St & Beach St@@@104,,06:46:06,23:17:02,8.07843137254902,,8.07843137254902,,0,0,0,0,0,1,1
15060,Hyde St & Bay St,PH,POWELL-HYDE CABLE CAR,5,B49A36,000000,1,Powell St & Market St@@@204###Washington St & Mason St@@@12,Powell St & Market St@@@98,,07:11:01,23:36:55,8.5,,8.5,,0,0,0,0,0,1,1
15061,Hyde St & Broadway,PH,POWELL-HYDE CABLE CAR,5,B49A36,000000,1,Powell St & Market St@@@204###Washington St & Mason St@@@12,Powell St & Market St@@@98,,07:15:28,23:40:55,8.5,,8.5,,0,0,0,0,0,1,1
15062,Hyde St & Broadway,PH,POWELL-HYDE CABLE CAR,5,B49A36,000000,0,Hyde St & Beach St@@@216,Hyde St & Beach St@@@104,,06:41:39,23:12:35,8.07843137254902,,8.07843137254902,,0,0,0,0,0,1,1
15063,Hyde St & Beach St,PH,POWELL-HYDE CABLE CAR,5,B49A36,000000,1,Powell St & Market St@@@204###Washington St & Mason St@@@12,Powell St & Market St@@@100,,07:10:00,23:36:00,8.46938775510204,,8.46938775510204,,0,0,0,0,0,1,1
15065,Hyde St & California St,27,BRYANT,3,005B95,FFFFFF,0,24th St & Mission St@@@102,24th St & Mission St@@@42,,05:13:27,22:04:37,20.0,,20.0,,0,0,0,0,0,1,1
15066,Hyde St & Chestnut St,PH,POWELL-HYDE CABLE CAR,5,B49A36,000000,0,Hyde St & Beach St@@@216,Hyde St & Beach St@@@104,,06:45:03,23:16:00,8.07843137254902,,8.07843137254902,,0,0,0,0,0,1,1
15067,Hyde St & Chestnut St,PH,POWELL-HYDE CABLE CAR,5,B49A36,000000,1,Powell St & Market St@@@204###Washington St & Mason St@@@12,Powell St & Market St@@@98,,07:12:01,23:37:49,8.5,,8.5,,0,0,0,0,0,1,1
15068,Hyde St & Clay St,27,BRYANT,3,005B95,FFFFFF,0,24th St & Mission St@@@102,24th St & Mission St@@@42,,05:12:43,22:03:38,19.95,,19.95,,0,0,0,0,0,1,1
15069,Hyde St & Filbert St,PH,POWELL-HYDE CABLE CAR,5,B49A36,000000,0,Hyde St & Beach St@@@216,Hyde St & Beach St@@@104,,06:43:39,23:14:35,8.07843137254902,,8.07843137254902,,0,0,0,0,0,1,1
15070,Hyde St & Filbert St,PH,POWELL-HYDE CABLE CAR,5,B49A36,000000,1,Powell St & Market St@@@204###Washington St & Mason St@@@12,Powell St & Market St@@@98,,07:13:28,23:39:07,8.5,,8.5,,0,0,0,0,0,1,1
15071,Hyde St & Grove St,19,POLK,3,005B95,FFFFFF,0,Galvez Ave & Hill Ave@@@102,Galvez Ave & Hill Ave@@@40,,05:18:45,22:18:55,20.105263157894736,,20.105263157894736,,0,0,0,0,0,1,1
15071,Hyde St & Grove St,27,BRYANT,3,005B95,FFFFFF,0,24th St & Mission St@@@102,24th St & Mission St@@@42,,05:21:22,22:16:03,20.1,,20.1,,0,0,0,0,0,1,1
15071,Hyde St & Grove St,6,HAYES-PARNASSUS,3,005B95,FFFFFF,0,14th Ave & Quintara St@@@114,14th Ave & Quintara St@@@42,,05:15:00,24:00:00,20.25,,20.25,,0,0,0,0,0,1,1
15072,Hyde St & Greenwich St,PH,POWELL-HYDE CABLE CAR,5,B49A36,000000,1,Powell St & Market St@@@204###Washington St & Mason St@@@12,Powell St & Market St@@@98,,07:13:02,23:38:44,8.5,,8.5,,0,0,0,0,0,1,1
15073,Hyde St & Greenwich St,PH,POWELL-HYDE CABLE CAR,5,B49A36,000000,0,Hyde St & Beach St@@@216,Hyde St & Beach St@@@104,,06:44:05,23:15:02,8.07843137254902,,8.07843137254902,,0,0,0,0,0,1,1
15074,Hyde St & Green St,PH,POWELL-HYDE CABLE CAR,5,B49A36,000000,0,Hyde St & Beach St@@@216,Hyde St & Beach St@@@104,,06:42:40,23:13:36,8.07843137254902,,8.07843137254902,,0,0,0,0,0,1,1
15075,Hyde St & Green St,PH,POWELL-HYDE CABLE CAR,5,B49A36,000000,1,Powell St & Market St@@@204###Washington St & Mason St@@@12,Powell St & Market St@@@98,,07:14:28,23:40:02,8.5,,8.5,,0,0,0,0,0,1,1
15076,Hyde St & Jackson St,PH,POWELL-HYDE CABLE CAR,5,B49A36,000000,1,Powell St & Market St@@@204###Washington St & Mason St@@@12,Powell St & Market St@@@98,,07:16:31,23:41:52,8.5,,8.5,,0,0,0,0,0,1,1
15077,Hyde St & Lombard St,PH,POWELL-HYDE CABLE CAR,5,B49A36,000000,0,Hyde St & Beach St@@@216,Hyde St & Beach St@@@104,,06:44:35,23:15:31,8.07843137254902,,8.07843137254902,,0,0,0,0,0,1,1
15078,Hyde St & Lombard St,PH,POWELL-HYDE CABLE CAR,5,B49A36,000000,1,Powell St & Market St@@@204###Washington St & Mason St@@@12,Powell St & Market St@@@98,,07:12:35,23:38:19,8.5,,8.5,,0,0,0,0,0,1,1
15079,Hyde St & Mcallister St,19,POLK,3,005B95,FFFFFF,0,Galvez Ave & Hill Ave@@@102,Galvez Ave & Hill Ave@@@40,,05:18:09,22:17:55,20.105263157894736,,20.105263157894736,,0,0,0,0,0,1,1
15080,Hyde St & North Point St,PH,POWELL-HYDE CABLE CAR,5,B49A36,000000,0,Hyde St & Beach St@@@216,Hyde St & Beach St@@@102,,06:46:32,23:17:28,8.12,,8.12,,0,0,0,0,0,1,1
15081,Hyde St & North Point St,PH,POWELL-HYDE CABLE CAR,5,B49A36,000000,1,Powell St & Market St@@@204###Washington St & Mason St@@@12,Powell St & Market St@@@98,,07:10:30,23:36:27,8.5,,8.5,,0,0,0,0,0,1,1
15082,Hyde St & Pacific Ave,PH,POWELL-HYDE CABLE CAR,5,B49A36,000000,0,Hyde St & Beach St@@@216,Hyde St & Beach St@@@104,,06:41:09,23:12:05,8.058823529411764,,8.058823529411764,,0,0,0,0,0,1,1
15083,Hyde St & Pacific Ave,PH,POWELL-HYDE CABLE CAR,5,B49A36,000000,1,Powell St & Market St@@@204###Washington St & Mason St@@@12,Powell St & Market St@@@98,,07:16:05,23:41:29,8.5,,8.5,,0,0,0,0,0,1,1
15084,Hyde St & Pine St,27,BRYANT,3,005B95,FFFFFF,0,24th St & Mission St@@@102,24th St & Mission St@@@42,,05:13:51,22:05:08,20.05,,20.05,,0,0,0,0,0,1,1
15087,Hyde St & Turk St,19,POLK,3,005B95,FFFFFF,0,Galvez Ave & Hill Ave@@@102,Galvez Ave & Hill Ave@@@42,,05:17:22,22:16:37,20.05,,20.05,,0,0,0,0,0,1,1
15088,Hyde St & Union St,PH,POWELL-HYDE CABLE CAR,5,B49A36,000000,0,Hyde St & Beach St@@@216,Hyde St & Beach St@@@104,,06:43:09,23:14:06,8.07843137254902,,8.07843137254902,,0,0,0,0,0,1,1
15089,Hyde St & Union St,PH,POWELL-HYDE CABLE CAR,5,B49A36,000000,1,Powell St & Market St@@@204###Washington St & Mason St@@@12,Powell St & Market St@@@98,,07:14:01,23:39:37,8.5,,8.5,,0,0,0,0,0,1,1
15090,Hyde St & Vallejo St,PH,POWELL-HYDE CABLE CAR,5,B49A36,000000,0,Hyde St & Beach St@@@216,Hyde St & Beach St@@@104,,06:42:13,23:13:09,8.07843137254902,,8.07843137254902,,0,0,0,0,0,1,1
15091,Hyde St & Vallejo St,PH,POWELL-HYDE CABLE CAR,5,B49A36,000000,1,Powell St & Market St@@@204###Washington St & Mason St@@@12,Powell St & Market St@@@98,,07:14:59,23:40:29,8.5,,8.5,,0,0,0,0,0,1,1
15092,Industrial St & Bay Shore Blvd,24,DIVISADERO,3,005B95,FFFFFF,1,Divisadero St & Sutter St@@@8###Fillmore St & Jackson St@@@16###Jackson St & Webster St@@@158,Jackson St & Webster St@@@70,,05:13:16,24:31:22,12.088235294117647,,12.088235294117647,,0,0,0,0,0,1,1
15093,Industrial St & Bay Shore Blvd,24,DIVISADERO,3,005B95,FFFFFF,0,3rd St & Palou Ave@@@182,3rd St & Palou Ave@@@68,,04:41:32,24:20:32,12.212121212121213,,12.212121212121213,,0,0,0,0,0,1,1
15094,Industrial St & Elmira St,24,DIVISADERO,3,005B95,FFFFFF,0,3rd St & Palou Ave@@@182,3rd St & Palou Ave@@@68,,04:42:20,24:21:20,12.212121212121213,,12.212121212121213,,0,0,0,0,0,1,1
15095,Industrial St & Palou Ave,24,DIVISADERO,3,005B95,FFFFFF,0,3rd St & Palou Ave@@@182,3rd St & Palou Ave@@@68,,04:43:03,24:22:03,12.212121212121213,,12.212121212121213,,0,0,0,0,0,1,1
15096,Industrial St & Revere Ave,24,DIVISADERO,3,005B95,FFFFFF,1,Divisadero St & Sutter St@@@8###Fillmore St & Jackson St@@@16###Jackson St & Webster St@@@158,Jackson St & Webster St@@@70,,05:12:11,24:30:26,12.088235294117647,,12.088235294117647,,0,0,0,0,0,1,1
15097,Innes Ave & Earl St,19,POLK,3,005B95,FFFFFF,1,Beach St & Polk St@@@102,Beach St & Polk St@@@42,,05:11:30,22:01:17,20.0,,20.0,,0,0,0,0,0,1,1
15098,Innes Ave & Earl St,19,POLK,3,005B95,FFFFFF,0,Galvez Ave & Hill Ave@@@102,Galvez Ave & Hill Ave@@@42,,05:42:29,22:44:42,20.35,,20.35,,0,0,0,0,0,1,1
15099,Innes Ave & Arelious Walker Dr,19,POLK,3,005B95,FFFFFF,1,Beach St & Polk St@@@102,Beach St & Polk St@@@42,,05:12:01,22:01:44,20.0,,20.0,,0,0,0,0,0,1,1
15100,Innes Ave & Fitch St,19,POLK,3,005B95,FFFFFF,0,Galvez Ave & Hill Ave@@@102,Galvez Ave & Hill Ave@@@42,,05:41:58,22:44:15,20.35,,20.35,,0,0,0,0,0,1,1
15101,Innes Ave & Griffith St,19,POLK,3,005B95,FFFFFF,1,Beach St & Polk St@@@102,Beach St & Polk St@@@42,,05:12:32,22:02:10,20.0,,20.0,,0,0,0,0,0,1,1
15102,Innes Ave & Griffith St,19,POLK,3,005B95,FFFFFF,0,Galvez Ave & Hill Ave@@@102,Galvez Ave & Hill Ave@@@42,,05:41:27,22:43:48,20.35,,20.35,,0,0,0,0,0,1,1
15103,Innes Ave & Hunters Point Blvd,19,POLK,3,005B95,FFFFFF,1,Beach St & Polk St@@@102,Beach St & Polk St@@@42,,05:12:59,22:02:33,20.0,,20.0,,0,0,0,0,0,1,1
15104,Innes Ave & Hunters Point Blvd,19,POLK,3,005B95,FFFFFF,0,Galvez Ave & Hill Ave@@@102,Galvez Ave & Hill Ave@@@42,,05:41:05,22:43:30,20.35,,20.35,,0,0,0,0,0,1,1
15106,Ingalls St & Beatrice Ln,54,FELTON,3,005B95,FFFFFF,1,Newhall St & Hudson@@@96,Newhall St & Hudson@@@42,,06:23:57,22:49:57,20.3,,20.3,,0,0,0,0,0,1,1
15107,Ingalls St & Harbor Rd,44,O'SHAUGHNESSY,3,005B95,FFFFFF,1,Bosworth St & Diamond St@@@20###California St & 6th Ave@@@170,California St & 6th Ave@@@70,Bosworth St & Diamond St@@@14,05:05:21,29:14:27,12.0,31.666666666666668,12.0,31.666666666666668,0,0,0,0,0,1,1
15108,Ingalls St & Harbor Rd,44,O'SHAUGHNESSY,3,005B95,FFFFFF,0,Hudson Ave & 3rd St@@@186,Hudson Ave & 3rd St@@@68,Hudson Ave & 3rd St@@@16,06:36:18,29:53:14,12.212121212121213,31.857142857142858,12.212121212121213,31.857142857142858,0,0,0,0,0,1,1
15110,Ingalls St & Revere Ave,54,FELTON,3,005B95,FFFFFF,1,Newhall St & Hudson@@@96,Newhall St & Hudson@@@40,,06:12:01,22:36:01,20.157894736842106,,20.157894736842106,,0,0,0,0,0,1,1
15111,Ingalls St & Thomas Ave,54,FELTON,3,005B95,FFFFFF,0,Daly City BART Stop A2@@@94,Daly City BART Stop A2@@@42,,05:55:34,22:06:16,20.0,,20.0,,0,0,0,0,0,1,1
15112,Ingalls St & Thomas Ave,54,FELTON,3,005B95,FFFFFF,1,Newhall St & Hudson@@@96,Newhall St & Hudson@@@40,,06:11:29,22:35:29,20.157894736842106,,20.157894736842106,,0,0,0,0,0,1,1
15113,Ingalls St & Van Dyke Ave,54,FELTON,3,005B95,FFFFFF,1,Newhall St & Hudson@@@96,Newhall St & Hudson@@@40,,06:11:02,22:35:02,20.157894736842106,,20.157894736842106,,0,0,0,0,0,1,1
15114,Ingalls St & Van Dyke Ave,54,FELTON,3,005B95,FFFFFF,0,Daly City BART Stop A2@@@94,Daly City BART Stop A2@@@42,,05:56:06,22:06:52,20.0,,20.0,,0,0,0,0,0,1,1
15115,Ingerson Ave & Griffith St,29,SUNSET,3,005B95,FFFFFF,1,25th Ave & California St@@@22###Bowley St & Lincoln Blvd@@@142,Bowley St & Lincoln Blvd@@@70,,05:04:03,24:04:03,12.0,,12.0,,0,0,0,0,0,1,1
15116,Ingerson Ave & Hawes St,29,SUNSET,3,005B95,FFFFFF,1,25th Ave & California St@@@22###Bowley St & Lincoln Blvd@@@142,Bowley St & Lincoln Blvd@@@70,,05:04:39,24:04:39,12.0,,12.0,,0,0,0,0,0,1,1
15118,Irving St & 2nd Ave,N,JUDAH,0,005B95,FFFFFF,0,Judah/La Playa/Ocean Beach@@@162,Judah/La Playa/Ocean Beach@@@70,,06:55:03,24:08:57,12.029411764705882,,12.029411764705882,,0,0,0,0,0,1,1
15118,Irving St & 2nd Ave,NBUS,JUDAH BUS,3,005B95,FFFFFF,0,Judah/La Playa/Ocean Beach@@@18,,,05:50:55,08:06:55,,,,,0,0,0,0,0,1,1
15118,Irving St & 2nd Ave,NOWL,OWL JUDAH,3,666666,FFFFFF,0,Judah/La Playa/Ocean Beach@@@24,,Judah/La Playa/Ocean Beach@@@18,24:35:42,30:05:42,,30.0,,30.0,0,0,0,0,0,1,1
15124,Irving St & Arguello Blvd,N,JUDAH,0,005B95,FFFFFF,1,Duboce Ave & Church St@@@8###King St & 4th St@@@154,King St & 4th St@@@68,,07:51:06,24:53:11,12.212121212121213,,12.212121212121213,,0,0,0,0,0,1,1
15124,Irving St & Arguello Blvd,NBUS,JUDAH BUS,3,005B95,FFFFFF,1,Townsend St & 5th St/Caltrain@@@20,,,05:20:27,24:10:27,,,,,0,0,0,0,0,1,1
15124,Irving St & Arguello Blvd,NOWL,OWL JUDAH,3,666666,FFFFFF,1,Townsend St & 5th St/Caltrain@@@22,,Townsend St & 5th St/Caltrain@@@16,24:32:31,29:32:31,,30.0,,30.0,0,0,0,0,0,1,1
15125,515 John Muir Dr,58,LAKE MERCED,3,005B95,FFFFFF,1,Buckingham Ave & 19th Ave@@@66,Buckingham Ave & 19th Ave@@@28,,06:20:37,22:20:37,30.0,,30.0,,0,0,0,0,0,1,1
15126,515 John Muir Dr,58,LAKE MERCED,3,005B95,FFFFFF,0,Mission St & Flournoy@@@66,Mission St & Flournoy@@@28,,06:15:40,22:15:40,30.0,,30.0,,0,0,0,0,0,1,1
15129,655 John Muir Ave,58,LAKE MERCED,3,005B95,FFFFFF,1,Buckingham Ave & 19th Ave@@@66,Buckingham Ave & 19th Ave@@@28,,06:21:13,22:21:13,30.0,,30.0,,0,0,0,0,0,1,1
15130,655 John Muir Ave,58,LAKE MERCED,3,005B95,FFFFFF,0,Mission St & Flournoy@@@66,Mission St & Flournoy@@@28,,06:15:05,22:15:05,30.0,,30.0,,0,0,0,0,0,1,1
15131,John Muir Dr & Skyline Blvd,58,LAKE MERCED,3,005B95,FFFFFF,1,Buckingham Ave & 19th Ave@@@66,Buckingham Ave & 19th Ave@@@28,,06:22:00,22:22:00,30.0,,30.0,,0,0,0,0,0,1,1
15132,John Muir Dr & Skyline Blvd,58,LAKE MERCED,3,005B95,FFFFFF,0,Mission St & Flournoy@@@66,Mission St & Flournoy@@@28,,06:14:17,22:14:17,30.0,,30.0,,0,0,0,0,0,1,1
15134,Junipero Serra Blvd & Brotherhood Way,28,19TH AVENUE,3,005B95,FFFFFF,1,19th Avenue & Holloway/Sf State@@@2###Powell St & Beach St@@@170,Powell St & Beach St@@@70,,05:04:15,24:32:15,12.029411764705882,,12.029411764705882,,0,0,0,0,0,1,1
15135,Junipero Serra Blvd / S.F. Golf Club,28,19TH AVENUE,3,005B95,FFFFFF,0,Daly City BART Stop D4@@@168,Daly City BART Stop D4@@@66,,05:41:08,24:44:08,12.65625,,12.65625,,0,0,0,0,0,1,1
15136,Junipero Serra Blvd & Font Blvd,28,19TH AVENUE,3,005B95,FFFFFF,0,Daly City BART Stop D4@@@168,Daly City BART Stop D4@@@66,,05:40:22,24:43:22,12.65625,,12.65625,,0,0,0,0,0,1,1
15138,Junipero Serra Blvd & Ocean Ave,57,PARKMERCED,3,005B95,FFFFFF,1,Ulloa St & West Portal Ave@@@92,Ulloa St & West Portal Ave@@@34,,05:20:00,22:22:00,25.125,,25.125,,0,0,0,0,0,1,1
15138,Junipero Serra Blvd & Ocean Ave,91,3RD-19TH AVE OWL,3,666666,FFFFFF,0,Ulloa St & West Portal Ave@@@26,,Ulloa St & West Portal Ave@@@20,24:40:05,30:40:05,,30.0,,30.0,0,0,0,0,0,1,1
15138,Junipero Serra Blvd & Ocean Ave,KBUS,INGLESIDE BUS,3,437C93,FFFFFF,1,Steuart St & Mission St@@@24,,,05:11:23,24:11:23,,,,,0,0,0,0,0,1,1
15139,Junipero Serra Blvd & Ocean Ave,57,PARKMERCED,3,005B95,FFFFFF,0,Daly City BART Stop B3@@@92,Daly City BART Stop B3@@@34,,05:04:00,22:04:00,25.0625,,25.0625,,0,0,0,0,0,1,1
15140,Junipero Serra Blvd & Palmetto Av,28,19TH AVENUE,3,005B95,FFFFFF,1,19th Avenue & Holloway/Sf State@@@2###Powell St & Beach St@@@170,Powell St & Beach St@@@70,,05:03:41,24:31:41,12.0,,12.0,,0,0,0,0,0,1,1
15141,Junipero Serra Blvd & Sloat Blvd,57,PARKMERCED,3,005B95,FFFFFF,0,Daly City BART Stop B3@@@92,Daly City BART Stop B3@@@34,,05:03:07,22:03:07,25.0625,,25.0625,,0,0,0,0,0,1,1
15141,Junipero Serra Blvd & Sloat Blvd,KBUS,INGLESIDE BUS,3,437C93,FFFFFF,0,San Jose Ave & Geneva Ave@@@24,,,05:40:11,08:25:11,,,,,0,0,0,0,0,1,1
15145,Jackson St & Divisadero St,24,DIVISADERO,3,005B95,FFFFFF,0,3rd St & Palou Ave@@@182###Cortland Ave & Bayshore Blvd@@@4,3rd St & Palou Ave@@@70,,04:13:23,24:23:23,12.029411764705882,,12.029411764705882,,0,0,0,0,0,1,1
15147,Jackson St & Fillmore St,24,DIVISADERO,3,005B95,FFFFFF,0,3rd St & Palou Ave@@@182###Cortland Ave & Bayshore Blvd@@@4,3rd St & Palou Ave@@@70,,04:11:29,24:21:29,12.0,,12.0,,0,0,0,0,0,1,1
15150,Jackson St & Hyde St,PH,POWELL-HYDE CABLE CAR,5,B49A36,000000,0,Hyde St & Beach St@@@216,Hyde St & Beach St@@@104,,06:40:41,23:11:37,8.07843137254902,,8.07843137254902,,0,0,0,0,0,1,1
15151,Jackson St & Hyde St,27,BRYANT,3,005B95,FFFFFF,1,Jackson St & Van Ness Ave@@@104,Jackson St & Van Ness Ave@@@42,,05:30:11,22:37:11,20.15,,20.15,,0,0,0,0,0,1,1
15152,Jackson St & Jones St,PH,POWELL-HYDE CABLE CAR,5,B49A36,000000,0,Hyde St & Beach St@@@216,Hyde St & Beach St@@@106,,06:39:22,23:10:18,8.038461538461538,,8.038461538461538,,0,0,0,0,0,1,1
15154,Jackson St & Leavenworth St,PH,POWELL-HYDE CABLE CAR,5,B49A36,000000,0,Hyde St & Beach St@@@216,Hyde St & Beach St@@@106,,06:40:00,23:10:56,8.057692307692308,,8.057692307692308,,0,0,0,0,0,1,1
15156,Jackson St & Mason St  / Cable Car Museum,PH,POWELL-HYDE CABLE CAR,5,B49A36,000000,0,Hyde St & Beach St@@@216###Jackson St & Mason St  / Cable Car Museum@@@10,Hyde St & Beach St@@@104,,06:38:00,23:40:00,7.901960784313726,,7.901960784313726,,0,0,0,0,0,1,1
15158,Jackson St & Polk St,27,BRYANT,3,005B95,FFFFFF,1,Jackson St & Van Ness Ave@@@104,Jackson St & Van Ness Ave@@@40,,05:31:26,22:38:26,20.157894736842106,,20.157894736842106,,0,0,0,0,0,1,1
15160,Jackson St & Scott St,24,DIVISADERO,3,005B95,FFFFFF,0,3rd St & Palou Ave@@@182###Cortland Ave & Bayshore Blvd@@@4,3rd St & Palou Ave@@@70,,04:12:53,24:22:53,12.0,,12.0,,0,0,0,0,0,1,1
15161,Jackson St & Scott St,24,DIVISADERO,3,005B95,FFFFFF,1,Fillmore St & Jackson St@@@16###Jackson St & Webster St@@@158,Jackson St & Webster St@@@68,,05:44:09,24:16:17,12.242424242424242,,12.242424242424242,,0,0,0,0,0,1,1
15162,Jackson St & Steiner St,24,DIVISADERO,3,005B95,FFFFFF,0,3rd St & Palou Ave@@@182###Cortland Ave & Bayshore Blvd@@@4,3rd St & Palou Ave@@@70,,04:11:55,24:21:55,12.0,,12.0,,0,0,0,0,0,1,1
15163,Jackson St & Steiner St,24,DIVISADERO,3,005B95,FFFFFF,1,Fillmore St & Jackson St@@@16###Jackson St & Webster St@@@158,Jackson St & Webster St@@@68,,05:45:15,24:17:25,12.242424242424242,,12.242424242424242,,0,0,0,0,0,1,1
15164,Jackson St & Taylor St,PH,POWELL-HYDE CABLE CAR,5,B49A36,000000,0,Hyde St & Beach St@@@216,Hyde St & Beach St@@@104,,06:38:41,23:09:37,7.901960784313726,,7.901960784313726,,0,0,0,0,0,1,1
15165,Jackson St & Van Ness Ave,12,FOLSOM-PACIFIC,3,005B95,FFFFFF,0,Main St & Howard St@@@54###Valencia St & Cesar Chavez St@@@98,Main St & Howard St@@@42###Valencia St & Cesar Chavez St@@@44,,06:00:00,22:00:00,10.0,,10.0,,0,0,0,0,0,1,1
15167,Jackson St & Webster St,24,DIVISADERO,3,005B95,FFFFFF,0,3rd St & Palou Ave@@@182###Cortland Ave & Bayshore Blvd@@@4,3rd St & Palou Ave@@@70,,04:11:00,24:21:00,12.0,,12.0,,0,0,0,0,0,1,1
15170,Juan Bautista Cir & Font Blvd,57,PARKMERCED,3,005B95,FFFFFF,1,Ulloa St & West Portal Ave@@@92,Ulloa St & West Portal Ave@@@34,,05:10:02,22:10:54,25.25,,25.25,,0,0,0,0,0,1,1
15171,Judson Ave & Gennessee St / City College,43,MASONIC,3,005B95,FFFFFF,0,Munich St & Geneva Ave@@@112,Munich St & Geneva Ave@@@40,,05:43:02,24:36:02,20.736842105263158,,20.736842105263158,,0,0,0,0,0,1,1
15172,Judson Ave & Gennessee St / City College,43,MASONIC,3,005B95,FFFFFF,1,Marina Blvd & Laguna St@@@112,Marina Blvd & Laguna St@@@42,,05:13:34,24:03:34,19.95,,19.95,,0,0,0,0,0,1,1
15173,Jefferson St & Divisadero St,30,STOCKTON,3,005B95,FFFFFF,0,Divisadero St & Chestnut St@@@36,,,05:36:24,24:28:40,,,,,0,0,0,0,0,1,1
15174,Jefferson St & Powell St,F,MARKET & WHARVES,0,B49A36,000000,1,Jones St & Beach St@@@142,Jones St & Beach St@@@68,,06:35:41,22:34:41,12.333333333333334,,12.333333333333334,,0,0,0,0,0,1,1
15174,Jefferson St & Powell St,FBUS,MARKET & WHARVES BUS,3,B49A36,000000,1,Jones St & Beach St@@@10,,,22:53:09,24:33:09,,,,,0,0,0,0,0,1,1
15174,Jefferson St & Powell St,LOWL,OWL TARAVAL,3,666666,FFFFFF,1,Jones St & Beach St@@@30,,Jones St & Beach St@@@24,24:48:31,30:38:31,,25.0,,25.0,0,0,0,0,0,1,1
15175,Jefferson St & Taylor St,F,MARKET & WHARVES,0,B49A36,000000,1,Jones St & Beach St@@@142,Jones St & Beach St@@@68,,06:36:53,22:35:53,12.333333333333334,,12.333333333333334,,0,0,0,0,0,1,1
15175,Jefferson St & Taylor St,FBUS,MARKET & WHARVES BUS,3,B49A36,000000,1,Jones St & Beach St@@@10,,,22:53:50,24:33:50,,,,,0,0,0,0,0,1,1
15175,Jefferson St & Taylor St,LOWL,OWL TARAVAL,3,666666,FFFFFF,1,Jones St & Beach St@@@30,,Jones St & Beach St@@@24,24:49:05,30:39:05,,25.0,,25.0,0,0,0,0,0,1,1
15184,Jones St & Beach St,F,MARKET & WHARVES,0,B49A36,000000,0,17th St & Castro St@@@114###17th St & Noe St@@@28,17th St & Castro St@@@66###17th St & Noe St@@@4,,07:00:00,23:02:00,12.352941176470589,,12.352941176470589,,0,0,0,0,0,1,1
15184,Jones St & Beach St,FBUS,MARKET & WHARVES BUS,3,B49A36,000000,0,17th St & Castro St@@@2,,,23:25:00,23:25:00,,,,,0,0,0,0,0,1,1
15184,Jones St & Beach St,LOWL,OWL TARAVAL,3,666666,FFFFFF,0,The Embarcadero & Ferry Building@@@8###Wawona/46th Ave /Sf Zoo@@@28,,The Embarcadero & Ferry Building@@@8###Wawona/46th Ave /Sf Zoo@@@16,23:40:00,30:45:00,,25.0,,25.0,0,0,0,0,0,1,1
15185,Jones St & Geary St,27,BRYANT,3,005B95,FFFFFF,0,24th St & Mission St@@@102,24th St & Mission St@@@42,,05:16:51,22:09:17,20.05,,20.05,,0,0,0,0,0,1,1
15186,Jones St & Post St,27,BRYANT,3,005B95,FFFFFF,0,24th St & Mission St@@@102,24th St & Mission St@@@42,,05:16:24,22:08:37,20.05,,20.05,,0,0,0,0,0,1,1
15187,Jones St & Sutter St,27,BRYANT,3,005B95,FFFFFF,0,24th St & Mission St@@@102,24th St & Mission St@@@42,,05:16:00,22:08:00,20.05,,20.05,,0,0,0,0,0,1,1
15189,Judah St & 5th Ave,43,MASONIC,3,005B95,FFFFFF,1,Marina Blvd & Laguna St@@@112,Marina Blvd & Laguna St@@@42,,05:29:10,24:19:10,20.15,,20.15,,0,0,0,0,0,1,1
15189,Judah St & 5th Ave,6,HAYES-PARNASSUS,3,005B95,FFFFFF,1,Hyde St & Grove St@@@116,Hyde St & Grove St@@@42,,05:06:10,24:06:26,20.0,,20.0,,0,0,0,0,0,1,1
15190,Judah St & 6th Ave,43,MASONIC,3,005B95,FFFFFF,0,Munich St & Geneva Ave@@@112,Munich St & Geneva Ave@@@40,,05:28:49,24:20:40,20.57894736842105,,20.57894736842105,,0,0,0,0,0,1,1
15190,Judah St & 6th Ave,6,HAYES-PARNASSUS,3,005B95,FFFFFF,0,14th Ave & Quintara St@@@114,14th Ave & Quintara St@@@42,,05:35:03,24:21:03,20.55,,20.55,,0,0,0,0,0,1,1
15191,Judah St & 7th Ave,43,MASONIC,3,005B95,FFFFFF,0,Munich St & Geneva Ave@@@112,Munich St & Geneva Ave@@@40,,05:29:14,24:21:08,20.526315789473685,,20.526315789473685,,0,0,0,0,0,1,1
15191,Judah St & 7th Ave,6,HAYES-PARNASSUS,3,005B95,FFFFFF,0,14th Ave & Quintara St@@@114,14th Ave & Quintara St@@@42,,05:35:29,24:21:29,20.6,,20.6,,0,0,0,0,0,1,1
15192,Judah St & 7th Ave,43,MASONIC,3,005B95,FFFFFF,1,Marina Blvd & Laguna St@@@112,Marina Blvd & Laguna St@@@42,,05:28:35,24:18:35,20.15,,20.15,,0,0,0,0,0,1,1
15192,Judah St & 7th Ave,6,HAYES-PARNASSUS,3,005B95,FFFFFF,1,Hyde St & Grove St@@@116,Hyde St & Grove St@@@42,,05:05:35,24:05:43,20.0,,20.0,,0,0,0,0,0,1,1
15193,Judah St & 9th Ave,N,JUDAH,0,005B95,FFFFFF,0,Judah/La Playa/Ocean Beach@@@162,Judah/La Playa/Ocean Beach@@@70,,06:59:29,24:12:56,12.029411764705882,,12.029411764705882,,0,0,0,0,0,1,1
15193,Judah St & 9th Ave,NBUS,JUDAH BUS,3,005B95,FFFFFF,0,Judah/La Playa/Ocean Beach@@@18,,,05:53:26,08:09:26,,,,,0,0,0,0,0,1,1
15193,Judah St & 9th Ave,NOWL,OWL JUDAH,3,666666,FFFFFF,0,Judah/La Playa/Ocean Beach@@@24,,Judah/La Playa/Ocean Beach@@@18,24:38:23,30:08:23,,30.0,,30.0,0,0,0,0,0,1,1
15194,Judah St & 9th Ave,N,JUDAH,0,005B95,FFFFFF,1,Duboce Ave & Church St@@@8###King St & 4th St@@@154,King St & 4th St@@@68,,07:46:34,24:49:06,12.212121212121213,,12.212121212121213,,0,0,0,0,0,1,1
15194,Judah St & 9th Ave,NBUS,JUDAH BUS,3,005B95,FFFFFF,1,Townsend St & 5th St/Caltrain@@@20,,,05:17:44,24:07:44,,,,,0,0,0,0,0,1,1
15194,Judah St & 9th Ave,NOWL,OWL JUDAH,3,666666,FFFFFF,1,Townsend St & 5th St/Caltrain@@@22,,Townsend St & 5th St/Caltrain@@@14,24:29:46,29:29:46,,30.0,,30.0,0,0,0,0,0,1,1
15195,Judah St & 12th Ave,N,JUDAH,0,005B95,FFFFFF,0,Judah/La Playa/Ocean Beach@@@162,Judah/La Playa/Ocean Beach@@@70,,07:00:36,24:13:56,12.029411764705882,,12.029411764705882,,0,0,0,0,0,1,1
15195,Judah St & 12th Ave,NBUS,JUDAH BUS,3,005B95,FFFFFF,0,Judah/La Playa/Ocean Beach@@@18,,,05:54:04,08:10:04,,,,,0,0,0,0,0,1,1
15195,Judah St & 12th Ave,NOWL,OWL JUDAH,3,666666,FFFFFF,0,Judah/La Playa/Ocean Beach@@@24,,Judah/La Playa/Ocean Beach@@@18,24:39:04,30:09:04,,30.0,,30.0,0,0,0,0,0,1,1
15196,Judah St & 12th Ave,N,JUDAH,0,005B95,FFFFFF,1,Duboce Ave & Church St@@@8###King St & 4th St@@@154,King St & 4th St@@@70,,07:45:13,24:47:54,12.176470588235293,,12.176470588235293,,0,0,0,0,0,1,1
15196,Judah St & 12th Ave,NBUS,JUDAH BUS,3,005B95,FFFFFF,1,Townsend St & 5th St/Caltrain@@@20,,,05:16:56,24:06:56,,,,,0,0,0,0,0,1,1
15196,Judah St & 12th Ave,NOWL,OWL JUDAH,3,666666,FFFFFF,1,Townsend St & 5th St/Caltrain@@@22,,Townsend St & 5th St/Caltrain@@@14,24:28:57,29:28:57,,30.0,,30.0,0,0,0,0,0,1,1
15197,Judah St & 15th Ave,N,JUDAH,0,005B95,FFFFFF,1,Duboce Ave & Church St@@@8###King St & 4th St@@@154,King St & 4th St@@@70,,07:43:51,24:46:40,12.205882352941176,,12.205882352941176,,0,0,0,0,0,1,1
15197,Judah St & 15th Ave,NBUS,JUDAH BUS,3,005B95,FFFFFF,1,Townsend St & 5th St/Caltrain@@@20,,,05:16:06,24:06:06,,,,,0,0,0,0,0,1,1
15197,Judah St & 15th Ave,NOWL,OWL JUDAH,3,666666,FFFFFF,1,Townsend St & 5th St/Caltrain@@@22,,Townsend St & 5th St/Caltrain@@@14,24:28:07,29:28:07,,30.0,,30.0,0,0,0,0,0,1,1
15198,Judah St & 16th Ave,N,JUDAH,0,005B95,FFFFFF,0,Judah/La Playa/Ocean Beach@@@162,Judah/La Playa/Ocean Beach@@@68,,07:02:24,24:15:34,12.030303030303031,,12.030303030303031,,0,0,0,0,0,1,1
15198,Judah St & 16th Ave,NBUS,JUDAH BUS,3,005B95,FFFFFF,0,Judah/La Playa/Ocean Beach@@@18,,,05:55:06,08:11:06,,,,,0,0,0,0,0,1,1
15198,Judah St & 16th Ave,NOWL,OWL JUDAH,3,666666,FFFFFF,0,Judah/La Playa/Ocean Beach@@@24,,Judah/La Playa/Ocean Beach@@@18,24:40:09,30:10:09,,30.0,,30.0,0,0,0,0,0,1,1
15199,Judah St & 19th Ave,N,JUDAH,0,005B95,FFFFFF,0,Judah/La Playa/Ocean Beach@@@162,Judah/La Playa/Ocean Beach@@@70,,07:04:00,24:17:00,12.088235294117647,,12.088235294117647,,0,0,0,0,0,1,1
15199,Judah St & 19th Ave,NBUS,JUDAH BUS,3,005B95,FFFFFF,0,Judah/La Playa/Ocean Beach@@@18,,,05:56:00,08:12:00,,,,,0,0,0,0,0,1,1
15199,Judah St & 19th Ave,NOWL,OWL JUDAH,3,666666,FFFFFF,0,Judah/La Playa/Ocean Beach@@@24,,Judah/La Playa/Ocean Beach@@@18,24:41:00,30:11:00,,30.0,,30.0,0,0,0,0,0,1,1
15200,Judah St & 19th Ave,N,JUDAH,0,005B95,FFFFFF,1,Duboce Ave & Church St@@@8###King St & 4th St@@@154,King St & 4th St@@@70,,07:42:00,24:45:00,12.176470588235293,,12.176470588235293,,0,0,0,0,0,1,1
15200,Judah St & 19th Ave,NBUS,JUDAH BUS,3,005B95,FFFFFF,1,Townsend St & 5th St/Caltrain@@@20,,,05:15:00,24:05:00,,,,,0,0,0,0,0,1,1
15200,Judah St & 19th Ave,NOWL,OWL JUDAH,3,666666,FFFFFF,1,Townsend St & 5th St/Caltrain@@@22,,Townsend St & 5th St/Caltrain@@@14,24:27:00,29:27:00,,30.0,,30.0,0,0,0,0,0,1,1
15201,Judah St & 22nd Ave,N,JUDAH,0,005B95,FFFFFF,1,Duboce Ave & Church St@@@8###King St & 4th St@@@154,King St & 4th St@@@68,,07:41:05,24:44:13,12.212121212121213,,12.212121212121213,,0,0,0,0,0,1,1
15201,Judah St & 22nd Ave,NBUS,JUDAH BUS,3,005B95,FFFFFF,1,Townsend St & 5th St/Caltrain@@@20,,,05:14:29,24:04:29,,,,,0,0,0,0,0,1,1
15201,Judah St & 22nd Ave,NOWL,OWL JUDAH,3,666666,FFFFFF,1,Townsend St & 5th St/Caltrain@@@22,,Townsend St & 5th St/Caltrain@@@14,24:26:34,29:26:34,,30.0,,30.0,0,0,0,0,0,1,1
15202,Judah St & 23rd Ave,N,JUDAH,0,005B95,FFFFFF,0,Judah/La Playa/Ocean Beach@@@162,Judah/La Playa/Ocean Beach@@@70,,07:05:23,24:18:23,12.088235294117647,,12.088235294117647,,0,0,0,0,0,1,1
15202,Judah St & 23rd Ave,NBUS,JUDAH BUS,3,005B95,FFFFFF,0,Judah/La Playa/Ocean Beach@@@18,,,05:57:01,08:13:01,,,,,0,0,0,0,0,1,1
15202,Judah St & 23rd Ave,NOWL,OWL JUDAH,3,666666,FFFFFF,0,Judah/La Playa/Ocean Beach@@@24,,Judah/La Playa/Ocean Beach@@@18,24:41:54,30:11:54,,30.0,,30.0,0,0,0,0,0,1,1
15203,Judah St & 25th Ave,N,JUDAH,0,005B95,FFFFFF,0,Judah/La Playa/Ocean Beach@@@162,Judah/La Playa/Ocean Beach@@@70,,07:06:05,24:19:05,12.088235294117647,,12.088235294117647,,0,0,0,0,0,1,1
15203,Judah St & 25th Ave,NBUS,JUDAH BUS,3,005B95,FFFFFF,0,Judah/La Playa/Ocean Beach@@@18,,,05:57:33,08:13:33,,,,,0,0,0,0,0,1,1
15203,Judah St & 25th Ave,NOWL,OWL JUDAH,3,666666,FFFFFF,0,Judah/La Playa/Ocean Beach@@@24,,Judah/La Playa/Ocean Beach@@@18,24:42:21,30:12:21,,30.0,,30.0,0,0,0,0,0,1,1
15204,Judah St & 25th Ave,N,JUDAH,0,005B95,FFFFFF,1,Duboce Ave & Church St@@@8###King St & 4th St@@@154,King St & 4th St@@@68,,07:39:41,24:43:00,12.212121212121213,,12.212121212121213,,0,0,0,0,0,1,1
15204,Judah St & 25th Ave,NBUS,JUDAH BUS,3,005B95,FFFFFF,1,Townsend St & 5th St/Caltrain@@@20,,,05:13:40,24:03:40,,,,,0,0,0,0,0,1,1
15204,Judah St & 25th Ave,NOWL,OWL JUDAH,3,666666,FFFFFF,1,Townsend St & 5th St/Caltrain@@@22,,Townsend St & 5th St/Caltrain@@@14,24:25:44,29:25:44,,30.0,,30.0,0,0,0,0,0,1,1
15205,Judah St & 28th Ave,N,JUDAH,0,005B95,FFFFFF,0,Judah/La Playa/Ocean Beach@@@162,Judah/La Playa/Ocean Beach@@@70,,07:07:08,24:20:08,12.088235294117647,,12.088235294117647,,0,0,0,0,0,1,1
15205,Judah St & 28th Ave,NBUS,JUDAH BUS,3,005B95,FFFFFF,0,Judah/La Playa/Ocean Beach@@@18,,,05:58:19,08:14:19,,,,,0,0,0,0,0,1,1
15205,Judah St & 28th Ave,NOWL,OWL JUDAH,3,666666,FFFFFF,0,Judah/La Playa/Ocean Beach@@@24,,Judah/La Playa/Ocean Beach@@@18,24:43:02,30:13:02,,30.0,,30.0,0,0,0,0,0,1,1
15206,Judah St & 28th Ave,N,JUDAH,0,005B95,FFFFFF,1,Duboce Ave & Church St@@@8###King St & 4th St@@@154,King St & 4th St@@@68,,07:38:27,24:41:57,12.212121212121213,,12.212121212121213,,0,0,0,0,0,1,1
15206,Judah St & 28th Ave,NBUS,JUDAH BUS,3,005B95,FFFFFF,1,Townsend St & 5th St/Caltrain@@@20,,,05:12:58,24:02:58,,,,,0,0,0,0,0,1,1
15206,Judah St & 28th Ave,NOWL,OWL JUDAH,3,666666,FFFFFF,1,Townsend St & 5th St/Caltrain@@@22,,Townsend St & 5th St/Caltrain@@@14,24:25:01,29:25:01,,30.0,,30.0,0,0,0,0,0,1,1
15207,Judah St & 31st Ave,N,JUDAH,0,005B95,FFFFFF,0,Judah/La Playa/Ocean Beach@@@162,Judah/La Playa/Ocean Beach@@@70,,07:08:11,24:21:11,12.088235294117647,,12.088235294117647,,0,0,0,0,0,1,1
15207,Judah St & 31st Ave,NBUS,JUDAH BUS,3,005B95,FFFFFF,0,Judah/La Playa/Ocean Beach@@@18,,,05:59:06,08:15:06,,,,,0,0,0,0,0,1,1
15207,Judah St & 31st Ave,NOWL,OWL JUDAH,3,666666,FFFFFF,0,Judah/La Playa/Ocean Beach@@@24,,Judah/La Playa/Ocean Beach@@@18,24:43:43,30:13:43,,30.0,,30.0,0,0,0,0,0,1,1
15208,Judah St & 31st Ave,N,JUDAH,0,005B95,FFFFFF,1,Duboce Ave & Church St@@@8###King St & 4th St@@@154,King St & 4th St@@@68,,07:37:24,24:41:04,12.212121212121213,,12.212121212121213,,0,0,0,0,0,1,1
15208,Judah St & 31st Ave,NBUS,JUDAH BUS,3,005B95,FFFFFF,1,Townsend St & 5th St/Caltrain@@@20,,,05:12:22,24:02:22,,,,,0,0,0,0,0,1,1
15208,Judah St & 31st Ave,NOWL,OWL JUDAH,3,666666,FFFFFF,1,Townsend St & 5th St/Caltrain@@@22,,Townsend St & 5th St/Caltrain@@@14,24:24:24,29:24:24,,30.0,,30.0,0,0,0,0,0,1,1
15209,Judah St & 34th Ave,N,JUDAH,0,005B95,FFFFFF,0,Judah/La Playa/Ocean Beach@@@162,Judah/La Playa/Ocean Beach@@@70,,07:09:15,24:22:15,12.117647058823529,,12.117647058823529,,0,0,0,0,0,1,1
15209,Judah St & 34th Ave,NBUS,JUDAH BUS,3,005B95,FFFFFF,0,Judah/La Playa/Ocean Beach@@@18,,,05:59:53,08:15:53,,,,,0,0,0,0,0,1,1
15209,Judah St & 34th Ave,NOWL,OWL JUDAH,3,666666,FFFFFF,0,Judah/La Playa/Ocean Beach@@@24,,Judah/La Playa/Ocean Beach@@@18,24:44:24,30:14:24,,30.0,,30.0,0,0,0,0,0,1,1
15210,Judah St & 34th Ave,N,JUDAH,0,005B95,FFFFFF,1,Duboce Ave & Church St@@@8###King St & 4th St@@@154,King St & 4th St@@@68,,07:35:59,24:39:51,12.212121212121213,,12.212121212121213,,0,0,0,0,0,1,1
15210,Judah St & 34th Ave,NBUS,JUDAH BUS,3,005B95,FFFFFF,1,Townsend St & 5th St/Caltrain@@@20,,,05:11:34,24:01:34,,,,,0,0,0,0,0,1,1
15210,Judah St & 34th Ave,NOWL,OWL JUDAH,3,666666,FFFFFF,1,Townsend St & 5th St/Caltrain@@@22,,Townsend St & 5th St/Caltrain@@@14,24:23:34,29:23:34,,30.0,,30.0,0,0,0,0,0,1,1
15211,Judah St & 40th Ave,N,JUDAH,0,005B95,FFFFFF,0,Judah/La Playa/Ocean Beach@@@162,Judah/La Playa/Ocean Beach@@@70,,07:11:26,24:24:26,12.117647058823529,,12.117647058823529,,0,0,0,0,0,1,1
15211,Judah St & 40th Ave,NBUS,JUDAH BUS,3,005B95,FFFFFF,0,Judah/La Playa/Ocean Beach@@@18,,,06:01:27,08:17:27,,,,,0,0,0,0,0,1,1
15211,Judah St & 40th Ave,NOWL,OWL JUDAH,3,666666,FFFFFF,0,Judah/La Playa/Ocean Beach@@@24,,Judah/La Playa/Ocean Beach@@@18,24:45:46,30:15:46,,30.0,,30.0,0,0,0,0,0,1,1
15212,Judah St & 40th Ave,N,JUDAH,0,005B95,FFFFFF,1,Duboce Ave & Church St@@@8###King St & 4th St@@@154,King St & 4th St@@@70,,07:33:30,24:37:48,12.205882352941176,,12.205882352941176,,0,0,0,0,0,1,1
15212,Judah St & 40th Ave,NBUS,JUDAH BUS,3,005B95,FFFFFF,1,Townsend St & 5th St/Caltrain@@@20,,,05:10:05,24:00:05,,,,,0,0,0,0,0,1,1
15212,Judah St & 40th Ave,NOWL,OWL JUDAH,3,666666,FFFFFF,1,Townsend St & 5th St/Caltrain@@@22,,Townsend St & 5th St/Caltrain@@@14,24:22:13,29:22:13,,30.0,,30.0,0,0,0,0,0,1,1
15213,Judah St & 43rd Ave,N,JUDAH,0,005B95,FFFFFF,0,Judah/La Playa/Ocean Beach@@@162,Judah/La Playa/Ocean Beach@@@68,,07:12:41,24:25:41,12.121212121212121,,12.121212121212121,,0,0,0,0,0,1,1
15213,Judah St & 43rd Ave,NBUS,JUDAH BUS,3,005B95,FFFFFF,0,Judah/La Playa/Ocean Beach@@@18,,,06:02:14,08:18:14,,,,,0,0,0,0,0,1,1
15213,Judah St & 43rd Ave,NOWL,OWL JUDAH,3,666666,FFFFFF,0,Judah/La Playa/Ocean Beach@@@24,,Judah/La Playa/Ocean Beach@@@18,24:46:27,30:16:27,,30.0,,30.0,0,0,0,0,0,1,1
15214,Judah St & 43rd Ave,N,JUDAH,0,005B95,FFFFFF,1,Duboce Ave & Church St@@@8###King St & 4th St@@@154,King St & 4th St@@@70,,07:32:04,24:36:39,12.205882352941176,,12.205882352941176,,0,0,0,0,0,1,1
15214,Judah St & 43rd Ave,NBUS,JUDAH BUS,3,005B95,FFFFFF,1,Townsend St & 5th St/Caltrain@@@20,,,05:08:56,23:58:56,,,,,0,0,0,0,0,1,1
15214,Judah St & 43rd Ave,NOWL,OWL JUDAH,3,666666,FFFFFF,1,Townsend St & 5th St/Caltrain@@@22,,Townsend St & 5th St/Caltrain@@@14,24:21:24,29:21:24,,30.0,,30.0,0,0,0,0,0,1,1
15215,Judah St & 46th Ave,N,JUDAH,0,005B95,FFFFFF,0,Judah/La Playa/Ocean Beach@@@162,Judah/La Playa/Ocean Beach@@@68,,07:13:58,24:26:58,12.121212121212121,,12.121212121212121,,0,0,0,0,0,1,1
15215,Judah St & 46th Ave,NBUS,JUDAH BUS,3,005B95,FFFFFF,0,Judah/La Playa/Ocean Beach@@@18,,,06:03:01,08:19:01,,,,,0,0,0,0,0,1,1
15215,Judah St & 46th Ave,NOWL,OWL JUDAH,3,666666,FFFFFF,0,Judah/La Playa/Ocean Beach@@@24,,Judah/La Playa/Ocean Beach@@@18,24:47:08,30:17:08,,30.0,,30.0,0,0,0,0,0,1,1
15216,Judah St & 46th Ave,N,JUDAH,0,005B95,FFFFFF,1,Duboce Ave & Church St@@@8###King St & 4th St@@@154,King St & 4th St@@@68,,07:30:48,24:35:39,12.181818181818182,,12.181818181818182,,0,0,0,0,0,1,1
15216,Judah St & 46th Ave,NBUS,JUDAH BUS,3,005B95,FFFFFF,1,Townsend St & 5th St/Caltrain@@@20,,,05:07:56,23:57:56,,,,,0,0,0,0,0,1,1
15216,Judah St & 46th Ave,NOWL,OWL JUDAH,3,666666,FFFFFF,1,Townsend St & 5th St/Caltrain@@@22,,Townsend St & 5th St/Caltrain@@@14,24:20:40,29:20:40,,30.0,,30.0,0,0,0,0,0,1,1
15219,Judah St & Funston Ave,N,JUDAH,0,005B95,FFFFFF,0,Judah/La Playa/Ocean Beach@@@162,Judah/La Playa/Ocean Beach@@@70,,07:01:01,24:14:19,12.029411764705882,,12.029411764705882,,0,0,0,0,0,1,1
15219,Judah St & Funston Ave,NBUS,JUDAH BUS,3,005B95,FFFFFF,0,Judah/La Playa/Ocean Beach@@@18,,,05:54:19,08:10:19,,,,,0,0,0,0,0,1,1
15219,Judah St & Funston Ave,NOWL,OWL JUDAH,3,666666,FFFFFF,0,Judah/La Playa/Ocean Beach@@@24,,Judah/La Playa/Ocean Beach@@@18,24:39:19,30:09:19,,30.0,,30.0,0,0,0,0,0,1,1
15220,Judah St & Funston Ave,N,JUDAH,0,005B95,FFFFFF,1,Duboce Ave & Church St@@@8###King St & 4th St@@@154,King St & 4th St@@@70,,07:44:47,24:47:30,12.205882352941176,,12.205882352941176,,0,0,0,0,0,1,1
15220,Judah St & Funston Ave,NBUS,JUDAH BUS,3,005B95,FFFFFF,1,Townsend St & 5th St/Caltrain@@@20,,,05:16:40,24:06:40,,,,,0,0,0,0,0,1,1
15220,Judah St & Funston Ave,NOWL,OWL JUDAH,3,666666,FFFFFF,1,Townsend St & 5th St/Caltrain@@@22,,Townsend St & 5th St/Caltrain@@@14,24:28:41,29:28:41,,30.0,,30.0,0,0,0,0,0,1,1
15221,Judah/La Playa/Ocean Beach,NBUS,JUDAH BUS,3,005B95,FFFFFF,0,Judah/La Playa/Ocean Beach@@@18,,,06:03:48,08:19:48,,,,,0,0,0,0,0,1,1
15221,Judah/La Playa/Ocean Beach,NOWL,OWL JUDAH,3,666666,FFFFFF,0,Judah/La Playa/Ocean Beach@@@24,,Judah/La Playa/Ocean Beach@@@18,24:47:49,30:17:49,,30.0,,30.0,0,0,0,0,0,1,1
15223,Judah/La Playa/Ocean Beach,N,JUDAH,0,005B95,FFFFFF,1,Duboce Ave & Church St@@@8###King St & 4th St@@@154,King St & 4th St@@@68,,07:30:00,24:35:00,12.181818181818182,,12.181818181818182,,0,0,0,0,0,1,1
15223,Judah/La Playa/Ocean Beach,NBUS,JUDAH BUS,3,005B95,FFFFFF,1,Townsend St & 5th St/Caltrain@@@20,,,05:07:00,23:57:00,,,,,0,0,0,0,0,1,1
15223,Judah/La Playa/Ocean Beach,NOWL,OWL JUDAH,3,666666,FFFFFF,1,Townsend St & 5th St/Caltrain@@@22,,Townsend St & 5th St/Caltrain@@@14,24:20:00,29:20:00,,30.0,,30.0,0,0,0,0,0,1,1
15224,Judah St & Sunset Blvd,N,JUDAH,0,005B95,FFFFFF,0,Judah/La Playa/Ocean Beach@@@162,Judah/La Playa/Ocean Beach@@@70,,07:10:00,24:23:00,12.117647058823529,,12.117647058823529,,0,0,0,0,0,1,1
15224,Judah St & Sunset Blvd,NBUS,JUDAH BUS,3,005B95,FFFFFF,0,Judah/La Playa/Ocean Beach@@@18,,,06:00:33,08:16:33,,,,,0,0,0,0,0,1,1
15224,Judah St & Sunset Blvd,NOWL,OWL JUDAH,3,666666,FFFFFF,0,Judah/La Playa/Ocean Beach@@@24,,Judah/La Playa/Ocean Beach@@@18,24:44:59,30:14:59,,30.0,,30.0,0,0,0,0,0,1,1
15225,Judah St & Sunset Blvd,N,JUDAH,0,005B95,FFFFFF,1,Duboce Ave & Church St@@@8###King St & 4th St@@@154,King St & 4th St@@@70,,07:35:00,24:39:00,12.205882352941176,,12.205882352941176,,0,0,0,0,0,1,1
15225,Judah St & Sunset Blvd,NBUS,JUDAH BUS,3,005B95,FFFFFF,1,Townsend St & 5th St/Caltrain@@@20,,,05:11:00,24:01:00,,,,,0,0,0,0,0,1,1
15225,Judah St & Sunset Blvd,NOWL,OWL JUDAH,3,666666,FFFFFF,1,Townsend St & 5th St/Caltrain@@@22,,Townsend St & 5th St/Caltrain@@@14,24:22:59,29:22:59,,30.0,,30.0,0,0,0,0,0,1,1
15227,Kansas St & 23rd St,19,POLK,3,005B95,FFFFFF,1,Beach St & Polk St@@@102,Beach St & Polk St@@@42,,05:25:06,22:14:06,20.0,,20.0,,0,0,0,0,0,1,1
15227,Kansas St & 23rd St,48,QUINTARA-24TH STREET,3,005B95,FFFFFF,0,24th St & Castro St@@@20###Lower Great Hwy & Rivera St@@@110,Lower Great Hwy & Rivera St@@@42,24th St & Castro St@@@14,05:08:00,29:08:00,20.0,30.0,20.0,30.0,0,0,0,0,0,1,1
15228,Kansas St & 25th St,19,POLK,3,005B95,FFFFFF,1,Beach St & Polk St@@@102,Beach St & Polk St@@@42,,05:24:13,22:13:13,20.0,,20.0,,0,0,0,0,0,1,1
15228,Kansas St & 25th St,48,QUINTARA-24TH STREET,3,005B95,FFFFFF,0,24th St & Castro St@@@20###Lower Great Hwy & Rivera St@@@110,Lower Great Hwy & Rivera St@@@42,24th St & Castro St@@@14,05:07:07,29:07:07,20.0,30.0,20.0,30.0,0,0,0,0,0,1,1
15229,Kansas St & 26th St,19,POLK,3,005B95,FFFFFF,1,Beach St & Polk St@@@102,Beach St & Polk St@@@42,,05:23:51,22:12:51,20.0,,20.0,,0,0,0,0,0,1,1
15229,Kansas St & 26th St,48,QUINTARA-24TH STREET,3,005B95,FFFFFF,0,24th St & Castro St@@@20###Lower Great Hwy & Rivera St@@@110,Lower Great Hwy & Rivera St@@@42,24th St & Castro St@@@14,05:06:47,29:06:47,20.0,30.0,20.0,30.0,0,0,0,0,0,1,1
15232,Keith St & Oakdale Ave,44,O'SHAUGHNESSY,3,005B95,FFFFFF,1,Bosworth St & Diamond St@@@20###California St & 6th Ave@@@170,California St & 6th Ave@@@70,Bosworth St & Diamond St@@@14,05:07:54,29:17:32,12.0,31.666666666666668,12.0,31.666666666666668,0,0,0,0,0,1,1
15233,Keith St & Oakdale Ave,44,O'SHAUGHNESSY,3,005B95,FFFFFF,0,Hudson Ave & 3rd St@@@186,Hudson Ave & 3rd St@@@68,Hudson Ave & 3rd St@@@16,06:33:27,29:50:27,12.212121212121213,31.857142857142858,12.212121212121213,31.857142857142858,0,0,0,0,0,1,1
15234,King St & 2nd St,N,JUDAH,0,005B95,FFFFFF,1,King St & 4th St@@@168,King St & 4th St@@@70,,07:52:29,24:23:10,12.294117647058824,,12.294117647058824,,0,0,0,0,0,1,1
15235,King St & 2nd St,NBUS,JUDAH BUS,3,005B95,FFFFFF,0,Judah/La Playa/Ocean Beach@@@18,,,05:20:01,07:36:01,,,,,0,0,0,0,0,1,1
15235,King St & 2nd St,NOWL,OWL JUDAH,3,666666,FFFFFF,0,Judah/La Playa/Ocean Beach@@@24,,Judah/La Playa/Ocean Beach@@@16,24:02:30,29:32:30,,30.0,,30.0,0,0,0,0,0,1,1
15236,King St & 2nd St,NBUS,JUDAH BUS,3,005B95,FFFFFF,1,Townsend St & 5th St/Caltrain@@@20,,,05:49:00,24:39:00,,,,,0,0,0,0,0,1,1
15236,King St & 2nd St,NOWL,OWL JUDAH,3,666666,FFFFFF,1,Townsend St & 5th St/Caltrain@@@22,,Townsend St & 5th St/Caltrain@@@18,25:04:02,30:04:02,,30.0,,30.0,0,0,0,0,0,1,1
15237,King St & 2nd St,N,JUDAH,0,005B95,FFFFFF,0,Judah/La Playa/Ocean Beach@@@148###The Embarcadero & Folsom St@@@8,Judah/La Playa/Ocean Beach@@@68,,07:13:26,23:44:54,12.06060606060606,,12.06060606060606,,0,0,0,0,0,1,1
15240,King St & 4th St,N,JUDAH,0,005B95,FFFFFF,0,Judah/La Playa/Ocean Beach@@@148###The Embarcadero & Folsom St@@@8,Judah/La Playa/Ocean Beach@@@70,,07:11:00,23:43:00,12.058823529411764,,12.058823529411764,,0,0,0,0,0,1,1
15242,Kiska Rd & Ingalls St,15,BAYVIEW HUNTERS POINT EXPRESS,3,005B95,FFFFFF,0,Palou Ave & 3rd St@@@130,Palou Ave & 3rd St@@@64,,08:33:00,22:39:00,12.741935483870968,,12.741935483870968,,0,0,0,0,0,1,1
15242,Kiska Rd & Ingalls St,15,BAYVIEW HUNTERS POINT EXPRESS,3,005B95,FFFFFF,1,Sutter St & Sansome St@@@130,Sutter St & Sansome St@@@68,,08:12:00,22:12:00,12.363636363636363,,12.363636363636363,,0,0,0,0,0,1,1
15242,Kiska Rd & Ingalls St,54,FELTON,3,005B95,FFFFFF,1,Newhall St & Hudson@@@96,Newhall St & Hudson@@@42,,06:23:42,22:49:42,20.25,,20.25,,0,0,0,0,0,1,1
15243,Laguna Honda Blvd & Clarendon Ave,36,TERESITA,3,005B95,FFFFFF,1,Laguna Honda Blvd/Forest Hill Sta@@@58,Laguna Honda Blvd/Forest Hill Sta@@@28,,08:53:42,22:45:42,30.0,,30.0,,0,0,0,0,0,1,1
15243,Laguna Honda Blvd & Clarendon Ave,43,MASONIC,3,005B95,FFFFFF,1,Marina Blvd & Laguna St@@@112,Marina Blvd & Laguna St@@@42,,05:24:41,24:14:41,20.15,,20.15,,0,0,0,0,0,1,1
15243,Laguna Honda Blvd & Clarendon Ave,44,O'SHAUGHNESSY,3,005B95,FFFFFF,1,California St & 6th Ave@@@170,California St & 6th Ave@@@70,,05:30:41,24:28:41,12.058823529411764,,12.058823529411764,,0,0,0,0,0,1,1
15244,Laguna Honda Blvd & Dewey Blvd,36,TERESITA,3,005B95,FFFFFF,1,Laguna Honda Blvd/Forest Hill Sta@@@58,Laguna Honda Blvd/Forest Hill Sta@@@28,,08:52:45,22:44:48,30.0,,30.0,,0,0,0,0,0,1,1
15244,Laguna Honda Blvd & Dewey Blvd,43,MASONIC,3,005B95,FFFFFF,1,Marina Blvd & Laguna St@@@112,Marina Blvd & Laguna St@@@42,,05:23:41,24:13:41,20.1,,20.1,,0,0,0,0,0,1,1
15244,Laguna Honda Blvd & Dewey Blvd,44,O'SHAUGHNESSY,3,005B95,FFFFFF,1,California St & 6th Ave@@@170,California St & 6th Ave@@@70,,05:29:44,24:27:44,12.029411764705882,,12.029411764705882,,0,0,0,0,0,1,1
15244,Laguna Honda Blvd & Dewey Blvd,52,EXCELSIOR,3,005B95,FFFFFF,1,Laguna Honda Blvd/Forest Hill Sta@@@58,Laguna Honda Blvd/Forest Hill Sta@@@28,,08:23:34,22:21:34,30.307692307692307,,30.307692307692307,,0,0,0,0,0,1,1
15245,Laguna Honda Blvd/Opp Forest Hill,36,TERESITA,3,005B95,FFFFFF,1,Laguna Honda Blvd/Forest Hill Sta@@@58,Laguna Honda Blvd/Forest Hill Sta@@@28,,08:53:00,22:45:00,30.0,,30.0,,0,0,0,0,0,1,1
15245,Laguna Honda Blvd/Opp Forest Hill,43,MASONIC,3,005B95,FFFFFF,1,Marina Blvd & Laguna St@@@112,Marina Blvd & Laguna St@@@42,,05:24:00,24:14:00,20.1,,20.1,,0,0,0,0,0,1,1
15245,Laguna Honda Blvd/Opp Forest Hill,44,O'SHAUGHNESSY,3,005B95,FFFFFF,1,California St & 6th Ave@@@170,California St & 6th Ave@@@70,,05:30:00,24:28:00,12.029411764705882,,12.029411764705882,,0,0,0,0,0,1,1
15247,Laguna Honda Blvd/Forest Hill Sta,36,TERESITA,3,005B95,FFFFFF,0,Valencia St & Mission St@@@58,Valencia St & Mission St@@@28,,08:18:00,22:16:00,30.0,,30.0,,0,0,0,0,0,1,1
15247,Laguna Honda Blvd/Forest Hill Sta,43,MASONIC,3,005B95,FFFFFF,0,Munich St & Geneva Ave@@@112,Munich St & Geneva Ave@@@40,,05:34:00,24:27:00,20.63157894736842,,20.63157894736842,,0,0,0,0,0,1,1
15247,Laguna Honda Blvd/Forest Hill Sta,44,O'SHAUGHNESSY,3,005B95,FFFFFF,0,Hudson Ave & 3rd St@@@166,Hudson Ave & 3rd St@@@70,,06:12:00,24:17:00,12.058823529411764,,12.058823529411764,,0,0,0,0,0,1,1
15247,Laguna Honda Blvd/Forest Hill Sta,52,EXCELSIOR,3,005B95,FFFFFF,0,Dublin St & La Grande Ave@@@58,Dublin St & La Grande Ave@@@28,,08:11:00,22:11:00,30.0,,30.0,,0,0,0,0,0,1,1
15249,Laguna Honda Blvd & Idora Ave,43,MASONIC,3,005B95,FFFFFF,1,Marina Blvd & Laguna St@@@112,Marina Blvd & Laguna St@@@42,,05:22:32,24:12:32,20.1,,20.1,,0,0,0,0,0,1,1
15250,Laguna Honda Blvd & Idora Ave,43,MASONIC,3,005B95,FFFFFF,0,Munich St & Geneva Ave@@@112,Munich St & Geneva Ave@@@40,,05:35:24,24:28:24,20.63157894736842,,20.63157894736842,,0,0,0,0,0,1,1
15253,7th Ave & Laguna Honda,36,TERESITA,3,005B95,FFFFFF,1,Laguna Honda Blvd/Forest Hill Sta@@@58,Laguna Honda Blvd/Forest Hill Sta@@@28,,09:04:10,22:56:10,30.0,,30.0,,0,0,0,0,0,1,1
15253,7th Ave & Laguna Honda,43,MASONIC,3,005B95,FFFFFF,0,Munich St & Geneva Ave@@@112,Munich St & Geneva Ave@@@40,,05:32:03,24:24:34,20.57894736842105,,20.57894736842105,,0,0,0,0,0,1,1
15253,7th Ave & Laguna Honda,44,O'SHAUGHNESSY,3,005B95,FFFFFF,0,Hudson Ave & 3rd St@@@166,Hudson Ave & 3rd St@@@70,,06:10:03,24:15:03,12.029411764705882,,12.029411764705882,,0,0,0,0,0,1,1
15254,Laguna Honda Blvd & Portola Dr,43,MASONIC,3,005B95,FFFFFF,0,Munich St & Geneva Ave@@@112,Munich St & Geneva Ave@@@42,,05:35:48,24:28:48,20.7,,20.7,,0,0,0,0,0,1,1
15255,Laguna Honda Blvd & Ulloa St,43,MASONIC,3,005B95,FFFFFF,1,Marina Blvd & Laguna St@@@112,Marina Blvd & Laguna St@@@42,,05:22:19,24:12:19,20.05,,20.05,,0,0,0,0,0,1,1
15256,Laguna Honda Blvd & Vasquez Ave,43,MASONIC,3,005B95,FFFFFF,0,Munich St & Geneva Ave@@@112,Munich St & Geneva Ave@@@40,,05:34:44,24:27:44,20.63157894736842,,20.63157894736842,,0,0,0,0,0,1,1
15257,Laguna St & Chestnut St,43,MASONIC,3,005B95,FFFFFF,0,Munich St & Geneva Ave@@@112,Munich St & Geneva Ave@@@42,,05:01:09,23:51:19,20.0,,20.0,,0,0,0,0,0,1,1
15258,Laguna St & Chestnut St,43,MASONIC,3,005B95,FFFFFF,1,Marina Blvd & Laguna St@@@112,Marina Blvd & Laguna St@@@42,,05:59:25,24:47:25,20.45,,20.45,,0,0,0,0,0,1,1
15260,Laguna St & Hayes St,6,HAYES-PARNASSUS,3,005B95,FFFFFF,1,Hyde St & Grove St@@@116,Hyde St & Grove St@@@42,,05:20:01,24:23:13,20.15,,20.15,,0,0,0,0,0,1,1
15261,Legion Of Honor Dr & Clement St,18,46TH AVENUE,3,005B95,FFFFFF,0,19th Ave & Buckingham/Stonestown@@@96,19th Ave & Buckingham/Stonestown@@@42,,06:01:56,22:02:18,20.0,,20.0,,0,0,0,0,0,1,1
15263,Lincoln Blvd & Bowley St,29,SUNSET,3,005B95,FFFFFF,1,25th Ave & California St@@@22###Bowley St & Lincoln Blvd@@@142,Bowley St & Lincoln Blvd@@@68,,05:56:31,24:51:40,12.303030303030303,,12.303030303030303,,0,0,0,0,0,1,1
15269,Lincoln Blvd & Pershing Dr,29,SUNSET,3,005B95,FFFFFF,1,25th Ave & California St@@@22###Bowley St & Lincoln Blvd@@@142,Bowley St & Lincoln Blvd@@@68,,05:57:33,24:52:36,12.303030303030303,,12.303030303030303,,0,0,0,0,0,1,1
15272,Lombard St & Divisadero St,28,19TH AVENUE,3,005B95,FFFFFF,1,Powell St & Beach St@@@170,Powell St & Beach St@@@68,,05:34:06,24:35:06,12.393939393939394,,12.393939393939394,,0,0,0,0,0,1,1
15272,Lombard St & Divisadero St,43,MASONIC,3,005B95,FFFFFF,1,Marina Blvd & Laguna St@@@112,Marina Blvd & Laguna St@@@42,,05:55:32,24:43:32,20.45,,20.45,,0,0,0,0,0,1,1
15272,Lombard St & Divisadero St,91,3RD-19TH AVE OWL,3,666666,FFFFFF,0,Ulloa St & West Portal Ave@@@22,,Ulloa St & West Portal Ave@@@14,24:29:52,29:29:52,,30.0,,30.0,0,0,0,0,0,1,1
15273,Lombard St & Divisadero St,28,19TH AVENUE,3,005B95,FFFFFF,0,Daly City BART Stop D4@@@168,Daly City BART Stop D4@@@70,,05:10:49,24:14:54,12.0,,12.0,,0,0,0,0,0,1,1
15273,Lombard St & Divisadero St,43,MASONIC,3,005B95,FFFFFF,0,Munich St & Geneva Ave@@@112,Munich St & Geneva Ave@@@42,,05:04:19,23:54:56,20.1,,20.1,,0,0,0,0,0,1,1
15273,Lombard St & Divisadero St,91,3RD-19TH AVE OWL,3,666666,FFFFFF,1,19th Ave & Holloway/Sf State@@@24,,19th Ave & Holloway/Sf State@@@18,24:56:43,30:26:43,,30.0,,30.0,0,0,0,0,0,1,1
15274,Lombard St & Fillmore St,28,19TH AVENUE,3,005B95,FFFFFF,1,Powell St & Beach St@@@170,Powell St & Beach St@@@68,,05:35:00,24:36:00,12.393939393939394,,12.393939393939394,,0,0,0,0,0,1,1
15274,Lombard St & Fillmore St,43,MASONIC,3,005B95,FFFFFF,1,Marina Blvd & Laguna St@@@112,Marina Blvd & Laguna St@@@42,,05:57:36,24:45:36,20.45,,20.45,,0,0,0,0,0,1,1
15274,Lombard St & Fillmore St,91,3RD-19TH AVE OWL,3,666666,FFFFFF,0,Ulloa St & West Portal Ave@@@22,,Ulloa St & West Portal Ave@@@16,24:30:53,29:30:53,,30.0,,30.0,0,0,0,0,0,1,1
15275,Lombard St & Fillmore St,28,19TH AVENUE,3,005B95,FFFFFF,0,Daly City BART Stop D4@@@168,Daly City BART Stop D4@@@72,,05:10:00,24:14:00,12.0,,12.0,,0,0,0,0,0,1,1
15275,Lombard St & Fillmore St,43,MASONIC,3,005B95,FFFFFF,0,Munich St & Geneva Ave@@@112,Munich St & Geneva Ave@@@42,,05:02:43,23:53:06,20.05,,20.05,,0,0,0,0,0,1,1
15275,Lombard St & Fillmore St,91,3RD-19TH AVE OWL,3,666666,FFFFFF,1,19th Ave & Holloway/Sf State@@@24,,19th Ave & Holloway/Sf State@@@18,24:55:48,30:25:48,,30.0,,30.0,0,0,0,0,0,1,1
15276,Lombard St & Grant Ave,39,COIT,3,005B95,FFFFFF,1,North Point St & Stockton St@@@62,North Point St & Stockton St@@@40,,09:22:36,19:22:36,20.0,,20.0,,0,0,0,0,0,1,1
15277,Lombard St & Grant Ave,39,COIT,3,005B95,FFFFFF,0,Coit Tower@@@62,Coit Tower@@@42,,09:17:30,19:17:30,20.0,,20.0,,0,0,0,0,0,1,1
15278,Lombard St & Kearny St,39,COIT,3,005B95,FFFFFF,1,North Point St & Stockton St@@@62,North Point St & Stockton St@@@40,,09:21:55,19:21:55,20.0,,20.0,,0,0,0,0,0,1,1
15279,Lombard St & Kearny St,39,COIT,3,005B95,FFFFFF,0,Coit Tower@@@62,Coit Tower@@@42,,09:18:07,19:18:07,20.0,,20.0,,0,0,0,0,0,1,1
15280,Lombard St & Laguna St,28,19TH AVENUE,3,005B95,FFFFFF,0,Daly City BART Stop D4@@@168,Daly City BART Stop D4@@@70,,05:08:27,24:12:09,11.941176470588236,,11.941176470588236,,0,0,0,0,0,1,1
15280,Lombard St & Laguna St,91,3RD-19TH AVE OWL,3,666666,FFFFFF,1,19th Ave & Holloway/Sf State@@@24,,19th Ave & Holloway/Sf State@@@18,24:55:08,30:25:08,,30.0,,30.0,0,0,0,0,0,1,1
15281,Lombard St & Laguna St,28,19TH AVENUE,3,005B95,FFFFFF,1,Powell St & Beach St@@@170,Powell St & Beach St@@@68,,05:36:42,24:38:02,12.424242424242424,,12.424242424242424,,0,0,0,0,0,1,1
15281,Lombard St & Laguna St,91,3RD-19TH AVE OWL,3,666666,FFFFFF,0,Ulloa St & West Portal Ave@@@22,,Ulloa St & West Portal Ave@@@16,24:31:39,29:31:39,,30.0,,30.0,0,0,0,0,0,1,1
15282,Lombard St & Lyon St,43,MASONIC,3,005B95,FFFFFF,0,Munich St & Geneva Ave@@@112,Munich St & Geneva Ave@@@42,,05:05:21,23:56:07,20.15,,20.15,,0,0,0,0,0,1,1
15283,Lombard St & Lyon St,43,MASONIC,3,005B95,FFFFFF,1,Marina Blvd & Laguna St@@@112,Marina Blvd & Laguna St@@@42,,05:53:59,24:41:59,20.4,,20.4,,0,0,0,0,0,1,1
15284,Lombard St & Pierce St,28,19TH AVENUE,3,005B95,FFFFFF,1,Powell St & Beach St@@@170,Powell St & Beach St@@@68,,05:34:36,24:35:36,12.393939393939394,,12.393939393939394,,0,0,0,0,0,1,1
15284,Lombard St & Pierce St,43,MASONIC,3,005B95,FFFFFF,1,Marina Blvd & Laguna St@@@112,Marina Blvd & Laguna St@@@42,,05:56:34,24:44:34,20.45,,20.45,,0,0,0,0,0,1,1
15284,Lombard St & Pierce St,91,3RD-19TH AVE OWL,3,666666,FFFFFF,0,Ulloa St & West Portal Ave@@@22,,Ulloa St & West Portal Ave@@@16,24:30:23,29:30:23,,30.0,,30.0,0,0,0,0,0,1,1
15285,Lombard St & Pierce St,28,19TH AVENUE,3,005B95,FFFFFF,0,Daly City BART Stop D4@@@168,Daly City BART Stop D4@@@70,,05:10:24,24:14:27,12.0,,12.0,,0,0,0,0,0,1,1
15285,Lombard St & Pierce St,43,MASONIC,3,005B95,FFFFFF,0,Munich St & Geneva Ave@@@112,Munich St & Geneva Ave@@@42,,05:03:31,23:54:01,20.1,,20.1,,0,0,0,0,0,1,1
15285,Lombard St & Pierce St,91,3RD-19TH AVE OWL,3,666666,FFFFFF,1,19th Ave & Holloway/Sf State@@@24,,19th Ave & Holloway/Sf State@@@18,24:56:16,30:26:16,,30.0,,30.0,0,0,0,0,0,1,1
15286,Lombard St & Stockton St,39,COIT,3,005B95,FFFFFF,1,North Point St & Stockton St@@@62,North Point St & Stockton St@@@40,,09:23:16,19:23:16,20.0,,20.0,,0,0,0,0,0,1,1
15288,La Salle Ave & Ingalls St,54,FELTON,3,005B95,FFFFFF,1,Newhall St & Hudson@@@96,Newhall St & Hudson@@@42,,06:24:16,22:50:16,20.25,,20.25,,0,0,0,0,0,1,1
15289,La Salle Ave & Newcomb Ave,54,FELTON,3,005B95,FFFFFF,1,Newhall St & Hudson@@@96,Newhall St & Hudson@@@42,,06:25:17,22:51:17,20.25,,20.25,,0,0,0,0,0,1,1
15290,La Salle Ave & Osceola Dr,54,FELTON,3,005B95,FFFFFF,1,Newhall St & Hudson@@@96,Newhall St & Hudson@@@42,,06:25:00,22:51:00,20.25,,20.25,,0,0,0,0,0,1,1
15291,Louisburg St & Geneva Ave,54,FELTON,3,005B95,FFFFFF,1,Newhall St & Hudson@@@96,Newhall St & Hudson@@@42,,05:45:32,22:05:32,20.0,,20.0,,0,0,0,0,0,1,1
15292,Louisburg St & Niagra Ave,54,FELTON,3,005B95,FFFFFF,1,Newhall St & Hudson@@@96,Newhall St & Hudson@@@42,,05:45:07,22:05:07,20.0,,20.0,,0,0,0,0,0,1,1
15293,Letterman Dr/Tides Bldg,43,MASONIC,3,005B95,FFFFFF,0,Munich St & Geneva Ave@@@112,Munich St & Geneva Ave@@@42,,05:07:00,23:58:00,20.15,,20.15,,0,0,0,0,0,1,1
15294,Letterman Dr & Lincoln Blvd,43,MASONIC,3,005B95,FFFFFF,1,Marina Blvd & Laguna St@@@112,Marina Blvd & Laguna St@@@42,,05:52:32,24:40:35,20.4,,20.4,,0,0,0,0,0,1,1
15295,Lincoln Way & 3rd Ave,7,HAIGHT-NORIEGA,3,005B95,FFFFFF,1,Transit Center Bay E@@@156,Transit Center Bay E@@@68,,05:15:43,24:17:39,12.181818181818182,,12.181818181818182,,0,0,0,0,0,1,1
15296,Lincoln Way & 5th Ave,7,HAIGHT-NORIEGA,3,005B95,FFFFFF,0,Ortega St & 48th Ave@@@158,Ortega St & 48th Ave@@@68,,05:24:39,24:29:49,12.212121212121213,,12.212121212121213,,0,0,0,0,0,1,1
15297,Lincoln Way & 5th Ave,7,HAIGHT-NORIEGA,3,005B95,FFFFFF,1,Transit Center Bay E@@@156,Transit Center Bay E@@@68,,05:15:21,24:17:11,12.151515151515152,,12.151515151515152,,0,0,0,0,0,1,1
15300,Lincoln Way & 9th Ave,7,HAIGHT-NORIEGA,3,005B95,FFFFFF,0,Ortega St & 48th Ave@@@158,Ortega St & 48th Ave@@@68,,05:25:36,24:31:00,12.181818181818182,,12.181818181818182,,0,0,0,0,0,1,1
15301,Lincoln Way & 9th Ave,7,HAIGHT-NORIEGA,3,005B95,FFFFFF,1,Transit Center Bay E@@@156,Transit Center Bay E@@@70,,05:14:24,24:16:00,12.117647058823529,,12.117647058823529,,0,0,0,0,0,1,1
15304,Lincoln Way & 15th Ave,7,HAIGHT-NORIEGA,3,005B95,FFFFFF,0,Ortega St & 48th Ave@@@158,Ortega St & 48th Ave@@@68,,05:27:00,24:32:46,12.242424242424242,,12.242424242424242,,0,0,0,0,0,1,1
15305,Lincoln Way & 15th Ave,7,HAIGHT-NORIEGA,3,005B95,FFFFFF,1,Transit Center Bay E@@@156,Transit Center Bay E@@@70,,05:12:54,24:14:08,12.117647058823529,,12.117647058823529,,0,0,0,0,0,1,1
15306,Lincoln Way & 17th Ave,7,HAIGHT-NORIEGA,3,005B95,FFFFFF,0,Ortega St & 48th Ave@@@158,Ortega St & 48th Ave@@@68,,05:27:29,24:33:22,12.242424242424242,,12.242424242424242,,0,0,0,0,0,1,1
15307,Lincoln Way & 17th Ave,7,HAIGHT-NORIEGA,3,005B95,FFFFFF,1,Transit Center Bay E@@@156,Transit Center Bay E@@@70,,05:12:25,24:13:32,12.117647058823529,,12.117647058823529,,0,0,0,0,0,1,1
15309,Lincoln Way & 19th Ave,29,SUNSET,3,005B95,FFFFFF,0,Fitzgerald Ave & Keith St@@@168,Fitzgerald Ave & Keith St@@@68,,05:07:00,24:06:00,12.303030303030303,,12.303030303030303,,0,0,0,0,0,1,1
15309,Lincoln Way & 19th Ave,7,HAIGHT-NORIEGA,3,005B95,FFFFFF,0,Ortega St & 48th Ave@@@158,Ortega St & 48th Ave@@@68,,05:28:00,24:34:00,12.242424242424242,,12.242424242424242,,0,0,0,0,0,1,1
15310,Lincoln Way & 21st Ave,29,SUNSET,3,005B95,FFFFFF,0,Fitzgerald Ave & Keith St@@@168,Fitzgerald Ave & Keith St@@@68,,05:07:19,24:06:19,12.303030303030303,,12.303030303030303,,0,0,0,0,0,1,1
15310,Lincoln Way & 21st Ave,7,HAIGHT-NORIEGA,3,005B95,FFFFFF,0,Ortega St & 48th Ave@@@158,Ortega St & 48th Ave@@@68,,05:28:26,24:34:34,12.242424242424242,,12.242424242424242,,0,0,0,0,0,1,1
15311,Lincoln Way & 21st Ave,29,SUNSET,3,005B95,FFFFFF,1,25th Ave & California St@@@22###Bowley St & Lincoln Blvd@@@142,Bowley St & Lincoln Blvd@@@70,,05:48:17,24:44:28,12.176470588235293,,12.176470588235293,,0,0,0,0,0,1,1
15311,Lincoln Way & 21st Ave,7,HAIGHT-NORIEGA,3,005B95,FFFFFF,1,Transit Center Bay E@@@156,Transit Center Bay E@@@70,,05:11:28,24:12:24,12.117647058823529,,12.117647058823529,,0,0,0,0,0,1,1
15314,Lincoln Way & 25th Ave,29,SUNSET,3,005B95,FFFFFF,0,Fitzgerald Ave & Keith St@@@168,Fitzgerald Ave & Keith St@@@68,,05:07:58,24:06:58,12.303030303030303,,12.303030303030303,,0,0,0,0,0,1,1
15315,Lincoln Way & 25th Ave,29,SUNSET,3,005B95,FFFFFF,1,25th Ave & California St@@@22###Bowley St & Lincoln Blvd@@@142,Bowley St & Lincoln Blvd@@@68,,05:47:20,24:43:45,12.212121212121213,,12.212121212121213,,0,0,0,0,0,1,1
15316,Lincoln Way & 27th Ave,29,SUNSET,3,005B95,FFFFFF,0,Fitzgerald Ave & Keith St@@@168,Fitzgerald Ave & Keith St@@@68,,05:08:17,24:07:17,12.303030303030303,,12.303030303030303,,0,0,0,0,0,1,1
15317,Lincoln Way & 27th Ave,29,SUNSET,3,005B95,FFFFFF,1,25th Ave & California St@@@22###Bowley St & Lincoln Blvd@@@142,Bowley St & Lincoln Blvd@@@68,,05:46:49,24:43:22,12.181818181818182,,12.181818181818182,,0,0,0,0,0,1,1
15318,Lincoln Way & 29th Ave,29,SUNSET,3,005B95,FFFFFF,0,Fitzgerald Ave & Keith St@@@168,Fitzgerald Ave & Keith St@@@68,,05:08:37,24:07:37,12.303030303030303,,12.303030303030303,,0,0,0,0,0,1,1
15319,Lincoln Way & 30th Ave,29,SUNSET,3,005B95,FFFFFF,1,25th Ave & California St@@@22###Bowley St & Lincoln Blvd@@@142,Bowley St & Lincoln Blvd@@@68,,05:46:02,24:42:47,12.181818181818182,,12.181818181818182,,0,0,0,0,0,1,1
15320,Lincoln Way & 31st Ave,29,SUNSET,3,005B95,FFFFFF,0,Fitzgerald Ave & Keith St@@@168,Fitzgerald Ave & Keith St@@@68,,05:08:56,24:07:56,12.303030303030303,,12.303030303030303,,0,0,0,0,0,1,1
15321,Lincoln Way & 33rd Ave,29,SUNSET,3,005B95,FFFFFF,0,Fitzgerald Ave & Keith St@@@168,Fitzgerald Ave & Keith St@@@68,,05:09:16,24:08:16,12.303030303030303,,12.303030303030303,,0,0,0,0,0,1,1
15323,Lincoln Way & 35th Ave,29,SUNSET,3,005B95,FFFFFF,0,Fitzgerald Ave & Keith St@@@168,Fitzgerald Ave & Keith St@@@68,,05:09:35,24:08:35,12.303030303030303,,12.303030303030303,,0,0,0,0,0,1,1
15324,Lincoln Way & 47th Ave,18,46TH AVENUE,3,005B95,FFFFFF,1,33rd Ave & Geary Blvd@@@22###Legion Of Honor@@@74,Legion Of Honor@@@42,,06:25:05,22:14:05,20.05,,20.05,,0,0,0,0,0,1,1
15325,Lincoln Way & Arguello Blvd,7,HAIGHT-NORIEGA,3,005B95,FFFFFF,1,Transit Center Bay E@@@156,Transit Center Bay E@@@68,,05:16:13,24:18:16,12.151515151515152,,12.151515151515152,,0,0,0,0,0,1,1
15326,Lincoln Way & Funston Ave,7,HAIGHT-NORIEGA,3,005B95,FFFFFF,0,Ortega St & 48th Ave@@@158,Ortega St & 48th Ave@@@68,,05:26:32,24:32:10,12.212121212121213,,12.212121212121213,,0,0,0,0,0,1,1
15327,Lincoln Way & Funston Ave,7,HAIGHT-NORIEGA,3,005B95,FFFFFF,1,Transit Center Bay E@@@156,Transit Center Bay E@@@70,,05:13:23,24:14:44,12.147058823529411,,12.147058823529411,,0,0,0,0,0,1,1
15328,Lincoln Way & Martin Luther King Jr Dr,18,46TH AVENUE,3,005B95,FFFFFF,1,33rd Ave & Geary Blvd@@@22###Legion Of Honor@@@74,Legion Of Honor@@@42,,06:25:25,22:14:25,20.05,,20.05,,0,0,0,0,0,1,1
15329,Lincoln Way & La Playa St,18,46TH AVENUE,3,005B95,FFFFFF,0,19th Ave & Buckingham/Stonestown@@@96,19th Ave & Buckingham/Stonestown@@@42,,06:12:05,22:13:05,20.0,,20.0,,0,0,0,0,0,1,1
15330,Lyell St & Alemany Blvd,44,O'SHAUGHNESSY,3,005B95,FFFFFF,0,Hudson Ave & 3rd St@@@186,Hudson Ave & 3rd St@@@70,Hudson Ave & 3rd St@@@14,06:18:55,29:36:24,12.088235294117647,32.166666666666664,12.088235294117647,32.166666666666664,0,0,0,0,0,1,1
15330,Lyell St & Alemany Blvd,52,EXCELSIOR,3,005B95,FFFFFF,0,Dublin St & La Grande Ave@@@58,Dublin St & La Grande Ave@@@28,,08:23:23,22:23:44,30.076923076923077,,30.076923076923077,,0,0,0,0,0,1,1
15331,Lyon St & Greenwich St,45,UNION-STOCKTON,3,005B95,FFFFFF,1,Townsend St & Lusk St/Caltrain@@@132###Union St & Pierce St@@@6,Townsend St & Lusk St/Caltrain@@@58,,04:40:00,22:30:00,15.0,,15.0,,0,0,0,0,0,1,1
15334,Main St & Howard St,12,FOLSOM-PACIFIC,3,005B95,FFFFFF,1,Jackson St & Van Ness Ave@@@152,Jackson St & Van Ness Ave@@@82,,06:36:00,22:39:00,9.925,,9.925,,0,0,0,0,0,1,1
15336,Main St & Market St,12,FOLSOM-PACIFIC,3,005B95,FFFFFF,1,Jackson St & Van Ness Ave@@@152,Jackson St & Van Ness Ave@@@82,,06:37:07,22:40:07,9.925,,9.925,,0,0,0,0,0,1,1
15336,Main St & Market St,14,MISSION,3,005B95,FFFFFF,1,Steuart St & Mission St@@@312,Steuart St & Mission St@@@104,Steuart St & Mission St@@@34,06:00:08,29:42:36,8.117647058823529,13.6875,8.117647058823529,13.6875,0,0,0,0,0,1,1
15336,Main St & Market St,14R,MISSION RAPID,3,BF2B45,FFFFFF,1,Mission St & Main St@@@184,Mission St & Main St@@@82,,05:43:49,22:50:30,10.2,,10.2,,0,0,0,0,0,1,1
15337,Mansell St & Brussels St,29,SUNSET,3,005B95,FFFFFF,1,25th Ave & California St@@@22###Bowley St & Lincoln Blvd@@@142,Bowley St & Lincoln Blvd@@@70,,05:10:22,24:10:22,12.0,,12.0,,0,0,0,0,0,1,1
15338,Mansell St & Brussels St,29,SUNSET,3,005B95,FFFFFF,0,Fitzgerald Ave & Keith St@@@168,Fitzgerald Ave & Keith St@@@68,,05:43:29,24:42:29,12.424242424242424,,12.424242424242424,,0,0,0,0,0,1,1
15339,Mansell St & Dartmouth St,29,SUNSET,3,005B95,FFFFFF,1,25th Ave & California St@@@22###Bowley St & Lincoln Blvd@@@142,Bowley St & Lincoln Blvd@@@70,,05:11:39,24:11:39,12.0,,12.0,,0,0,0,0,0,1,1
15339,Mansell St & Dartmouth St,56,RUTLAND,3,005B95,FFFFFF,0,50 Thomas Mellon Dr@@@64###San Bruno Ave & Arleta Ave@@@20,50 Thomas Mellon Dr@@@42,,07:18:31,20:58:31,20.0,,20.0,,0,0,0,0,0,1,1
15340,Mansell St & Dartmouth St,29,SUNSET,3,005B95,FFFFFF,0,Fitzgerald Ave & Keith St@@@168,Fitzgerald Ave & Keith St@@@68,,05:42:08,24:41:08,12.424242424242424,,12.424242424242424,,0,0,0,0,0,1,1
15340,Mansell St & Dartmouth St,56,RUTLAND,3,005B95,FFFFFF,0,50 Thomas Mellon Dr@@@64###San Bruno Ave & Arleta Ave@@@20,50 Thomas Mellon Dr@@@42,,07:16:14,20:56:14,20.0,,20.0,,0,0,0,0,0,1,1
15341,Mansell St & Goettingen St,29,SUNSET,3,005B95,FFFFFF,0,Fitzgerald Ave & Keith St@@@168,Fitzgerald Ave & Keith St@@@68,,05:43:16,24:42:16,12.424242424242424,,12.424242424242424,,0,0,0,0,0,1,1
15342,Mansell St & Goettingen St,29,SUNSET,3,005B95,FFFFFF,1,25th Ave & California St@@@22###Bowley St & Lincoln Blvd@@@142,Bowley St & Lincoln Blvd@@@70,,05:10:39,24:10:39,12.0,,12.0,,0,0,0,0,0,1,1
15343,Mansell St & Hamilton St,29,SUNSET,3,005B95,FFFFFF,1,25th Ave & California St@@@22###Bowley St & Lincoln Blvd@@@142,Bowley St & Lincoln Blvd@@@70,,05:11:13,24:11:13,12.0,,12.0,,0,0,0,0,0,1,1
15343,Mansell St & Hamilton St,56,RUTLAND,3,005B95,FFFFFF,0,50 Thomas Mellon Dr@@@64###San Bruno Ave & Arleta Ave@@@20,50 Thomas Mellon Dr@@@42,,07:17:54,20:57:54,20.0,,20.0,,0,0,0,0,0,1,1
15344,Mansell St & Hamilton St,29,SUNSET,3,005B95,FFFFFF,0,Fitzgerald Ave & Keith St@@@168,Fitzgerald Ave & Keith St@@@68,,05:42:35,24:41:35,12.424242424242424,,12.424242424242424,,0,0,0,0,0,1,1
15344,Mansell St & Hamilton St,56,RUTLAND,3,005B95,FFFFFF,0,50 Thomas Mellon Dr@@@64###San Bruno Ave & Arleta Ave@@@20,50 Thomas Mellon Dr@@@42,,07:16:34,20:56:34,20.0,,20.0,,0,0,0,0,0,1,1
15347,Mansell St & John F Shelley Dr,29,SUNSET,3,005B95,FFFFFF,1,25th Ave & California St@@@22###Bowley St & Lincoln Blvd@@@142,Bowley St & Lincoln Blvd@@@70,,05:13:44,24:13:44,12.0,,12.0,,0,0,0,0,0,1,1
15348,Mansell St & John F Shelley Dr,29,SUNSET,3,005B95,FFFFFF,0,Fitzgerald Ave & Keith St@@@168,Fitzgerald Ave & Keith St@@@68,,05:40:05,24:39:05,12.424242424242424,,12.424242424242424,,0,0,0,0,0,1,1
15349,Mansell St & San Bruno Ave,29,SUNSET,3,005B95,FFFFFF,0,Fitzgerald Ave & Keith St@@@168,Fitzgerald Ave & Keith St@@@68,,05:44:00,24:43:00,12.424242424242424,,12.424242424242424,,0,0,0,0,0,1,1
15350,Mansell St & San Bruno Ave,29,SUNSET,3,005B95,FFFFFF,1,25th Ave & California St@@@22###Bowley St & Lincoln Blvd@@@142,Bowley St & Lincoln Blvd@@@72,,05:10:00,24:10:00,12.0,,12.0,,0,0,0,0,0,1,1
15351,Mansell St & Somerset St,29,SUNSET,3,005B95,FFFFFF,0,Fitzgerald Ave & Keith St@@@168,Fitzgerald Ave & Keith St@@@68,,05:43:02,24:42:02,12.424242424242424,,12.424242424242424,,0,0,0,0,0,1,1
15351,Mansell St & Somerset St,56,RUTLAND,3,005B95,FFFFFF,0,50 Thomas Mellon Dr@@@64###San Bruno Ave & Arleta Ave@@@20,50 Thomas Mellon Dr@@@42,,07:16:53,20:56:53,20.0,,20.0,,0,0,0,0,0,1,1
15352,Mansell St & Somerset St,29,SUNSET,3,005B95,FFFFFF,1,25th Ave & California St@@@22###Bowley St & Lincoln Blvd@@@142,Bowley St & Lincoln Blvd@@@70,,05:10:49,24:10:49,12.0,,12.0,,0,0,0,0,0,1,1
15352,Mansell St & Somerset St,56,RUTLAND,3,005B95,FFFFFF,0,50 Thomas Mellon Dr@@@64###San Bruno Ave & Arleta Ave@@@20,50 Thomas Mellon Dr@@@42,,07:17:20,20:57:20,20.0,,20.0,,0,0,0,0,0,1,1
15353,Mansell St & University St,29,SUNSET,3,005B95,FFFFFF,1,25th Ave & California St@@@22###Bowley St & Lincoln Blvd@@@142,Bowley St & Lincoln Blvd@@@70,,05:12:11,24:12:11,12.0,,12.0,,0,0,0,0,0,1,1
15353,Mansell St & University St,56,RUTLAND,3,005B95,FFFFFF,0,50 Thomas Mellon Dr@@@64###San Bruno Ave & Arleta Ave@@@20,50 Thomas Mellon Dr@@@42,,07:19:16,20:59:16,20.0,,20.0,,0,0,0,0,0,1,1
15354,Mansell St & Visitacion Ave,29,SUNSET,3,005B95,FFFFFF,0,Fitzgerald Ave & Keith St@@@168,Fitzgerald Ave & Keith St@@@68,,05:41:37,24:40:37,12.424242424242424,,12.424242424242424,,0,0,0,0,0,1,1
15354,Mansell St & Visitacion Ave,56,RUTLAND,3,005B95,FFFFFF,0,50 Thomas Mellon Dr@@@64###San Bruno Ave & Arleta Ave@@@20,50 Thomas Mellon Dr@@@42,,07:15:52,20:55:52,20.0,,20.0,,0,0,0,0,0,1,1
15355,Mason St & Broadway,PM,POWELL-MASON CABLE CAR,5,B49A36,000000,0,Taylor St & Bay St@@@178,Taylor St & Bay St@@@88,,06:49:03,23:15:00,9.581395348837209,,9.581395348837209,,0,0,0,0,0,1,1
15356,Mason St & Broadway,PM,POWELL-MASON CABLE CAR,5,B49A36,000000,1,Powell St & Market St@@@166###Washington St & Mason St / Cable Car Museum@@@12,Powell St & Market St@@@84,,07:04:33,23:28:33,9.902439024390244,,9.902439024390244,,0,0,0,0,0,1,1
15358,Mason St & Filbert St,PM,POWELL-MASON CABLE CAR,5,B49A36,000000,0,Taylor St & Bay St@@@178,Taylor St & Bay St@@@88,,06:51:21,23:17:18,9.581395348837209,,9.581395348837209,,0,0,0,0,0,1,1
15359,Mason St & Filbert St,PM,POWELL-MASON CABLE CAR,5,B49A36,000000,1,Powell St & Market St@@@166###Washington St & Mason St / Cable Car Museum@@@12,Powell St & Market St@@@84,,07:02:42,23:26:42,9.902439024390244,,9.902439024390244,,0,0,0,0,0,1,1
15360,Mason St & Greenwich St,PM,POWELL-MASON CABLE CAR,5,B49A36,000000,0,Taylor St & Bay St@@@178,Taylor St & Bay St@@@88,,06:51:54,23:17:51,9.604651162790697,,9.604651162790697,,0,0,0,0,0,1,1
15361,Mason St & Greenwich St,PM,POWELL-MASON CABLE CAR,5,B49A36,000000,1,Powell St & Market St@@@166###Washington St & Mason St / Cable Car Museum@@@12,Powell St & Market St@@@84,,07:02:12,23:26:12,9.878048780487806,,9.878048780487806,,0,0,0,0,0,1,1
15362,Mason St & Green St,PM,POWELL-MASON CABLE CAR,5,B49A36,000000,0,Taylor St & Bay St@@@178,Taylor St & Bay St@@@88,,06:50:13,23:16:10,9.581395348837209,,9.581395348837209,,0,0,0,0,0,1,1
15363,Mason St & Green St,PM,POWELL-MASON CABLE CAR,5,B49A36,000000,1,Powell St & Market St@@@166###Washington St & Mason St / Cable Car Museum@@@12,Powell St & Market St@@@84,,07:03:41,23:27:41,9.902439024390244,,9.902439024390244,,0,0,0,0,0,1,1
15364,Mason St & Jackson St / Cable Car Museum,PM,POWELL-MASON CABLE CAR,5,B49A36,000000,0,Taylor St & Bay St@@@178,Taylor St & Bay St@@@86,,06:48:00,23:14:00,9.571428571428571,,9.571428571428571,,0,0,0,0,0,1,1
15365,Mason St & Jackson St,PM,POWELL-MASON CABLE CAR,5,B49A36,000000,1,Powell St & Market St@@@166###Washington St & Mason St / Cable Car Museum@@@12,Powell St & Market St@@@86,,07:05:28,23:29:28,9.904761904761905,,9.904761904761905,,0,0,0,0,0,1,1
15366,Mason St & Pacific Ave,PM,POWELL-MASON CABLE CAR,5,B49A36,000000,0,Taylor St & Bay St@@@178,Taylor St & Bay St@@@86,,06:48:27,23:14:24,9.571428571428571,,9.571428571428571,,0,0,0,0,0,1,1
15367,Mason St & Pacific Ave,PM,POWELL-MASON CABLE CAR,5,B49A36,000000,1,Powell St & Market St@@@166###Washington St & Mason St / Cable Car Museum@@@12,Powell St & Market St@@@86,,07:05:12,23:29:12,9.904761904761905,,9.904761904761905,,0,0,0,0,0,1,1
15368,Mason St & Union St,PM,POWELL-MASON CABLE CAR,5,B49A36,000000,0,Taylor St & Bay St@@@178,Taylor St & Bay St@@@88,,06:50:47,23:16:44,9.604651162790697,,9.604651162790697,,0,0,0,0,0,1,1
15369,Mason St & Union St,PM,POWELL-MASON CABLE CAR,5,B49A36,000000,1,Powell St & Market St@@@166###Washington St & Mason St / Cable Car Museum@@@12,Powell St & Market St@@@84,,07:03:11,23:27:11,9.878048780487806,,9.878048780487806,,0,0,0,0,0,1,1
15370,Mason St & Vallejo St,PM,POWELL-MASON CABLE CAR,5,B49A36,000000,0,Taylor St & Bay St@@@178,Taylor St & Bay St@@@88,,06:49:38,23:15:35,9.581395348837209,,9.581395348837209,,0,0,0,0,0,1,1
15371,Mason St & Vallejo St,PM,POWELL-MASON CABLE CAR,5,B49A36,000000,1,Powell St & Market St@@@166###Washington St & Mason St / Cable Car Museum@@@12,Powell St & Market St@@@84,,07:04:05,23:28:05,9.878048780487806,,9.878048780487806,,0,0,0,0,0,1,1
15372,Washington St & Mason St / Cable Car Museum,PH,POWELL-HYDE CABLE CAR,5,B49A36,000000,1,Powell St & Market St@@@212,Powell St & Market St@@@102,,06:26:03,23:14:04,8.32,,8.32,,0,0,0,0,0,1,1
15372,Washington St & Mason St / Cable Car Museum,PM,POWELL-MASON CABLE CAR,5,B49A36,000000,1,Powell St & Market St@@@176###Washington St & Mason St / Cable Car Museum@@@12,Powell St & Market St@@@90,,06:31:00,23:30:00,9.454545454545455,,9.454545454545455,,0,0,0,0,0,1,1
15384,Mcallister St & Baker St,5,FULTON,3,005B95,FFFFFF,0,6th Ave & Fulton St@@@22###Cabrillo St & La Playa St@@@272,Cabrillo St & La Playa St@@@118,6th Ave & Fulton St@@@2###Cabrillo St & La Playa St@@@14,05:20:56,29:26:21,7.051724137931035,28.0,7.051724137931035,28.0,0,0,0,0,0,1,1
15385,Mcallister St & Baker St,5,FULTON,3,005B95,FFFFFF,1,4th St & Market St@@@18###Transit Center Bay B@@@276,Transit Center Bay B@@@120,4th St & Market St@@@12,04:29:25,28:54:47,6.983050847457627,30.0,6.983050847457627,30.0,0,0,0,0,0,1,1
15389,Mcallister St & Divisadero St,5,FULTON,3,005B95,FFFFFF,0,6th Ave & Fulton St@@@22###Cabrillo St & La Playa St@@@272,Cabrillo St & La Playa St@@@118,6th Ave & Fulton St@@@2###Cabrillo St & La Playa St@@@14,05:19:54,29:25:31,7.051724137931035,28.0,7.051724137931035,28.0,0,0,0,0,0,1,1
15390,Mcallister St & Divisadero St,5,FULTON,3,005B95,FFFFFF,1,4th St & Market St@@@18###Transit Center Bay B@@@276,Transit Center Bay B@@@122,4th St & Market St@@@12,04:30:15,28:55:48,6.933333333333334,30.0,6.933333333333334,30.0,0,0,0,0,0,1,1
15391,Mcallister St & Fillmore St,5,FULTON,3,005B95,FFFFFF,0,6th Ave & Fulton St@@@22###Cabrillo St & La Playa St@@@272,Cabrillo St & La Playa St@@@120,6th Ave & Fulton St@@@2###Cabrillo St & La Playa St@@@14,05:18:00,29:24:00,7.0508474576271185,28.0,7.0508474576271185,28.0,0,0,0,0,0,1,1
15392,Mcallister St & Fillmore St,5,FULTON,3,005B95,FFFFFF,1,4th St & Market St@@@18###Transit Center Bay B@@@276,Transit Center Bay B@@@122,4th St & Market St@@@12,04:32:00,28:58:00,6.933333333333334,30.0,6.933333333333334,30.0,0,0,0,0,0,1,1
15393,Mcallister St & Gough St,5,FULTON,3,005B95,FFFFFF,0,6th Ave & Fulton St@@@22###Cabrillo St & La Playa St@@@272,Cabrillo St & La Playa St@@@118,6th Ave & Fulton St@@@2###Cabrillo St & La Playa St@@@14,05:15:09,29:20:27,7.0344827586206895,28.0,7.0344827586206895,28.0,0,0,0,0,0,1,1
15394,Mcallister St & Gough St,5,FULTON,3,005B95,FFFFFF,1,4th St & Market St@@@18###Transit Center Bay B@@@276,Transit Center Bay B@@@122,4th St & Market St@@@14,04:35:07,29:01:07,6.95,30.0,6.95,30.0,0,0,0,0,0,1,1
15395,Mcallister St & Hyde St,5,FULTON,3,005B95,FFFFFF,0,6th Ave & Fulton St@@@22###Cabrillo St & La Playa St@@@272,Cabrillo St & La Playa St@@@120,6th Ave & Fulton St@@@2###Cabrillo St & La Playa St@@@14,05:11:33,29:17:09,7.016949152542373,28.142857142857142,7.016949152542373,28.142857142857142,0,0,0,0,0,1,1
15396,Mcallister St & Hyde St,5,FULTON,3,005B95,FFFFFF,1,4th St & Market St@@@18###Transit Center Bay B@@@276,Transit Center Bay B@@@120,4th St & Market St@@@14,04:37:21,29:03:51,6.9491525423728815,30.0,6.9491525423728815,30.0,0,0,0,0,0,1,1
15396,Mcallister St & Hyde St,6,HAYES-PARNASSUS,3,005B95,FFFFFF,1,Hyde St & Grove St@@@116,Hyde St & Grove St@@@42,,05:23:26,24:27:26,20.2,,20.2,,0,0,0,0,0,1,1
15397,Mcallister St & Larkin St,5,FULTON,3,005B95,FFFFFF,0,6th Ave & Fulton St@@@22###Cabrillo St & La Playa St@@@272,Cabrillo St & La Playa St@@@120,6th Ave & Fulton St@@@2###Cabrillo St & La Playa St@@@14,05:12:18,29:17:44,7.016949152542373,28.0,7.016949152542373,28.0,0,0,0,0,0,1,1
15398,Mcallister St & Laguna St,5,FULTON,3,005B95,FFFFFF,0,6th Ave & Fulton St@@@22###Cabrillo St & La Playa St@@@272,Cabrillo St & La Playa St@@@120,6th Ave & Fulton St@@@2###Cabrillo St & La Playa St@@@14,05:16:22,29:21:58,7.0508474576271185,28.0,7.0508474576271185,28.0,0,0,0,0,0,1,1
15399,Mcallister St & Laguna St,5,FULTON,3,005B95,FFFFFF,1,4th St & Market St@@@18###Transit Center Bay B@@@276,Transit Center Bay B@@@120,4th St & Market St@@@12,04:33:44,28:59:44,6.932203389830509,30.0,6.932203389830509,30.0,0,0,0,0,0,1,1
15400,Mcallister St & Pierce St,5,FULTON,3,005B95,FFFFFF,0,6th Ave & Fulton St@@@22###Cabrillo St & La Playa St@@@272,Cabrillo St & La Playa St@@@118,6th Ave & Fulton St@@@2###Cabrillo St & La Playa St@@@14,05:18:54,29:24:43,7.051724137931035,28.0,7.051724137931035,28.0,0,0,0,0,0,1,1
15401,Mcallister St & Pierce St,5,FULTON,3,005B95,FFFFFF,1,4th St & Market St@@@18###Transit Center Bay B@@@276,Transit Center Bay B@@@122,4th St & Market St@@@12,04:31:04,28:56:50,6.933333333333334,30.0,6.933333333333334,30.0,0,0,0,0,0,1,1
15404,Mcallister St & Van Ness Ave,5,FULTON,3,005B95,FFFFFF,0,6th Ave & Fulton St@@@22###Cabrillo St & La Playa St@@@272,Cabrillo St & La Playa St@@@118,6th Ave & Fulton St@@@2###Cabrillo St & La Playa St@@@14,05:14:00,29:19:00,7.0344827586206895,28.0,7.0344827586206895,28.0,0,0,0,0,0,1,1
15405,Mcallister St & Van Ness Ave,5,FULTON,3,005B95,FFFFFF,1,4th St & Market St@@@18###Transit Center Bay B@@@276,Transit Center Bay B@@@122,4th St & Market St@@@14,04:36:00,29:02:00,6.95,30.0,6.95,30.0,0,0,0,0,0,1,1
15417,Metro Powell Station/Downtown,J,CHURCH,0,A96614,FFFFFF,1,Metro Embarcadero Station@@@122,Metro Embarcadero Station@@@56,,08:07:35,23:48:35,15.0,,15.0,,0,0,0,0,0,1,1
15417,Metro Powell Station/Downtown,K,INGLESIDE,0,437C93,FFFFFF,1,Metro Embarcadero Station@@@140###The Embarcadero & Folsom St@@@4,Metro Embarcadero Station@@@70,,08:14:35,23:52:35,12.088235294117647,,12.088235294117647,,0,0,0,0,0,1,1
15417,Metro Powell Station/Downtown,L,TARAVAL,0,942D83,FFFFFF,1,Metro Embarcadero Station@@@138###The Embarcadero & Folsom St@@@6,Metro Embarcadero Station@@@68,,08:22:35,24:11:35,12.090909090909092,,12.090909090909092,,0,0,0,0,0,1,1
15417,Metro Powell Station/Downtown,M,OCEAN VIEW,0,008547,FFFFFF,1,Metro Embarcadero Station@@@138###The Embarcadero & Folsom St@@@6,Metro Embarcadero Station@@@70,,08:18:35,24:02:35,12.088235294117647,,12.088235294117647,,0,0,0,0,0,1,1
15417,Metro Powell Station/Downtown,N,JUDAH,0,005B95,FFFFFF,1,King St & 4th St@@@154,King St & 4th St@@@70,,08:06:35,24:07:35,12.264705882352942,,12.264705882352942,,0,0,0,0,0,1,1
15418,Balboa Park BART/Mezzanine Level,M,OCEAN VIEW,0,008547,FFFFFF,1,Metro Embarcadero Station@@@4###Ulloa St & Lenox Way@@@18,,,05:00:00,07:54:00,,,,,0,0,0,0,0,1,1
15419,Metro Van Ness Station,J,CHURCH,0,A96614,FFFFFF,1,Metro Embarcadero Station@@@122,Metro Embarcadero Station@@@56,,08:05:00,23:46:00,15.0,,15.0,,0,0,0,0,0,1,1
15419,Metro Van Ness Station,K,INGLESIDE,0,437C93,FFFFFF,1,Metro Embarcadero Station@@@140###The Embarcadero & Folsom St@@@4,Metro Embarcadero Station@@@70,,08:12:00,23:50:00,12.088235294117647,,12.088235294117647,,0,0,0,0,0,1,1
15419,Metro Van Ness Station,L,TARAVAL,0,942D83,FFFFFF,1,Metro Embarcadero Station@@@138###The Embarcadero & Folsom St@@@6,Metro Embarcadero Station@@@70,,08:20:00,24:09:00,12.088235294117647,,12.088235294117647,,0,0,0,0,0,1,1
15419,Metro Van Ness Station,M,OCEAN VIEW,0,008547,FFFFFF,1,Metro Embarcadero Station@@@138###The Embarcadero & Folsom St@@@6,Metro Embarcadero Station@@@70,,08:16:00,24:00:00,12.088235294117647,,12.088235294117647,,0,0,0,0,0,1,1
15419,Metro Van Ness Station,N,JUDAH,0,005B95,FFFFFF,1,King St & 4th St@@@154,King St & 4th St@@@68,,08:04:00,24:05:00,12.272727272727273,,12.272727272727273,,0,0,0,0,0,1,1
15420,Monterey Blvd & Acadia St,23,MONTEREY,3,005B95,FFFFFF,0,Sloat Blvd & 47th Ave@@@66,Sloat Blvd & 47th Ave@@@30,,06:27:19,22:27:03,29.928571428571427,,29.928571428571427,,0,0,0,0,0,1,1
15420,Monterey Blvd & Acadia St,36,TERESITA,3,005B95,FFFFFF,1,Laguna Honda Blvd/Forest Hill Sta@@@58,Laguna Honda Blvd/Forest Hill Sta@@@28,,08:36:10,22:34:52,30.0,,30.0,,0,0,0,0,0,1,1
15422,Monterey Blvd & Baden St,23,MONTEREY,3,005B95,FFFFFF,0,Sloat Blvd & 47th Ave@@@66,Sloat Blvd & 47th Ave@@@30,,06:27:49,22:27:27,29.928571428571427,,29.928571428571427,,0,0,0,0,0,1,1
15422,Monterey Blvd & Baden St,36,TERESITA,3,005B95,FFFFFF,1,Laguna Honda Blvd/Forest Hill Sta@@@58,Laguna Honda Blvd/Forest Hill Sta@@@28,,08:36:37,22:35:13,30.0,,30.0,,0,0,0,0,0,1,1
15423,Monterey Blvd & Baden St,23,MONTEREY,3,005B95,FFFFFF,1,Palou Ave & 3rd St@@@66,Palou Ave & 3rd St@@@28,,06:23:28,22:23:28,30.076923076923077,,30.076923076923077,,0,0,0,0,0,1,1
15423,Monterey Blvd & Baden St,36,TERESITA,3,005B95,FFFFFF,0,Valencia St & Mission St@@@58,Valencia St & Mission St@@@28,,08:33:37,22:26:06,30.0,,30.0,,0,0,0,0,0,1,1
15424,Monterey Blvd & Congo St,23,MONTEREY,3,005B95,FFFFFF,0,Sloat Blvd & 47th Ave@@@66,Sloat Blvd & 47th Ave@@@28,,06:28:27,22:27:57,29.923076923076923,,29.923076923076923,,0,0,0,0,0,1,1
15424,Monterey Blvd & Congo St,36,TERESITA,3,005B95,FFFFFF,1,Laguna Honda Blvd/Forest Hill Sta@@@58,Laguna Honda Blvd/Forest Hill Sta@@@28,,08:37:10,22:35:38,30.0,,30.0,,0,0,0,0,0,1,1
15425,Monterey Blvd & Congo St,23,MONTEREY,3,005B95,FFFFFF,1,Palou Ave & 3rd St@@@66,Palou Ave & 3rd St@@@28,,06:22:59,22:22:59,30.076923076923077,,30.076923076923077,,0,0,0,0,0,1,1
15425,Monterey Blvd & Congo St,36,TERESITA,3,005B95,FFFFFF,0,Valencia St & Mission St@@@58,Valencia St & Mission St@@@28,,08:32:56,22:25:33,30.0,,30.0,,0,0,0,0,0,1,1
15426,Monterey Blvd & Detroit St,23,MONTEREY,3,005B95,FFFFFF,0,Sloat Blvd & 47th Ave@@@66,Sloat Blvd & 47th Ave@@@28,,06:29:11,22:28:33,29.923076923076923,,29.923076923076923,,0,0,0,0,0,1,1
15426,Monterey Blvd & Detroit St,36,TERESITA,3,005B95,FFFFFF,1,Laguna Honda Blvd/Forest Hill Sta@@@58,Laguna Honda Blvd/Forest Hill Sta@@@28,,08:37:50,22:36:07,30.0,,30.0,,0,0,0,0,0,1,1
15427,Monterey Blvd & Detroit St,23,MONTEREY,3,005B95,FFFFFF,1,Palou Ave & 3rd St@@@66,Palou Ave & 3rd St@@@28,,06:22:34,22:22:34,30.076923076923077,,30.076923076923077,,0,0,0,0,0,1,1
15427,Monterey Blvd & Detroit St,36,TERESITA,3,005B95,FFFFFF,0,Valencia St & Mission St@@@58,Valencia St & Mission St@@@28,,08:32:22,22:25:06,30.0,,30.0,,0,0,0,0,0,1,1
15428,Monterey Blvd & Edna St,23,MONTEREY,3,005B95,FFFFFF,0,Sloat Blvd & 47th Ave@@@66,Sloat Blvd & 47th Ave@@@28,,06:29:41,22:28:57,29.923076923076923,,29.923076923076923,,0,0,0,0,0,1,1
15428,Monterey Blvd & Edna St,36,TERESITA,3,005B95,FFFFFF,1,Laguna Honda Blvd/Forest Hill Sta@@@58,Laguna Honda Blvd/Forest Hill Sta@@@28,,08:38:17,22:36:27,30.0,,30.0,,0,0,0,0,0,1,1
15429,Monterey Blvd & Edna St,23,MONTEREY,3,005B95,FFFFFF,1,Palou Ave & 3rd St@@@66,Palou Ave & 3rd St@@@28,,06:21:59,22:21:59,30.076923076923077,,30.076923076923077,,0,0,0,0,0,1,1
15429,Monterey Blvd & Edna St,36,TERESITA,3,005B95,FFFFFF,0,Valencia St & Mission St@@@58,Valencia St & Mission St@@@28,,08:31:33,22:24:26,30.0,,30.0,,0,0,0,0,0,1,1
15430,Monterey Blvd & El Verano Way,23,MONTEREY,3,005B95,FFFFFF,0,Sloat Blvd & 47th Ave@@@66,Sloat Blvd & 47th Ave@@@28,,06:33:38,22:32:12,30.0,,30.0,,0,0,0,0,0,1,1
15431,Monterey Blvd & Faxon Ave,23,MONTEREY,3,005B95,FFFFFF,1,Palou Ave & 3rd St@@@66,Palou Ave & 3rd St@@@28,,06:19:13,22:19:13,30.076923076923077,,30.076923076923077,,0,0,0,0,0,1,1
15432,Monterey Blvd & Foerster St,23,MONTEREY,3,005B95,FFFFFF,0,Sloat Blvd & 47th Ave@@@66,Sloat Blvd & 47th Ave@@@28,,06:30:25,22:29:32,29.923076923076923,,29.923076923076923,,0,0,0,0,0,1,1
15432,Monterey Blvd & Foerster St,43,MASONIC,3,005B95,FFFFFF,1,Marina Blvd & Laguna St@@@112,Marina Blvd & Laguna St@@@42,,05:15:15,24:05:15,19.95,,19.95,,0,0,0,0,0,1,1
15433,Monterey Blvd & Foerster St,23,MONTEREY,3,005B95,FFFFFF,1,Palou Ave & 3rd St@@@66,Palou Ave & 3rd St@@@28,,06:21:35,22:21:35,30.076923076923077,,30.076923076923077,,0,0,0,0,0,1,1
15433,Monterey Blvd & Foerster St,36,TERESITA,3,005B95,FFFFFF,0,Valencia St & Mission St@@@58,Valencia St & Mission St@@@28,,08:31:00,22:24:00,30.0,,30.0,,0,0,0,0,0,1,1
15434,Monterey Blvd & Gennessee St,23,MONTEREY,3,005B95,FFFFFF,1,Palou Ave & 3rd St@@@66,Palou Ave & 3rd St@@@28,,06:21:00,22:21:00,30.076923076923077,,30.076923076923077,,0,0,0,0,0,1,1
15434,Monterey Blvd & Gennessee St,43,MASONIC,3,005B95,FFFFFF,0,Munich St & Geneva Ave@@@112,Munich St & Geneva Ave@@@40,,05:42:00,24:35:00,20.736842105263158,,20.736842105263158,,0,0,0,0,0,1,1
15435,Monterey Blvd & Gennessee St,23,MONTEREY,3,005B95,FFFFFF,0,Sloat Blvd & 47th Ave@@@66,Sloat Blvd & 47th Ave@@@28,,06:31:00,22:30:00,29.923076923076923,,29.923076923076923,,0,0,0,0,0,1,1
15435,Monterey Blvd & Gennessee St,43,MASONIC,3,005B95,FFFFFF,1,Marina Blvd & Laguna St@@@112,Marina Blvd & Laguna St@@@42,,05:16:00,24:06:00,19.95,,19.95,,0,0,0,0,0,1,1
15436,Monterey Blvd & Northgate Dr,23,MONTEREY,3,005B95,FFFFFF,1,Palou Ave & 3rd St@@@66,Palou Ave & 3rd St@@@28,,06:18:27,22:18:27,30.076923076923077,,30.076923076923077,,0,0,0,0,0,1,1
15437,Monterey Blvd & Plymouth Ave,23,MONTEREY,3,005B95,FFFFFF,0,Sloat Blvd & 47th Ave@@@66,Sloat Blvd & 47th Ave@@@28,,06:32:29,22:31:14,29.923076923076923,,29.923076923076923,,0,0,0,0,0,1,1
15437,Monterey Blvd & Plymouth Ave,43,MASONIC,3,005B95,FFFFFF,1,Marina Blvd & Laguna St@@@112,Marina Blvd & Laguna St@@@42,,05:17:21,24:07:21,20.05,,20.05,,0,0,0,0,0,1,1
15438,Monterey Blvd & Plymouth Ave,23,MONTEREY,3,005B95,FFFFFF,1,Palou Ave & 3rd St@@@66,Palou Ave & 3rd St@@@28,,06:19:35,22:19:35,30.076923076923077,,30.076923076923077,,0,0,0,0,0,1,1
15439,Monterey Blvd & Ridgewood Ave,23,MONTEREY,3,005B95,FFFFFF,0,Sloat Blvd & 47th Ave@@@66,Sloat Blvd & 47th Ave@@@28,,06:31:27,22:30:23,29.923076923076923,,29.923076923076923,,0,0,0,0,0,1,1
15439,Monterey Blvd & Ridgewood Ave,43,MASONIC,3,005B95,FFFFFF,1,Marina Blvd & Laguna St@@@112,Marina Blvd & Laguna St@@@40,,05:16:25,24:06:25,19.94736842105263,,19.94736842105263,,0,0,0,0,0,1,1
15440,Monterey Blvd & Ridgewood Ave,23,MONTEREY,3,005B95,FFFFFF,1,Palou Ave & 3rd St@@@66,Palou Ave & 3rd St@@@28,,06:20:46,22:20:46,30.076923076923077,,30.076923076923077,,0,0,0,0,0,1,1
15440,Monterey Blvd & Ridgewood Ave,43,MASONIC,3,005B95,FFFFFF,0,Munich St & Geneva Ave@@@112,Munich St & Geneva Ave@@@40,,05:41:40,24:34:40,20.736842105263158,,20.736842105263158,,0,0,0,0,0,1,1
15441,Monterey Blvd & Saint Elmo Waye,23,MONTEREY,3,005B95,FFFFFF,0,Sloat Blvd & 47th Ave@@@66,Sloat Blvd & 47th Ave@@@28,,06:33:18,22:31:55,29.923076923076923,,29.923076923076923,,0,0,0,0,0,1,1
15442,Monterey Blvd & San Aleso Ave,23,MONTEREY,3,005B95,FFFFFF,1,Palou Ave & 3rd St@@@66,Palou Ave & 3rd St@@@28,,06:17:24,22:17:24,30.076923076923077,,30.076923076923077,,0,0,0,0,0,1,1
15443,Monterey Blvd & San Jacinto Way,23,MONTEREY,3,005B95,FFFFFF,0,Sloat Blvd & 47th Ave@@@66,Sloat Blvd & 47th Ave@@@28,,06:34:36,22:33:00,30.0,,30.0,,0,0,0,0,0,1,1
15444,Monterey Blvd & Valdez Ave,23,MONTEREY,3,005B95,FFFFFF,0,Sloat Blvd & 47th Ave@@@66,Sloat Blvd & 47th Ave@@@28,,06:32:03,22:30:53,29.923076923076923,,29.923076923076923,,0,0,0,0,0,1,1
15444,Monterey Blvd & Valdez Ave,43,MASONIC,3,005B95,FFFFFF,1,Marina Blvd & Laguna St@@@112,Marina Blvd & Laguna St@@@42,,05:16:58,24:06:58,20.05,,20.05,,0,0,0,0,0,1,1
15445,Monterey Blvd & Valdez Ave,23,MONTEREY,3,005B95,FFFFFF,1,Palou Ave & 3rd St@@@66,Palou Ave & 3rd St@@@28,,06:20:04,22:20:04,30.076923076923077,,30.076923076923077,,0,0,0,0,0,1,1
15445,Monterey Blvd & Valdez Ave,43,MASONIC,3,005B95,FFFFFF,0,Munich St & Geneva Ave@@@112,Munich St & Geneva Ave@@@42,,05:41:01,24:34:01,20.7,,20.7,,0,0,0,0,0,1,1
15446,Mt Vernon Ave & Howth St,54,FELTON,3,005B95,FFFFFF,1,Newhall St & Hudson@@@96,Newhall St & Hudson@@@42,,05:44:30,22:04:30,20.0,,20.0,,0,0,0,0,0,1,1
15447,Mt Vernon Ave & Louisburg St,54,FELTON,3,005B95,FFFFFF,1,Newhall St & Hudson@@@96,Newhall St & Hudson@@@42,,05:44:44,22:04:44,20.0,,20.0,,0,0,0,0,0,1,1
15450,555 Myra Way,36,TERESITA,3,005B95,FFFFFF,0,Valencia St & Mission St@@@54,Valencia St & Mission St@@@28,,08:25:51,21:22:51,30.0,,30.0,,0,0,0,0,0,1,1
15450,555 Myra Way,36,TERESITA,3,005B95,FFFFFF,1,Laguna Honda Blvd/Forest Hill Sta@@@52,Laguna Honda Blvd/Forest Hill Sta@@@28,,08:46:51,21:14:51,30.0,,30.0,,0,0,0,0,0,1,1
15451,555 Myra Way,36,TERESITA,3,005B95,FFFFFF,0,Valencia St & Mission St@@@54,Valencia St & Mission St@@@28,,08:23:42,21:21:08,30.0,,30.0,,0,0,0,0,0,1,1
15451,555 Myra Way,36,TERESITA,3,005B95,FFFFFF,1,Laguna Honda Blvd/Forest Hill Sta@@@52,Laguna Honda Blvd/Forest Hill Sta@@@28,,08:44:42,21:12:42,30.0,,30.0,,0,0,0,0,0,1,1
15452,Myra Way & Dalewood Way,36,TERESITA,3,005B95,FFFFFF,0,Valencia St & Mission St@@@54,Valencia St & Mission St@@@28,,08:25:00,21:22:00,30.0,,30.0,,0,0,0,0,0,1,1
15452,Myra Way & Dalewood Way,36,TERESITA,3,005B95,FFFFFF,1,Laguna Honda Blvd/Forest Hill Sta@@@52,Laguna Honda Blvd/Forest Hill Sta@@@28,,08:46:00,21:14:00,30.0,,30.0,,0,0,0,0,0,1,1
15453,Myra Way & Molimo Dr,36,TERESITA,3,005B95,FFFFFF,0,Valencia St & Mission St@@@54,Valencia St & Mission St@@@28,,08:24:03,21:21:22,30.0,,30.0,,0,0,0,0,0,1,1
15453,Myra Way & Molimo Dr,36,TERESITA,3,005B95,FFFFFF,1,Laguna Honda Blvd/Forest Hill Sta@@@52,Laguna Honda Blvd/Forest Hill Sta@@@28,,08:45:03,21:13:03,30.0,,30.0,,0,0,0,0,0,1,1
15454,Myra Way & Molimo Dr,36,TERESITA,3,005B95,FFFFFF,0,Valencia St & Mission St@@@54,Valencia St & Mission St@@@28,,08:25:35,21:22:35,30.0,,30.0,,0,0,0,0,0,1,1
15454,Myra Way & Molimo Dr,36,TERESITA,3,005B95,FFFFFF,1,Laguna Honda Blvd/Forest Hill Sta@@@52,Laguna Honda Blvd/Forest Hill Sta@@@28,,08:46:35,21:14:35,30.0,,30.0,,0,0,0,0,0,1,1
15455,Myra Way & Omar Way,36,TERESITA,3,005B95,FFFFFF,0,Valencia St & Mission St@@@54,Valencia St & Mission St@@@28,,08:26:08,21:23:08,30.0,,30.0,,0,0,0,0,0,1,1
15455,Myra Way & Omar Way,36,TERESITA,3,005B95,FFFFFF,1,Laguna Honda Blvd/Forest Hill Sta@@@52,Laguna Honda Blvd/Forest Hill Sta@@@28,,08:47:08,21:15:08,30.0,,30.0,,0,0,0,0,0,1,1
15456,Myra Way & Omar Way,36,TERESITA,3,005B95,FFFFFF,0,Valencia St & Mission St@@@54,Valencia St & Mission St@@@28,,08:23:08,21:20:45,30.0,,30.0,,0,0,0,0,0,1,1
15456,Myra Way & Omar Way,36,TERESITA,3,005B95,FFFFFF,1,Laguna Honda Blvd/Forest Hill Sta@@@52,Laguna Honda Blvd/Forest Hill Sta@@@28,,08:44:08,21:12:08,30.0,,30.0,,0,0,0,0,0,1,1
15458,North Point St & Hyde St,28,19TH AVENUE,3,005B95,FFFFFF,0,Daly City BART Stop D4@@@168,Daly City BART Stop D4@@@70,,05:03:33,24:05:28,11.911764705882353,,11.911764705882353,,0,0,0,0,0,1,1
15458,North Point St & Hyde St,30,STOCKTON,3,005B95,FFFFFF,0,Crissy Field Terminal@@@104###Divisadero St & Chestnut St@@@36###Van Ness Ave & North Point St@@@54,Crissy Field Terminal@@@56###Van Ness Ave & North Point St@@@44,,05:25:05,24:19:05,8.489795918367347,,8.489795918367347,,0,0,0,0,0,1,1
15458,North Point St & Hyde St,91,3RD-19TH AVE OWL,3,666666,FFFFFF,1,19th Ave & Holloway/Sf State@@@24,,19th Ave & Holloway/Sf State@@@18,24:51:43,30:21:43,,30.0,,30.0,0,0,0,0,0,1,1
15459,North Point St & Hyde St,28,19TH AVENUE,3,005B95,FFFFFF,1,Powell St & Beach St@@@170,Powell St & Beach St@@@68,,05:41:37,24:43:37,12.454545454545455,,12.454545454545455,,0,0,0,0,0,1,1
15459,North Point St & Hyde St,30,STOCKTON,3,005B95,FFFFFF,1,4th St & Mission St / Moscone Center@@@54###Townsend St & 4th St/Caltrain@@@136,4th St & Mission St / Moscone Center@@@42###Townsend St & 4th St/Caltrain@@@54,,06:02:39,24:09:39,8.574468085106384,,8.574468085106384,,0,0,0,0,0,1,1
15459,North Point St & Hyde St,91,3RD-19TH AVE OWL,3,666666,FFFFFF,0,Ulloa St & West Portal Ave@@@22,,Ulloa St & West Portal Ave@@@16,24:35:25,29:35:25,,30.0,,30.0,0,0,0,0,0,1,1
15460,North Point St & Jones St,28,19TH AVENUE,3,005B95,FFFFFF,0,Daly City BART Stop D4@@@168,Daly City BART Stop D4@@@72,,05:02:46,24:04:06,11.885714285714286,,11.885714285714286,,0,0,0,0,0,1,1
15461,North Point St & Jones St,28,19TH AVENUE,3,005B95,FFFFFF,1,Powell St & Beach St@@@170,Powell St & Beach St@@@68,,05:42:31,24:44:31,12.454545454545455,,12.454545454545455,,0,0,0,0,0,1,1
15462,North Point St & Kearny St,8,BAYSHORE,3,005B95,FFFFFF,0,City College Terminal@@@260,City College Terminal@@@120,,05:00:18,24:00:21,7.0,,7.0,,0,0,0,0,0,1,1
15466,North Point St & Mason St,28,19TH AVENUE,3,005B95,FFFFFF,0,Daly City BART Stop D4@@@168,Daly City BART Stop D4@@@72,,05:01:54,24:02:34,11.885714285714286,,11.885714285714286,,0,0,0,0,0,1,1
15467,North Point St & Mason St,28,19TH AVENUE,3,005B95,FFFFFF,1,Powell St & Beach St@@@170,Powell St & Beach St@@@68,,05:43:33,24:45:33,12.454545454545455,,12.454545454545455,,0,0,0,0,0,1,1
15468,North Point St & Polk St,28,19TH AVENUE,3,005B95,FFFFFF,0,Daly City BART Stop D4@@@168,Daly City BART Stop D4@@@70,,05:04:35,24:07:17,11.911764705882353,,11.911764705882353,,0,0,0,0,0,1,1
15468,North Point St & Polk St,30,STOCKTON,3,005B95,FFFFFF,0,Crissy Field Terminal@@@104###Divisadero St & Chestnut St@@@36###Van Ness Ave & North Point St@@@54,Crissy Field Terminal@@@54###Van Ness Ave & North Point St@@@44,,05:26:20,24:20:20,8.4375,,8.4375,,0,0,0,0,0,1,1
15468,North Point St & Polk St,91,3RD-19TH AVE OWL,3,666666,FFFFFF,1,19th Ave & Holloway/Sf State@@@24,,19th Ave & Holloway/Sf State@@@18,24:52:51,30:22:51,,30.0,,30.0,0,0,0,0,0,1,1
15469,North Point St & Polk St,19,POLK,3,005B95,FFFFFF,1,Beach St & Polk St@@@102,Beach St & Polk St@@@40,,05:54:34,22:45:34,20.263157894736842,,20.263157894736842,,0,0,0,0,0,1,1
15469,North Point St & Polk St,28,19TH AVENUE,3,005B95,FFFFFF,1,Powell St & Beach St@@@170,Powell St & Beach St@@@68,,05:40:46,24:42:46,12.454545454545455,,12.454545454545455,,0,0,0,0,0,1,1
15469,North Point St & Polk St,30,STOCKTON,3,005B95,FFFFFF,1,4th St & Mission St / Moscone Center@@@54###Townsend St & 4th St/Caltrain@@@136,4th St & Mission St / Moscone Center@@@42###Townsend St & 4th St/Caltrain@@@56,,06:01:32,24:08:32,8.6875,,8.6875,,0,0,0,0,0,1,1
15469,North Point St & Polk St,91,3RD-19TH AVE OWL,3,666666,FFFFFF,0,Ulloa St & West Portal Ave@@@22,,Ulloa St & West Portal Ave@@@16,24:34:30,29:34:30,,30.0,,30.0,0,0,0,0,0,1,1
15470,North Point St & Stockton St,8,BAYSHORE,3,005B95,FFFFFF,0,City College Terminal@@@260,City College Terminal@@@120,,05:01:09,24:01:23,7.0,,7.0,,0,0,0,0,0,1,1
15471,North Point St & Stockton St,39,COIT,3,005B95,FFFFFF,0,Coit Tower@@@62,Coit Tower@@@42,,09:05:00,19:05:00,20.0,,20.0,,0,0,0,0,0,1,1
15472,North Point St & Van Ness Ave,30,STOCKTON,3,005B95,FFFFFF,1,4th St & Mission St / Moscone Center@@@54###Townsend St & 4th St/Caltrain@@@136,4th St & Mission St / Moscone Center@@@42###Townsend St & 4th St/Caltrain@@@56,,06:01:00,24:08:00,8.6875,,8.6875,,0,0,0,0,0,1,1
15472,North Point St & Van Ness Ave,91,3RD-19TH AVE OWL,3,666666,FFFFFF,0,Ulloa St & West Portal Ave@@@22,,Ulloa St & West Portal Ave@@@16,24:34:03,29:34:03,,30.0,,30.0,0,0,0,0,0,1,1
15474,Naples St & Athens St,43,MASONIC,3,005B95,FFFFFF,1,Marina Blvd & Laguna St@@@112,Marina Blvd & Laguna St@@@42,,05:04:38,23:54:38,19.95,,19.95,,0,0,0,0,0,1,1
15475,Naples St & Brunswick St,43,MASONIC,3,005B95,FFFFFF,0,Munich St & Geneva Ave@@@112,Munich St & Geneva Ave@@@42,,05:52:41,24:45:41,20.7,,20.7,,0,0,0,0,0,1,1
15476,Naples St & Brazil Ave,52,EXCELSIOR,3,005B95,FFFFFF,0,Dublin St & La Grande Ave@@@58,Dublin St & La Grande Ave@@@26,,08:28:19,22:29:19,30.166666666666668,,30.166666666666668,,0,0,0,0,0,1,1
15477,Naples St & Curtis St,43,MASONIC,3,005B95,FFFFFF,0,Munich St & Geneva Ave@@@112,Munich St & Geneva Ave@@@42,,05:52:59,24:45:59,20.7,,20.7,,0,0,0,0,0,1,1
15482,Naples St & Rolph St,43,MASONIC,3,005B95,FFFFFF,1,Marina Blvd & Laguna St@@@112,Marina Blvd & Laguna St@@@42,,05:05:03,23:55:03,19.95,,19.95,,0,0,0,0,0,1,1
15483,Naples St & Rolph St,43,MASONIC,3,005B95,FFFFFF,0,Munich St & Geneva Ave@@@112,Munich St & Geneva Ave@@@40,,05:51:54,24:44:54,20.736842105263158,,20.736842105263158,,0,0,0,0,0,1,1
15485,Naples St & Seville St,43,MASONIC,3,005B95,FFFFFF,1,Marina Blvd & Laguna St@@@112,Marina Blvd & Laguna St@@@42,,05:04:18,23:54:18,19.95,,19.95,,0,0,0,0,0,1,1
15486,Newcomb Ave & Keith St,44,O'SHAUGHNESSY,3,005B95,FFFFFF,1,Bosworth St & Diamond St@@@20###California St & 6th Ave@@@170,California St & 6th Ave@@@70,Bosworth St & Diamond St@@@14,05:07:41,29:17:15,12.0,31.666666666666668,12.0,31.666666666666668,0,0,0,0,0,1,1
15487,Newcomb Ave & Keith St,44,O'SHAUGHNESSY,3,005B95,FFFFFF,0,Hudson Ave & 3rd St@@@186,Hudson Ave & 3rd St@@@68,Hudson Ave & 3rd St@@@16,06:33:47,29:50:47,12.212121212121213,31.857142857142858,12.212121212121213,31.857142857142858,0,0,0,0,0,1,1
15488,Newcomb Ave & La Salle Ave,44,O'SHAUGHNESSY,3,005B95,FFFFFF,0,Hudson Ave & 3rd St@@@186,Hudson Ave & 3rd St@@@68,Hudson Ave & 3rd St@@@16,06:34:07,29:51:07,12.212121212121213,31.857142857142858,12.212121212121213,31.857142857142858,0,0,0,0,0,1,1
15489,Newcomb Ave & La Salle Ave,44,O'SHAUGHNESSY,3,005B95,FFFFFF,1,Bosworth St & Diamond St@@@20###California St & 6th Ave@@@170,California St & 6th Ave@@@70,Bosworth St & Diamond St@@@14,05:07:24,29:16:52,12.0,31.666666666666668,12.0,31.666666666666668,0,0,0,0,0,1,1
15490,Newcomb Ave & Newhall St,24,DIVISADERO,3,005B95,FFFFFF,1,Divisadero St & Sutter St@@@8###Fillmore St & Jackson St@@@16###Jackson St & Webster St@@@158,Jackson St & Webster St@@@70,,05:07:59,24:26:50,12.088235294117647,,12.088235294117647,,0,0,0,0,0,1,1
15491,Newhall St & Oakdale Ave,24,DIVISADERO,3,005B95,FFFFFF,1,Divisadero St & Sutter St@@@8###Fillmore St & Jackson St@@@16###Jackson St & Webster St@@@158,Jackson St & Webster St@@@70,,05:08:15,24:27:04,12.088235294117647,,12.088235294117647,,0,0,0,0,0,1,1
15500,Middle Point Rd & Innes Ave,19,POLK,3,005B95,FFFFFF,0,Galvez Ave & Hill Ave@@@102,Galvez Ave & Hill Ave@@@42,,05:40:25,22:42:56,20.35,,20.35,,0,0,0,0,0,1,1
15500,Middle Point Rd & Innes Ave,44,O'SHAUGHNESSY,3,005B95,FFFFFF,1,Bosworth St & Diamond St@@@20###California St & 6th Ave@@@170,California St & 6th Ave@@@70,Bosworth St & Diamond St@@@14,05:05:02,29:14:12,12.0,31.666666666666668,12.0,31.666666666666668,0,0,0,0,0,1,1
15501,Middle Point Rd & Acacia Ave,19,POLK,3,005B95,FFFFFF,1,Beach St & Polk St@@@102,Beach St & Polk St@@@42,,05:14:24,22:03:47,20.0,,20.0,,0,0,0,0,0,1,1
15501,Middle Point Rd & Acacia Ave,44,O'SHAUGHNESSY,3,005B95,FFFFFF,0,Hudson Ave & 3rd St@@@186,Hudson Ave & 3rd St@@@68,Hudson Ave & 3rd St@@@16,06:37:30,29:54:12,12.212121212121213,31.857142857142858,12.212121212121213,31.857142857142858,0,0,0,0,0,1,1
15503,Middle Point Rd & Fairfax Ave,19,POLK,3,005B95,FFFFFF,1,Beach St & Polk St@@@102,Beach St & Polk St@@@42,,05:13:53,22:03:20,20.0,,20.0,,0,0,0,0,0,1,1
15503,Middle Point Rd & Fairfax Ave,44,O'SHAUGHNESSY,3,005B95,FFFFFF,0,Hudson Ave & 3rd St@@@186,Hudson Ave & 3rd St@@@68,Hudson Ave & 3rd St@@@16,06:36:56,29:53:44,12.242424242424242,31.857142857142858,12.242424242424242,31.857142857142858,0,0,0,0,0,1,1
15504,Middle Point Rd & Fair Fax Ave,19,POLK,3,005B95,FFFFFF,0,Galvez Ave & Hill Ave@@@102,Galvez Ave & Hill Ave@@@42,,05:40:11,22:42:44,20.35,,20.35,,0,0,0,0,0,1,1
15504,Middle Point Rd & Fair Fax Ave,44,O'SHAUGHNESSY,3,005B95,FFFFFF,1,Bosworth St & Diamond St@@@20###California St & 6th Ave@@@170,California St & 6th Ave@@@70,Bosworth St & Diamond St@@@14,05:04:45,29:13:58,12.0,31.666666666666668,12.0,31.666666666666668,0,0,0,0,0,1,1
15505,Mendell St & Cargo Way,91,3RD-19TH AVE OWL,3,666666,FFFFFF,1,19th Ave & Holloway/Sf State@@@24,,19th Ave & Holloway/Sf State@@@16,24:22:39,29:52:39,,30.0,,30.0,0,0,0,0,0,1,1
15507,Mendell St & Newhall St,91,3RD-19TH AVE OWL,3,666666,FFFFFF,1,19th Ave & Holloway/Sf State@@@24,,19th Ave & Holloway/Sf State@@@16,24:22:22,29:52:22,,30.0,,30.0,0,0,0,0,0,1,1
15508,Mendell St & Newhall St,91,3RD-19TH AVE OWL,3,666666,FFFFFF,0,Ulloa St & West Portal Ave@@@26,,Ulloa St & West Portal Ave@@@18,24:05:35,30:05:35,,30.0,,30.0,0,0,0,0,0,1,1
15509,Mendell St/Us Post Office,91,3RD-19TH AVE OWL,3,666666,FFFFFF,1,19th Ave & Holloway/Sf State@@@24,,19th Ave & Holloway/Sf State@@@16,24:22:00,29:52:00,,30.0,,30.0,0,0,0,0,0,1,1
15510,Mendell St Opposite Us Post Office,91,3RD-19TH AVE OWL,3,666666,FFFFFF,0,Ulloa St & West Portal Ave@@@26,,Ulloa St & West Portal Ave@@@18,24:06:00,30:06:00,,30.0,,30.0,0,0,0,0,0,1,1
15511,V.A. Hospital,38,GEARY,3,005B95,FFFFFF,0,48th Ave & Point Lobos Ave@@@28###V.A. Hospital@@@82,V.A. Hospital@@@42,,06:10:00,24:27:00,,,,,0,0,0,0,0,1,1
15511,V.A. Hospital,38,GEARY,3,005B95,FFFFFF,1,Transit Center Bay D@@@90,Transit Center Bay D@@@42,,06:07:00,20:48:00,20.0,,20.0,,0,0,0,0,0,1,1
15513,126 Miraloma Dr,43,MASONIC,3,005B95,FFFFFF,0,Munich St & Geneva Ave@@@112,Munich St & Geneva Ave@@@42,,05:38:20,24:31:20,20.7,,20.7,,0,0,0,0,0,1,1
15514,Miraloma Dr & Bengal Aly,43,MASONIC,3,005B95,FFFFFF,1,Marina Blvd & Laguna St@@@112,Marina Blvd & Laguna St@@@42,,05:19:43,24:09:43,20.05,,20.05,,0,0,0,0,0,1,1
15515,Miraloma Dr & Juanita Way,43,MASONIC,3,005B95,FFFFFF,0,Munich St & Geneva Ave@@@112,Munich St & Geneva Ave@@@42,,05:37:35,24:30:35,20.7,,20.7,,0,0,0,0,0,1,1
15516,Miraloma Dr & Juanita Way,43,MASONIC,3,005B95,FFFFFF,1,Marina Blvd & Laguna St@@@112,Marina Blvd & Laguna St@@@42,,05:20:25,24:10:25,20.1,,20.1,,0,0,0,0,0,1,1
15517,Miraloma Dr & Marne Ave,43,MASONIC,3,005B95,FFFFFF,1,Marina Blvd & Laguna St@@@112,Marina Blvd & Laguna St@@@42,,05:20:51,24:10:51,20.1,,20.1,,0,0,0,0,0,1,1
15518,Miraloma Dr & Marne Ave,43,MASONIC,3,005B95,FFFFFF,0,Munich St & Geneva Ave@@@112,Munich St & Geneva Ave@@@42,,05:37:11,24:30:11,20.7,,20.7,,0,0,0,0,0,1,1
15519,Miraloma Dr & Yerba Buena Ave,43,MASONIC,3,005B95,FFFFFF,0,Munich St & Geneva Ave@@@112,Munich St & Geneva Ave@@@42,,05:39:00,24:32:00,20.7,,20.7,,0,0,0,0,0,1,1
15528,Mission St & 1st St,14,MISSION,3,005B95,FFFFFF,0,Mission St & San Jose Ave@@@310,Mission St & San Jose Ave@@@106,Mission St & San Jose Ave@@@28,05:12:22,29:02:22,7.903846153846154,13.384615384615385,7.903846153846154,13.384615384615385,0,0,0,0,0,1,1
15528,Mission St & 1st St,14R,MISSION RAPID,3,BF2B45,FFFFFF,0,Daly City BART Stop C1@@@182,Daly City BART Stop C1@@@84,,05:31:19,22:01:32,10.0,,10.0,,0,0,0,0,0,1,1
15529,Mission St & 2nd St,14,MISSION,3,005B95,FFFFFF,0,Mission St & San Jose Ave@@@310,Mission St & San Jose Ave@@@106,Mission St & San Jose Ave@@@28,05:13:50,29:03:50,7.884615384615385,13.384615384615385,7.884615384615385,13.384615384615385,0,0,0,0,0,1,1
15529,Mission St & 2nd St,14R,MISSION RAPID,3,BF2B45,FFFFFF,0,Daly City BART Stop C1@@@182,Daly City BART Stop C1@@@84,,05:32:44,22:03:11,10.0,,10.0,,0,0,0,0,0,1,1
15530,Mission St & 2nd St,14,MISSION,3,005B95,FFFFFF,1,Steuart St & Mission St@@@312,Steuart St & Mission St@@@104,Steuart St & Mission St@@@34,05:57:44,29:39:31,8.117647058823529,13.6875,8.117647058823529,13.6875,0,0,0,0,0,1,1
15530,Mission St & 2nd St,14R,MISSION RAPID,3,BF2B45,FFFFFF,1,Mission St & Main St@@@184,Mission St & Main St@@@84,,05:40:38,22:47:00,10.195121951219512,,10.195121951219512,,0,0,0,0,0,1,1
15531,Mission St & 3rd St,14,MISSION,3,005B95,FFFFFF,1,Steuart St & Mission St@@@312,Steuart St & Mission St@@@102,Steuart St & Mission St@@@32,05:57:01,29:38:36,8.1,13.733333333333333,8.1,13.733333333333333,0,0,0,0,0,1,1
15531,Mission St & 3rd St,14R,MISSION RAPID,3,BF2B45,FFFFFF,1,Mission St & Main St@@@184,Mission St & Main St@@@82,,05:39:41,22:45:57,10.175,,10.175,,0,0,0,0,0,1,1
15532,Mission St & 3rd St,14,MISSION,3,005B95,FFFFFF,0,Mission St & San Jose Ave@@@310,Mission St & San Jose Ave@@@106,Mission St & San Jose Ave@@@28,05:15:04,29:05:04,7.903846153846154,13.384615384615385,7.903846153846154,13.384615384615385,0,0,0,0,0,1,1
15532,Mission St & 3rd St,14R,MISSION RAPID,3,BF2B45,FFFFFF,0,Daly City BART Stop C1@@@182,Daly City BART Stop C1@@@84,,05:33:53,22:04:32,10.024390243902438,,10.024390243902438,,0,0,0,0,0,1,1
15533,Mission St & 4th St / Moscone Center,14,MISSION,3,005B95,FFFFFF,1,Steuart St & Mission St@@@312,Steuart St & Mission St@@@104,Steuart St & Mission St@@@32,05:56:02,29:37:20,8.098039215686274,13.733333333333333,8.098039215686274,13.733333333333333,0,0,0,0,0,1,1
15533,Mission St & 4th St / Moscone Center,14R,MISSION RAPID,3,BF2B45,FFFFFF,1,Mission St & Main St@@@184,Mission St & Main St@@@82,,05:38:23,22:44:31,10.175,,10.175,,0,0,0,0,0,1,1
15534,Mission St & 4th St / Moscone Center,14,MISSION,3,005B95,FFFFFF,0,Mission St & San Jose Ave@@@310,Mission St & San Jose Ave@@@106,Mission St & San Jose Ave@@@28,05:16:09,29:06:09,7.884615384615385,13.384615384615385,7.884615384615385,13.384615384615385,0,0,0,0,0,1,1
15534,Mission St & 4th St / Moscone Center,14R,MISSION RAPID,3,BF2B45,FFFFFF,0,Daly City BART Stop C1@@@182,Daly City BART Stop C1@@@84,,05:34:56,22:05:45,10.024390243902438,,10.024390243902438,,0,0,0,0,0,1,1
15535,Mission St & 5th St,14,MISSION,3,005B95,FFFFFF,1,Steuart St & Mission St@@@312,Steuart St & Mission St@@@104,Steuart St & Mission St@@@32,05:55:00,29:36:00,8.098039215686274,13.733333333333333,8.098039215686274,13.733333333333333,0,0,0,0,0,1,1
15535,Mission St & 5th St,14R,MISSION RAPID,3,BF2B45,FFFFFF,1,Mission St & Main St@@@184,Mission St & Main St@@@82,,05:37:00,22:43:00,10.175,,10.175,,0,0,0,0,0,1,1
15536,Mission St & 5th St,14,MISSION,3,005B95,FFFFFF,0,Mission St & San Jose Ave@@@310,Mission St & San Jose Ave@@@108,Mission St & San Jose Ave@@@28,05:17:00,29:07:00,7.90566037735849,13.384615384615385,7.90566037735849,13.384615384615385,0,0,0,0,0,1,1
15536,Mission St & 5th St,14R,MISSION RAPID,3,BF2B45,FFFFFF,0,Daly City BART Stop C1@@@182,Daly City BART Stop C1@@@84,,05:36:00,22:07:00,10.024390243902438,,10.024390243902438,,0,0,0,0,0,1,1
15537,Mission St & 6th St,14,MISSION,3,005B95,FFFFFF,1,Steuart St & Mission St@@@312,Steuart St & Mission St@@@104,Steuart St & Mission St@@@32,05:53:50,29:34:50,8.098039215686274,13.733333333333333,8.098039215686274,13.733333333333333,0,0,0,0,0,1,1
15538,Mission St & 6th St,14,MISSION,3,005B95,FFFFFF,0,Mission St & San Jose Ave@@@310,Mission St & San Jose Ave@@@106,Mission St & San Jose Ave@@@30,05:18:26,29:08:26,7.903846153846154,13.428571428571429,7.903846153846154,13.428571428571429,0,0,0,0,0,1,1
15539,Mission St & 7th St,14,MISSION,3,005B95,FFFFFF,0,Mission St & San Jose Ave@@@310,Mission St & San Jose Ave@@@106,Mission St & San Jose Ave@@@30,05:19:44,29:09:44,7.903846153846154,13.428571428571429,7.903846153846154,13.428571428571429,0,0,0,0,0,1,1
15540,Mission St & 8th St,14,MISSION,3,005B95,FFFFFF,0,Mission St & San Jose Ave@@@310,Mission St & San Jose Ave@@@106,Mission St & San Jose Ave@@@30,05:21:00,29:11:00,7.923076923076923,13.428571428571429,7.923076923076923,13.428571428571429,0,0,0,0,0,1,1
15540,Mission St & 8th St,14R,MISSION RAPID,3,BF2B45,FFFFFF,0,Daly City BART Stop C1@@@182,Daly City BART Stop C1@@@84,,05:39:20,22:10:20,10.024390243902438,,10.024390243902438,,0,0,0,0,0,1,1
15541,Mission St & 8th St,14,MISSION,3,005B95,FFFFFF,1,Steuart St & Mission St@@@312,Steuart St & Mission St@@@104,Steuart St & Mission St@@@32,05:51:42,29:32:42,8.07843137254902,13.733333333333333,8.07843137254902,13.733333333333333,0,0,0,0,0,1,1
15541,Mission St & 8th St,14R,MISSION RAPID,3,BF2B45,FFFFFF,1,Mission St & Main St@@@184,Mission St & Main St@@@82,,05:33:42,22:39:02,10.175,,10.175,,0,0,0,0,0,1,1
15542,Mission St & 9th St,14,MISSION,3,005B95,FFFFFF,1,Steuart St & Mission St@@@312,Steuart St & Mission St@@@104,Steuart St & Mission St@@@32,05:50:56,29:31:56,8.07843137254902,13.733333333333333,8.07843137254902,13.733333333333333,0,0,0,0,0,1,1
15543,Mission St & 9th St,14,MISSION,3,005B95,FFFFFF,0,Mission St & San Jose Ave@@@310,Mission St & San Jose Ave@@@106,Mission St & San Jose Ave@@@30,05:21:57,29:11:57,7.923076923076923,13.428571428571429,7.923076923076923,13.428571428571429,0,0,0,0,0,1,1
15544,Mission St & 11th St,14,MISSION,3,005B95,FFFFFF,1,Steuart St & Mission St@@@312,Steuart St & Mission St@@@104,Steuart St & Mission St@@@32,05:50:00,29:31:00,8.07843137254902,13.733333333333333,8.07843137254902,13.733333333333333,0,0,0,0,0,1,1
15544,Mission St & 11th St,14R,MISSION RAPID,3,BF2B45,FFFFFF,1,Mission St & Main St@@@184,Mission St & Main St@@@84,,05:32:00,22:37:00,10.146341463414634,,10.146341463414634,,0,0,0,0,0,1,1
15545,Mission St & 11th St,14,MISSION,3,005B95,FFFFFF,0,Mission St & San Jose Ave@@@310,Mission St & San Jose Ave@@@106,Mission St & San Jose Ave@@@30,05:23:00,29:13:00,7.923076923076923,13.428571428571429,7.923076923076923,13.428571428571429,0,0,0,0,0,1,1
15545,Mission St & 11th St,14R,MISSION RAPID,3,BF2B45,FFFFFF,0,Daly City BART Stop C1@@@182,Daly City BART Stop C1@@@84,,05:41:00,22:12:00,10.024390243902438,,10.024390243902438,,0,0,0,0,0,1,1
15545,Mission St & 11th St,90,SAN BRUNO OWL,3,666666,FFFFFF,1,Van Ness Ave & North Point St@@@20,,Van Ness Ave & North Point St@@@14,24:30:32,29:00:32,,30.0,,30.0,0,0,0,0,0,1,1
15546,Mission St & 13th St,14,MISSION,3,005B95,FFFFFF,1,Steuart St & Mission St@@@312,Steuart St & Mission St@@@104,Steuart St & Mission St@@@32,05:47:10,29:28:38,8.058823529411764,13.733333333333333,8.058823529411764,13.733333333333333,0,0,0,0,0,1,1
15546,Mission St & 13th St,49,VAN NESS-MISSION,3,005B95,FFFFFF,1,Van Ness Ave & North Point St@@@262,Van Ness Ave & North Point St@@@104,,05:25:38,24:25:38,8.019607843137255,,8.019607843137255,,0,0,0,0,0,1,1
15547,Mission St & 14th St,14,MISSION,3,005B95,FFFFFF,1,Steuart St & Mission St@@@312,Steuart St & Mission St@@@104,Steuart St & Mission St@@@32,05:46:04,29:27:43,8.058823529411764,13.733333333333333,8.058823529411764,13.733333333333333,0,0,0,0,0,1,1
15547,Mission St & 14th St,49,VAN NESS-MISSION,3,005B95,FFFFFF,1,Van Ness Ave & North Point St@@@262,Van Ness Ave & North Point St@@@104,,05:24:43,24:24:43,8.019607843137255,,8.019607843137255,,0,0,0,0,0,1,1
15548,Mission St & 14th St,14,MISSION,3,005B95,FFFFFF,0,Mission St & San Jose Ave@@@310,Mission St & San Jose Ave@@@106,Mission St & San Jose Ave@@@30,05:26:43,29:16:43,7.9423076923076925,13.428571428571429,7.9423076923076925,13.428571428571429,0,0,0,0,0,1,1
15548,Mission St & 14th St,49,VAN NESS-MISSION,3,005B95,FFFFFF,0,City College Terminal@@@264,City College Terminal@@@104,,05:17:29,24:19:29,8.03921568627451,,8.03921568627451,,0,0,0,0,0,1,1
15551,Mission St & 16th St,14,MISSION,3,005B95,FFFFFF,1,Steuart St & Mission St@@@312,Steuart St & Mission St@@@106,Steuart St & Mission St@@@32,05:44:00,29:26:00,8.057692307692308,13.733333333333333,8.057692307692308,13.733333333333333,0,0,0,0,0,1,1
15551,Mission St & 16th St,14R,MISSION RAPID,3,BF2B45,FFFFFF,1,Mission St & Main St@@@184,Mission St & Main St@@@82,,05:28:00,22:32:00,10.125,,10.125,,0,0,0,0,0,1,1
15551,Mission St & 16th St,49,VAN NESS-MISSION,3,005B95,FFFFFF,1,Van Ness Ave & North Point St@@@262,Van Ness Ave & North Point St@@@104,,05:23:00,24:23:00,8.019607843137255,,8.019607843137255,,0,0,0,0,0,1,1
15552,Mission St & 16th St,14,MISSION,3,005B95,FFFFFF,0,Mission St & San Jose Ave@@@310,Mission St & San Jose Ave@@@106,Mission St & San Jose Ave@@@30,05:28:00,29:18:00,7.9423076923076925,13.428571428571429,7.9423076923076925,13.428571428571429,0,0,0,0,0,1,1
15552,Mission St & 16th St,14R,MISSION RAPID,3,BF2B45,FFFFFF,0,Daly City BART Stop C1@@@182,Daly City BART Stop C1@@@84,,05:45:00,22:17:00,10.048780487804878,,10.048780487804878,,0,0,0,0,0,1,1
15552,Mission St & 16th St,33,ASHBURY-18TH ST,3,005B95,FFFFFF,1,Arguello Blvd & California St@@@14###Sacramento St & Cherry St@@@84,Sacramento St & Cherry St@@@42,,06:11:47,22:51:32,20.35,,20.35,,0,0,0,0,0,1,1
15552,Mission St & 16th St,49,VAN NESS-MISSION,3,005B95,FFFFFF,0,City College Terminal@@@264,City College Terminal@@@104,,05:19:00,24:21:00,8.03921568627451,,8.03921568627451,,0,0,0,0,0,1,1
15553,Mission St & 18th St,14,MISSION,3,005B95,FFFFFF,1,Steuart St & Mission St@@@312,Steuart St & Mission St@@@104,Steuart St & Mission St@@@30,05:42:44,29:24:44,8.03921568627451,13.714285714285714,8.03921568627451,13.714285714285714,0,0,0,0,0,1,1
15553,Mission St & 18th St,33,ASHBURY-18TH ST,3,005B95,FFFFFF,0,25th St & Potrero Ave@@@98,25th St & Potrero Ave@@@42,,05:38:00,22:23:00,19.75,,19.75,,0,0,0,0,0,1,1
15553,Mission St & 18th St,49,VAN NESS-MISSION,3,005B95,FFFFFF,1,Van Ness Ave & North Point St@@@262,Van Ness Ave & North Point St@@@106,,05:21:44,24:21:44,8.01923076923077,,8.01923076923077,,0,0,0,0,0,1,1
15554,Mission St & 18th St,14,MISSION,3,005B95,FFFFFF,0,Mission St & San Jose Ave@@@310,Mission St & San Jose Ave@@@106,Mission St & San Jose Ave@@@30,05:29:10,29:19:10,7.9423076923076925,13.428571428571429,7.9423076923076925,13.428571428571429,0,0,0,0,0,1,1
15554,Mission St & 18th St,49,VAN NESS-MISSION,3,005B95,FFFFFF,0,City College Terminal@@@264,City College Terminal@@@104,,05:20:10,24:22:10,8.03921568627451,,8.03921568627451,,0,0,0,0,0,1,1
15557,Mission St & 20th St,14,MISSION,3,005B95,FFFFFF,1,Steuart St & Mission St@@@312,Steuart St & Mission St@@@104,Steuart St & Mission St@@@30,05:41:07,29:23:07,8.019607843137255,13.714285714285714,8.019607843137255,13.714285714285714,0,0,0,0,0,1,1
15557,Mission St & 20th St,14R,MISSION RAPID,3,BF2B45,FFFFFF,1,Mission St & Main St@@@184,Mission St & Main St@@@84,,05:25:35,22:28:38,10.097560975609756,,10.097560975609756,,0,0,0,0,0,1,1
15557,Mission St & 20th St,49,VAN NESS-MISSION,3,005B95,FFFFFF,1,Van Ness Ave & North Point St@@@262,Van Ness Ave & North Point St@@@106,,05:20:07,24:20:07,8.01923076923077,,8.01923076923077,,0,0,0,0,0,1,1
15558,Mission St & 20th St,14,MISSION,3,005B95,FFFFFF,0,Mission St & San Jose Ave@@@310,Mission St & San Jose Ave@@@106,Mission St & San Jose Ave@@@30,05:30:33,29:20:33,7.9423076923076925,13.428571428571429,7.9423076923076925,13.428571428571429,0,0,0,0,0,1,1
15558,Mission St & 20th St,14R,MISSION RAPID,3,BF2B45,FFFFFF,0,Daly City BART Stop C1@@@182,Daly City BART Stop C1@@@82,,05:47:33,22:20:03,10.075,,10.075,,0,0,0,0,0,1,1
15558,Mission St & 20th St,49,VAN NESS-MISSION,3,005B95,FFFFFF,0,City College Terminal@@@264,City College Terminal@@@104,,05:21:33,24:23:33,8.058823529411764,,8.058823529411764,,0,0,0,0,0,1,1
15561,Mission St & 22nd St,14,MISSION,3,005B95,FFFFFF,1,Steuart St & Mission St@@@312,Steuart St & Mission St@@@104,Steuart St & Mission St@@@30,05:39:36,29:21:36,8.019607843137255,13.714285714285714,8.019607843137255,13.714285714285714,0,0,0,0,0,1,1
15561,Mission St & 22nd St,49,VAN NESS-MISSION,3,005B95,FFFFFF,1,Van Ness Ave & North Point St@@@262,Van Ness Ave & North Point St@@@104,,05:18:36,24:18:36,8.019607843137255,,8.019607843137255,,0,0,0,0,0,1,1
15562,Mission St & 22nd St,14,MISSION,3,005B95,FFFFFF,0,Mission St & San Jose Ave@@@310,Mission St & San Jose Ave@@@106,Mission St & San Jose Ave@@@32,05:31:42,29:21:42,7.961538461538462,13.4,7.961538461538462,13.4,0,0,0,0,0,1,1
15562,Mission St & 22nd St,49,VAN NESS-MISSION,3,005B95,FFFFFF,0,City College Terminal@@@264,City College Terminal@@@104,,05:22:42,24:24:42,8.058823529411764,,8.058823529411764,,0,0,0,0,0,1,1
15565,Mission St & 24th St,14,MISSION,3,005B95,FFFFFF,1,Steuart St & Mission St@@@312,Steuart St & Mission St@@@104,Steuart St & Mission St@@@30,05:38:00,29:20:00,8.019607843137255,13.714285714285714,8.019607843137255,13.714285714285714,0,0,0,0,0,1,1
15565,Mission St & 24th St,14R,MISSION RAPID,3,BF2B45,FFFFFF,1,Mission St & Main St@@@184,Mission St & Main St@@@84,,05:23:00,22:25:00,10.073170731707316,,10.073170731707316,,0,0,0,0,0,1,1
15565,Mission St & 24th St,49,VAN NESS-MISSION,3,005B95,FFFFFF,1,Van Ness Ave & North Point St@@@262,Van Ness Ave & North Point St@@@104,,05:17:00,24:17:00,8.0,,8.0,,0,0,0,0,0,1,1
15566,Mission St & 24th St,14,MISSION,3,005B95,FFFFFF,0,Mission St & San Jose Ave@@@310,Mission St & San Jose Ave@@@106,Mission St & San Jose Ave@@@32,05:33:00,29:23:00,7.961538461538462,13.4,7.961538461538462,13.4,0,0,0,0,0,1,1
15566,Mission St & 24th St,14R,MISSION RAPID,3,BF2B45,FFFFFF,0,Daly City BART Stop C1@@@182,Daly City BART Stop C1@@@84,,05:50:00,22:23:00,10.097560975609756,,10.097560975609756,,0,0,0,0,0,1,1
15566,Mission St & 24th St,49,VAN NESS-MISSION,3,005B95,FFFFFF,0,City College Terminal@@@264,City College Terminal@@@104,,05:24:00,24:26:00,8.07843137254902,,8.07843137254902,,0,0,0,0,0,1,1
15567,Mission St & 26th St,14,MISSION,3,005B95,FFFFFF,1,Steuart St & Mission St@@@312,Steuart St & Mission St@@@106,Steuart St & Mission St@@@30,05:37:05,29:19:05,8.01923076923077,13.714285714285714,8.01923076923077,13.714285714285714,0,0,0,0,0,1,1
15567,Mission St & 26th St,49,VAN NESS-MISSION,3,005B95,FFFFFF,1,Van Ness Ave & North Point St@@@262,Van Ness Ave & North Point St@@@106,,05:16:05,24:15:51,8.0,,8.0,,0,0,0,0,0,1,1
15568,Mission St & 26th St,14,MISSION,3,005B95,FFFFFF,0,Mission St & San Jose Ave@@@310,Mission St & San Jose Ave@@@106,Mission St & San Jose Ave@@@32,05:34:20,29:24:20,7.980769230769231,13.4,7.980769230769231,13.4,0,0,0,0,0,1,1
15568,Mission St & 26th St,49,VAN NESS-MISSION,3,005B95,FFFFFF,0,City College Terminal@@@264,City College Terminal@@@104,,05:25:20,24:27:41,8.098039215686274,,8.098039215686274,,0,0,0,0,0,1,1
15571,Mission St & 30th St,14,MISSION,3,005B95,FFFFFF,1,Steuart St & Mission St@@@312,Steuart St & Mission St@@@104,Steuart St & Mission St@@@30,05:34:00,29:16:00,8.0,13.714285714285714,8.0,13.714285714285714,0,0,0,0,0,1,1
15571,Mission St & 30th St,14R,MISSION RAPID,3,BF2B45,FFFFFF,1,Mission St & Main St@@@184,Mission St & Main St@@@82,,05:19:00,22:20:00,10.075,,10.075,,0,0,0,0,0,1,1
15571,Mission St & 30th St,36,TERESITA,3,005B95,FFFFFF,0,Valencia St & Mission St@@@58,Valencia St & Mission St@@@28,,08:42:00,22:33:00,30.0,,30.0,,0,0,0,0,0,1,1
15571,Mission St & 30th St,49,VAN NESS-MISSION,3,005B95,FFFFFF,1,Van Ness Ave & North Point St@@@262,Van Ness Ave & North Point St@@@106,,05:13:00,24:12:00,7.980769230769231,,7.980769230769231,,0,0,0,0,0,1,1
15572,Mission St & 30th St,14,MISSION,3,005B95,FFFFFF,0,Mission St & San Jose Ave@@@310,Mission St & San Jose Ave@@@106,Mission St & San Jose Ave@@@32,05:37:00,29:27:00,7.980769230769231,13.4,7.980769230769231,13.4,0,0,0,0,0,1,1
15572,Mission St & 30th St,14R,MISSION RAPID,3,BF2B45,FFFFFF,0,Daly City BART Stop C1@@@182,Daly City BART Stop C1@@@84,,05:54:00,22:28:00,10.121951219512194,,10.121951219512194,,0,0,0,0,0,1,1
15572,Mission St & 30th St,49,VAN NESS-MISSION,3,005B95,FFFFFF,0,City College Terminal@@@264,City College Terminal@@@102,,05:28:00,24:31:00,8.1,,8.1,,0,0,0,0,0,1,1
15573,4080 Mission St,14,MISSION,3,005B95,FFFFFF,0,Mission St & San Jose Ave@@@320,Mission St & San Jose Ave@@@106,Mission St & San Jose Ave@@@32,05:40:38,29:31:22,7.980769230769231,13.4,7.980769230769231,13.4,0,0,0,0,0,1,1
15573,4080 Mission St,49,VAN NESS-MISSION,3,005B95,FFFFFF,0,City College Terminal@@@264,City College Terminal@@@104,,05:31:38,24:35:22,8.137254901960784,,8.137254901960784,,0,0,0,0,0,1,1
15574,Mission St & Acton St,14,MISSION,3,005B95,FFFFFF,1,30th St & Mission St@@@10###Steuart St & Mission St@@@312,Steuart St & Mission St@@@106,30th St & Mission St@@@10###Steuart St & Mission St@@@28,05:17:24,29:51:12,8.0,12.722222222222221,8.0,12.722222222222221,0,0,0,0,0,1,1
15574,Mission St & Acton St,14R,MISSION RAPID,3,BF2B45,FFFFFF,1,Mission St & Main St@@@184,Mission St & Main St@@@84,,05:06:00,22:07:00,10.024390243902438,,10.024390243902438,,0,0,0,0,0,1,1
15575,Mission St & Allison St,14,MISSION,3,005B95,FFFFFF,1,30th St & Mission St@@@10###Steuart St & Mission St@@@312,Steuart St & Mission St@@@106,30th St & Mission St@@@10###Steuart St & Mission St@@@28,05:21:44,29:54:09,7.980769230769231,12.666666666666666,7.980769230769231,12.666666666666666,0,0,0,0,0,1,1
15577,Mission St & Appleton Ave,14,MISSION,3,005B95,FFFFFF,1,30th St & Mission St@@@10###Steuart St & Mission St@@@312,Steuart St & Mission St@@@104,30th St & Mission St@@@10###Steuart St & Mission St@@@30,05:32:31,30:03:46,8.0,12.68421052631579,8.0,12.68421052631579,0,0,0,0,0,1,1
15577,Mission St & Appleton Ave,49,VAN NESS-MISSION,3,005B95,FFFFFF,1,Van Ness Ave & North Point St@@@262,Van Ness Ave & North Point St@@@104,,05:11:31,24:10:46,7.980392156862745,,7.980392156862745,,0,0,0,0,0,1,1
15578,Mission St & Appleton Ave,14,MISSION,3,005B95,FFFFFF,0,Mission St & San Jose Ave@@@320,Mission St & San Jose Ave@@@106,Mission St & San Jose Ave@@@32,05:38:11,29:28:25,7.980769230769231,13.4,7.980769230769231,13.4,0,0,0,0,0,1,1
15578,Mission St & Appleton Ave,49,VAN NESS-MISSION,3,005B95,FFFFFF,0,City College Terminal@@@264,City College Terminal@@@104,,05:29:11,24:32:25,8.137254901960784,,8.137254901960784,,0,0,0,0,0,1,1
15579,Mission St & Beale St,14,MISSION,3,005B95,FFFFFF,0,Mission St & San Jose Ave@@@310,Mission St & San Jose Ave@@@108,Mission St & San Jose Ave@@@28,05:11:31,29:01:31,7.886792452830188,13.384615384615385,7.886792452830188,13.384615384615385,0,0,0,0,0,1,1
15579,Mission St & Beale St,14R,MISSION RAPID,3,BF2B45,FFFFFF,0,Daly City BART Stop C1@@@182,Daly City BART Stop C1@@@84,,05:30:31,22:00:36,10.0,,10.0,,0,0,0,0,0,1,1
15580,Mission St & Bosworth St,14,MISSION,3,005B95,FFFFFF,0,Mission St & San Jose Ave@@@320,Mission St & San Jose Ave@@@106,Mission St & San Jose Ave@@@32,05:40:10,29:30:48,7.980769230769231,13.4,7.980769230769231,13.4,0,0,0,0,0,1,1
15580,Mission St & Bosworth St,49,VAN NESS-MISSION,3,005B95,FFFFFF,0,City College Terminal@@@264,City College Terminal@@@104,,05:31:10,24:34:48,8.137254901960784,,8.137254901960784,,0,0,0,0,0,1,1
15583,Mission St & Cortland Ave,14,MISSION,3,005B95,FFFFFF,1,30th St & Mission St@@@10###Steuart St & Mission St@@@312,Steuart St & Mission St@@@104,30th St & Mission St@@@10###Steuart St & Mission St@@@30,05:33:26,30:04:32,8.0,12.68421052631579,8.0,12.68421052631579,0,0,0,0,0,1,1
15583,Mission St & Cortland Ave,49,VAN NESS-MISSION,3,005B95,FFFFFF,1,Van Ness Ave & North Point St@@@262,Van Ness Ave & North Point St@@@104,,05:12:26,24:11:32,7.980392156862745,,7.980392156862745,,0,0,0,0,0,1,1
15584,Mission St & Cortland Ave,14,MISSION,3,005B95,FFFFFF,0,Mission St & San Jose Ave@@@320,Mission St & San Jose Ave@@@106,Mission St & San Jose Ave@@@32,05:37:28,29:27:34,7.980769230769231,13.4,7.980769230769231,13.4,0,0,0,0,0,1,1
15584,Mission St & Cortland Ave,49,VAN NESS-MISSION,3,005B95,FFFFFF,0,City College Terminal@@@264,City College Terminal@@@102,,05:28:28,24:31:34,8.1,,8.1,,0,0,0,0,0,1,1
15585,Mission St & Evergreen St,14,MISSION,3,005B95,FFFFFF,1,30th St & Mission St@@@10###Steuart St & Mission St@@@312,Steuart St & Mission St@@@106,30th St & Mission St@@@10###Steuart St & Mission St@@@28,05:16:05,29:50:00,8.0,12.722222222222221,8.0,12.722222222222221,0,0,0,0,0,1,1
15585,Mission St & Evergreen St,14R,MISSION RAPID,3,BF2B45,FFFFFF,1,Mission St & Main St@@@184,Mission St & Main St@@@84,,05:04:11,22:04:34,10.0,,10.0,,0,0,0,0,0,1,1
15586,Mission St & Excelsior Ave,14,MISSION,3,005B95,FFFFFF,1,30th St & Mission St@@@10###Steuart St & Mission St@@@312,Steuart St & Mission St@@@104,30th St & Mission St@@@10###Steuart St & Mission St@@@28,05:26:53,29:58:53,8.0,12.666666666666666,8.0,12.666666666666666,0,0,0,0,0,1,1
15586,Mission St & Excelsior Ave,49,VAN NESS-MISSION,3,005B95,FFFFFF,1,Van Ness Ave & North Point St@@@262,Van Ness Ave & North Point St@@@104,,05:05:41,24:06:07,8.0,,8.0,,0,0,0,0,0,1,1
15586,Mission St & Excelsior Ave,52,EXCELSIOR,3,005B95,FFFFFF,1,Laguna Honda Blvd/Forest Hill Sta@@@58,Laguna Honda Blvd/Forest Hill Sta@@@28,,08:06:00,22:06:00,30.307692307692307,,30.307692307692307,,0,0,0,0,0,1,1
15588,Mission St & Flournoy St,14,MISSION,3,005B95,FFFFFF,0,Mission St & San Jose Ave@@@320,Mission St & San Jose Ave@@@104,Mission St & San Jose Ave@@@34,05:52:49,29:44:49,8.0,13.4375,8.0,13.4375,0,0,0,0,0,1,1
15588,Mission St & Flournoy St,14R,MISSION RAPID,3,BF2B45,FFFFFF,0,Daly City BART Stop C1@@@182,Daly City BART Stop C1@@@84,,06:10:00,22:43:00,10.121951219512194,,10.121951219512194,,0,0,0,0,0,1,1
15589,Mission St & Foote Ave,14,MISSION,3,005B95,FFFFFF,0,Mission St & San Jose Ave@@@320,Mission St & San Jose Ave@@@104,Mission St & San Jose Ave@@@34,05:48:15,29:40:15,8.0,13.4375,8.0,13.4375,0,0,0,0,0,1,1
15590,Mission St & Francis St,14,MISSION,3,005B95,FFFFFF,0,Mission St & San Jose Ave@@@320,Mission St & San Jose Ave@@@104,Mission St & San Jose Ave@@@32,05:43:01,29:34:14,7.980392156862745,13.4,7.980392156862745,13.4,0,0,0,0,0,1,1
15590,Mission St & Francis St,49,VAN NESS-MISSION,3,005B95,FFFFFF,0,City College Terminal@@@264,City College Terminal@@@104,,05:34:32,24:38:32,8.137254901960784,,8.137254901960784,,0,0,0,0,0,1,1
15592,Mission St & Geneva Ave,14,MISSION,3,005B95,FFFFFF,0,Mission St & San Jose Ave@@@320,Mission St & San Jose Ave@@@106,Mission St & San Jose Ave@@@34,05:47:00,29:39:00,8.0,13.4375,8.0,13.4375,0,0,0,0,0,1,1
15592,Mission St & Geneva Ave,14R,MISSION RAPID,3,BF2B45,FFFFFF,0,Daly City BART Stop C1@@@182,Daly City BART Stop C1@@@84,,06:04:00,22:37:00,10.121951219512194,,10.121951219512194,,0,0,0,0,0,1,1
15593,Mission St & Geneva Ave,14,MISSION,3,005B95,FFFFFF,1,30th St & Mission St@@@10###Steuart St & Mission St@@@312,Steuart St & Mission St@@@106,30th St & Mission St@@@10###Steuart St & Mission St@@@28,05:23:00,29:55:00,7.980769230769231,12.666666666666666,7.980769230769231,12.666666666666666,0,0,0,0,0,1,1
15593,Mission St & Geneva Ave,14R,MISSION RAPID,3,BF2B45,FFFFFF,1,Mission St & Main St@@@184,Mission St & Main St@@@84,,05:10:00,22:11:00,10.024390243902438,,10.024390243902438,,0,0,0,0,0,1,1
15594,Mission St & Goethe St,14,MISSION,3,005B95,FFFFFF,0,Mission St & San Jose Ave@@@320,Mission St & San Jose Ave@@@104,Mission St & San Jose Ave@@@34,05:52:13,29:44:13,8.0,13.4375,8.0,13.4375,0,0,0,0,0,1,1
15594,Mission St & Goethe St,14R,MISSION RAPID,3,BF2B45,FFFFFF,0,Daly City BART Stop C1@@@182,Daly City BART Stop C1@@@84,,06:09:30,22:42:30,10.121951219512194,,10.121951219512194,,0,0,0,0,0,1,1
15595,Mission St & Guttenberg St,14,MISSION,3,005B95,FFFFFF,1,30th St & Mission St@@@10###Steuart St & Mission St@@@312,Steuart St & Mission St@@@104,30th St & Mission St@@@10###Steuart St & Mission St@@@28,05:20:39,29:53:26,7.980392156862745,12.666666666666666,7.980392156862745,12.666666666666666,0,0,0,0,0,1,1
15596,Mission St & Highland Ave,14,MISSION,3,005B95,FFFFFF,1,30th St & Mission St@@@10###Steuart St & Mission St@@@312,Steuart St & Mission St@@@104,30th St & Mission St@@@10###Steuart St & Mission St@@@30,05:31:59,30:03:19,8.0,12.68421052631579,8.0,12.68421052631579,0,0,0,0,0,1,1
15596,Mission St & Highland Ave,49,VAN NESS-MISSION,3,005B95,FFFFFF,1,Van Ness Ave & North Point St@@@262,Van Ness Ave & North Point St@@@104,,05:10:59,24:10:19,7.980392156862745,,7.980392156862745,,0,0,0,0,0,1,1
15597,Mission St & Highland Ave,14,MISSION,3,005B95,FFFFFF,0,Mission St & San Jose Ave@@@320,Mission St & San Jose Ave@@@106,Mission St & San Jose Ave@@@32,05:38:48,29:29:09,7.980769230769231,13.4,7.980769230769231,13.4,0,0,0,0,0,1,1
15597,Mission St & Highland Ave,49,VAN NESS-MISSION,3,005B95,FFFFFF,0,City College Terminal@@@264,City College Terminal@@@104,,05:29:48,24:33:09,8.137254901960784,,8.137254901960784,,0,0,0,0,0,1,1
15598,Mission St & Italy Ave,14,MISSION,3,005B95,FFFFFF,0,Mission St & San Jose Ave@@@320,Mission St & San Jose Ave@@@106,Mission St & San Jose Ave@@@34,05:45:55,29:37:42,8.0,13.4375,8.0,13.4375,0,0,0,0,0,1,1
15599,Mission St & Italy Ave,14,MISSION,3,005B95,FFFFFF,1,30th St & Mission St@@@10###Steuart St & Mission St@@@312,Steuart St & Mission St@@@106,30th St & Mission St@@@10###Steuart St & Mission St@@@28,05:23:48,29:55:48,8.0,12.666666666666666,8.0,12.666666666666666,0,0,0,0,0,1,1
15600,Mission St & Lawrence Ave,14,MISSION,3,005B95,FFFFFF,0,Mission St & San Jose Ave@@@320,Mission St & San Jose Ave@@@106,Mission St & San Jose Ave@@@34,05:50:22,29:42:22,8.0,13.4375,8.0,13.4375,0,0,0,0,0,1,1
15601,Mission St & Lowell St,14,MISSION,3,005B95,FFFFFF,1,30th St & Mission St@@@10###Steuart St & Mission St@@@312,Steuart St & Mission St@@@104,30th St & Mission St@@@10###Steuart St & Mission St@@@28,05:20:00,29:53:00,7.980392156862745,12.666666666666666,7.980392156862745,12.666666666666666,0,0,0,0,0,1,1
15601,Mission St & Lowell St,14R,MISSION RAPID,3,BF2B45,FFFFFF,1,Mission St & Main St@@@184,Mission St & Main St@@@84,,05:07:43,22:08:43,10.024390243902438,,10.024390243902438,,0,0,0,0,0,1,1
15602,Mission St & Lowell St,14,MISSION,3,005B95,FFFFFF,0,Mission St & San Jose Ave@@@320,Mission St & San Jose Ave@@@104,Mission St & San Jose Ave@@@34,05:49:00,29:41:00,8.0,13.4375,8.0,13.4375,0,0,0,0,0,1,1
15602,Mission St & Lowell St,14R,MISSION RAPID,3,BF2B45,FFFFFF,0,Daly City BART Stop C1@@@182,Daly City BART Stop C1@@@82,,06:06:17,22:39:17,10.125,,10.125,,0,0,0,0,0,1,1
15603,Mission St & Main St,14R,MISSION RAPID,3,BF2B45,FFFFFF,0,Daly City BART Stop C1@@@182,Daly City BART Stop C1@@@86,,05:30:00,22:00:00,10.0,,10.0,,0,0,0,0,0,1,1
15604,Mission St & Mt Vernon Ave,14,MISSION,3,005B95,FFFFFF,0,Mission St & San Jose Ave@@@320,Mission St & San Jose Ave@@@104,Mission St & San Jose Ave@@@34,05:47:35,29:39:35,8.0,13.4375,8.0,13.4375,0,0,0,0,0,1,1
15605,Mission St & Murray St,14,MISSION,3,005B95,FFFFFF,1,30th St & Mission St@@@10###Steuart St & Mission St@@@312,Steuart St & Mission St@@@106,30th St & Mission St@@@10###Steuart St & Mission St@@@30,05:30:34,30:02:08,8.0,12.68421052631579,8.0,12.68421052631579,0,0,0,0,0,1,1
15605,Mission St & Murray St,23,MONTEREY,3,005B95,FFFFFF,1,Palou Ave & 3rd St@@@66,Palou Ave & 3rd St@@@28,,06:27:00,22:27:00,30.076923076923077,,30.076923076923077,,0,0,0,0,0,1,1
15605,Mission St & Murray St,49,VAN NESS-MISSION,3,005B95,FFFFFF,1,Van Ness Ave & North Point St@@@262,Van Ness Ave & North Point St@@@106,,05:09:34,24:09:08,7.980769230769231,,7.980769230769231,,0,0,0,0,0,1,1
15608,Mission St & Oliver St,14,MISSION,3,005B95,FFFFFF,1,30th St & Mission St@@@10###Steuart St & Mission St@@@312,Steuart St & Mission St@@@104,30th St & Mission St@@@10###Steuart St & Mission St@@@28,05:18:13,29:51:56,8.0,12.666666666666666,8.0,12.666666666666666,0,0,0,0,0,1,1
15609,Mission St & Onondaga Ave,14,MISSION,3,005B95,FFFFFF,0,Mission St & San Jose Ave@@@320,Mission St & San Jose Ave@@@106,Mission St & San Jose Ave@@@34,05:45:04,29:36:41,8.0,13.4375,8.0,13.4375,0,0,0,0,0,1,1
15610,Mission St & Persia Ave,14,MISSION,3,005B95,FFFFFF,1,30th St & Mission St@@@10###Steuart St & Mission St@@@312,Steuart St & Mission St@@@104,30th St & Mission St@@@10###Steuart St & Mission St@@@28,05:25:42,29:57:42,7.980392156862745,12.666666666666666,7.980392156862745,12.666666666666666,0,0,0,0,0,1,1
15610,Mission St & Persia Ave,14R,MISSION RAPID,3,BF2B45,FFFFFF,1,Mission St & Main St@@@184,Mission St & Main St@@@84,,05:12:42,22:13:42,10.048780487804878,,10.048780487804878,,0,0,0,0,0,1,1
15613,Mission St & Richland Ave,14,MISSION,3,005B95,FFFFFF,1,30th St & Mission St@@@10###Steuart St & Mission St@@@312,Steuart St & Mission St@@@106,30th St & Mission St@@@10###Steuart St & Mission St@@@30,05:31:24,30:02:50,8.0,12.68421052631579,8.0,12.68421052631579,0,0,0,0,0,1,1
15613,Mission St & Richland Ave,14R,MISSION RAPID,3,BF2B45,FFFFFF,1,Mission St & Main St@@@184,Mission St & Main St@@@84,,05:17:16,22:18:16,10.048780487804878,,10.048780487804878,,0,0,0,0,0,1,1
15613,Mission St & Richland Ave,49,VAN NESS-MISSION,3,005B95,FFFFFF,1,Van Ness Ave & North Point St@@@262,Van Ness Ave & North Point St@@@106,,05:10:24,24:09:50,7.980769230769231,,7.980769230769231,,0,0,0,0,0,1,1
15614,Mission St & Richland Ave,14,MISSION,3,005B95,FFFFFF,0,Mission St & San Jose Ave@@@320,Mission St & San Jose Ave@@@106,Mission St & San Jose Ave@@@32,05:39:16,29:29:43,7.980769230769231,13.4,7.980769230769231,13.4,0,0,0,0,0,1,1
15614,Mission St & Richland Ave,14R,MISSION RAPID,3,BF2B45,FFFFFF,0,Daly City BART Stop C1@@@182,Daly City BART Stop C1@@@82,,05:56:16,22:29:48,10.125,,10.125,,0,0,0,0,0,1,1
15614,Mission St & Richland Ave,49,VAN NESS-MISSION,3,005B95,FFFFFF,0,City College Terminal@@@264,City College Terminal@@@104,,05:30:16,24:33:43,8.137254901960784,,8.137254901960784,,0,0,0,0,0,1,1
15615,Mission St & Russia Ave,14,MISSION,3,005B95,FFFFFF,1,30th St & Mission St@@@10###Steuart St & Mission St@@@312,Steuart St & Mission St@@@106,30th St & Mission St@@@10###Steuart St & Mission St@@@28,05:24:56,29:56:56,7.980769230769231,12.666666666666666,7.980769230769231,12.666666666666666,0,0,0,0,0,1,1
15616,Mission St & Persia St,14,MISSION,3,005B95,FFFFFF,0,Mission St & San Jose Ave@@@320,Mission St & San Jose Ave@@@106,Mission St & San Jose Ave@@@34,05:44:16,29:35:43,8.0,13.4375,8.0,13.4375,0,0,0,0,0,1,1
15616,Mission St & Persia St,14R,MISSION RAPID,3,BF2B45,FFFFFF,0,Daly City BART Stop C1@@@182,Daly City BART Stop C1@@@84,,06:01:16,22:34:16,10.121951219512194,,10.121951219512194,,0,0,0,0,0,1,1
15619,Mission St & Sickles Ave,14,MISSION,3,005B95,FFFFFF,0,Mission St & San Jose Ave@@@320,Mission St & San Jose Ave@@@106,Mission St & San Jose Ave@@@34,05:51:06,29:43:06,8.0,13.4375,8.0,13.4375,0,0,0,0,0,1,1
15619,Mission St & Sickles Ave,14R,MISSION RAPID,3,BF2B45,FFFFFF,0,Daly City BART Stop C1@@@182,Daly City BART Stop C1@@@82,,06:08:23,22:41:23,10.125,,10.125,,0,0,0,0,0,1,1
15620,Mission St & Silver Ave,14,MISSION,3,005B95,FFFFFF,1,30th St & Mission St@@@10###Steuart St & Mission St@@@312,Steuart St & Mission St@@@106,30th St & Mission St@@@10###Steuart St & Mission St@@@28,05:28:00,30:00:00,8.0,12.666666666666666,8.0,12.666666666666666,0,0,0,0,0,1,1
15620,Mission St & Silver Ave,14R,MISSION RAPID,3,BF2B45,FFFFFF,1,Mission St & Main St@@@184,Mission St & Main St@@@84,,05:15:00,22:16:00,10.048780487804878,,10.048780487804878,,0,0,0,0,0,1,1
15620,Mission St & Silver Ave,49,VAN NESS-MISSION,3,005B95,FFFFFF,1,Van Ness Ave & North Point St@@@262,Van Ness Ave & North Point St@@@106,,05:07:00,24:07:00,8.0,,8.0,,0,0,0,0,0,1,1
15621,Mission St & Silver Ave,14,MISSION,3,005B95,FFFFFF,0,Mission St & San Jose Ave@@@320,Mission St & San Jose Ave@@@104,Mission St & San Jose Ave@@@32,05:42:00,29:33:00,7.980392156862745,13.4,7.980392156862745,13.4,0,0,0,0,0,1,1
15621,Mission St & Silver Ave,14R,MISSION RAPID,3,BF2B45,FFFFFF,0,Daly City BART Stop C1@@@182,Daly City BART Stop C1@@@82,,05:59:00,22:32:00,10.125,,10.125,,0,0,0,0,0,1,1
15621,Mission St & Silver Ave,49,VAN NESS-MISSION,3,005B95,FFFFFF,0,City College Terminal@@@264,City College Terminal@@@102,,05:33:00,24:37:00,8.14,,8.14,,0,0,0,0,0,1,1
15621,Mission St & Silver Ave,52,EXCELSIOR,3,005B95,FFFFFF,0,Dublin St & La Grande Ave@@@58,Dublin St & La Grande Ave@@@28,,08:24:46,22:25:28,30.153846153846153,,30.153846153846153,,0,0,0,0,0,1,1
15623,Mission St & Spear St,14,MISSION,3,005B95,FFFFFF,0,Mission St & San Jose Ave@@@310,Mission St & San Jose Ave@@@108,Mission St & San Jose Ave@@@28,05:10:40,29:00:40,7.886792452830188,13.384615384615385,7.886792452830188,13.384615384615385,0,0,0,0,0,1,1
15624,Mission St & Trumbull St,14,MISSION,3,005B95,FFFFFF,1,30th St & Mission St@@@10###Steuart St & Mission St@@@312,Steuart St & Mission St@@@106,30th St & Mission St@@@10###Steuart St & Mission St@@@28,05:28:56,30:00:47,8.0,12.666666666666666,8.0,12.666666666666666,0,0,0,0,0,1,1
15624,Mission St & Trumbull St,49,VAN NESS-MISSION,3,005B95,FFFFFF,1,Van Ness Ave & North Point St@@@262,Van Ness Ave & North Point St@@@106,,05:07:56,24:07:47,8.0,,8.0,,0,0,0,0,0,1,1
15625,Mission St & Trumbull St,14,MISSION,3,005B95,FFFFFF,0,Mission St & San Jose Ave@@@320,Mission St & San Jose Ave@@@104,Mission St & San Jose Ave@@@32,05:41:19,29:32:11,7.980392156862745,13.4,7.980392156862745,13.4,0,0,0,0,0,1,1
15625,Mission St & Trumbull St,49,VAN NESS-MISSION,3,005B95,FFFFFF,0,City College Terminal@@@264,City College Terminal@@@102,,05:32:19,24:36:11,8.14,,8.14,,0,0,0,0,0,1,1
15626,Mission St & Valencia St,14,MISSION,3,005B95,FFFFFF,0,Mission St & San Jose Ave@@@310,Mission St & San Jose Ave@@@104,Mission St & San Jose Ave@@@32,05:35:53,29:25:53,7.980392156862745,13.4,7.980392156862745,13.4,0,0,0,0,0,1,1
15626,Mission St & Valencia St,36,TERESITA,3,005B95,FFFFFF,1,Laguna Honda Blvd/Forest Hill Sta@@@58,Laguna Honda Blvd/Forest Hill Sta@@@28,,08:27:54,22:26:54,30.0,,30.0,,0,0,0,0,0,1,1
15626,Mission St & Valencia St,49,VAN NESS-MISSION,3,005B95,FFFFFF,0,City College Terminal@@@264,City College Terminal@@@102,,05:26:53,24:29:36,8.1,,8.1,,0,0,0,0,0,1,1
15627,Mission St & Whittier St,14,MISSION,3,005B95,FFFFFF,0,Mission St & San Jose Ave@@@320,Mission St & San Jose Ave@@@104,Mission St & San Jose Ave@@@34,05:49:36,29:41:36,8.0,13.4375,8.0,13.4375,0,0,0,0,0,1,1
15628,Mission St & Whittier St,14,MISSION,3,005B95,FFFFFF,1,30th St & Mission St@@@10###Steuart St & Mission St@@@312,Steuart St & Mission St@@@104,30th St & Mission St@@@10###Steuart St & Mission St@@@28,05:18:46,29:52:25,7.980392156862745,12.666666666666666,7.980392156862745,12.666666666666666,0,0,0,0,0,1,1
15630,Munich St & Cordova Ave,43,MASONIC,3,005B95,FFFFFF,1,Marina Blvd & Laguna St@@@112,Marina Blvd & Laguna St@@@42,,05:03:09,23:53:09,19.95,,19.95,,0,0,0,0,0,1,1
15631,Munich St & Geneva Ave,43,MASONIC,3,005B95,FFFFFF,1,Marina Blvd & Laguna St@@@112,Marina Blvd & Laguna St@@@44,,05:00:00,23:50:00,19.952380952380953,,19.952380952380953,,0,0,0,0,0,1,1
15632,Munich St & Naples St,43,MASONIC,3,005B95,FFFFFF,1,Marina Blvd & Laguna St@@@112,Marina Blvd & Laguna St@@@42,,05:04:01,23:54:01,19.95,,19.95,,0,0,0,0,0,1,1
15633,Galvez Ave & Hill Ave,19,POLK,3,005B95,FFFFFF,1,Beach St & Polk St@@@102,Beach St & Polk St@@@42,,05:10:00,22:00:00,20.0,,20.0,,0,0,0,0,0,1,1
15634,33 Moffitt St,35,EUREKA,3,005B95,FFFFFF,0,Bosworth St & Diamond St@@@58,Bosworth St & Diamond St@@@28,,07:13:23,21:14:23,30.076923076923077,,30.076923076923077,,0,0,0,0,0,1,1
15638,Market St & 1st St,38,GEARY,3,005B95,FFFFFF,1,Transit Center Bay D@@@228,Transit Center Bay D@@@84,Transit Center Bay D@@@16,06:07:35,29:48:11,10.073170731707316,30.0,10.073170731707316,30.0,0,0,0,0,0,1,1
15638,Market St & 1st St,38R,GEARY RAPID,3,BF2B45,FFFFFF,1,Transit Center Bay C@@@174,Transit Center Bay C@@@82,,06:38:23,21:39:59,10.05,,10.05,,0,0,0,0,0,1,1
15638,Market St & 1st St,5,FULTON,3,005B95,FFFFFF,1,Transit Center Bay B@@@276,Transit Center Bay B@@@122,,04:46:46,24:53:51,6.966666666666667,,6.966666666666667,,0,0,0,0,0,1,1
15638,Market St & 1st St,7,HAIGHT-NORIEGA,3,005B95,FFFFFF,1,Transit Center Bay E@@@156,Transit Center Bay E@@@68,,05:38:21,24:44:21,12.272727272727273,,12.272727272727273,,0,0,0,0,0,1,1
15639,Market St & 2nd St,7,HAIGHT-NORIEGA,3,005B95,FFFFFF,0,Ortega St & 48th Ave@@@158,Ortega St & 48th Ave@@@70,,05:03:16,24:03:16,12.0,,12.0,,0,0,0,0,0,1,1
15639,Market St & 2nd St,9,SAN BRUNO,3,005B95,FFFFFF,0,Sunnydale Ave / Mclaren School@@@190,Sunnydale Ave / Mclaren School@@@84,,05:24:18,24:16:18,10.0,,10.0,,0,0,0,0,0,1,1
15639,Market St & 2nd St,F,MARKET & WHARVES,0,B49A36,000000,0,17th St & Castro St@@@114###17th St & Noe St@@@28,17th St & Castro St@@@62###17th St & Noe St@@@4,,07:19:43,23:19:43,12.78125,,12.78125,,0,0,0,0,0,1,1
15639,Market St & 2nd St,FBUS,MARKET & WHARVES BUS,3,B49A36,000000,0,17th St & Castro St@@@2,,,23:40:51,23:40:51,,,,,0,0,0,0,0,1,1
15639,Market St & 2nd St,KBUS,INGLESIDE BUS,3,437C93,FFFFFF,0,San Jose Ave & Geneva Ave@@@24,,,05:05:08,07:50:08,,,,,0,0,0,0,0,1,1
15639,Market St & 2nd St,LOWL,OWL TARAVAL,3,666666,FFFFFF,0,Wawona/46th Ave /Sf Zoo@@@28,,Wawona/46th Ave /Sf Zoo@@@16,23:54:09,29:19:09,,25.0,,25.0,0,0,0,0,0,1,1
15639,Market St & 2nd St,NBUS,JUDAH BUS,3,005B95,FFFFFF,0,Judah/La Playa/Ocean Beach@@@18,,,05:29:30,07:45:30,,,,,0,0,0,0,0,1,1
15639,Market St & 2nd St,NOWL,OWL JUDAH,3,666666,FFFFFF,0,Judah/La Playa/Ocean Beach@@@24,,Judah/La Playa/Ocean Beach@@@16,24:10:51,29:40:51,,30.0,,30.0,0,0,0,0,0,1,1
15640,Market St & 3rd St,9,SAN BRUNO,3,005B95,FFFFFF,1,Market St & Steuart St@@@184,Market St & Steuart St@@@84,,05:42:08,24:29:08,10.073170731707316,,10.073170731707316,,0,0,0,0,0,1,1
15640,Market St & 3rd St,F,MARKET & WHARVES,0,B49A36,000000,1,Jones St & Beach St@@@142,Jones St & Beach St@@@68,,06:19:25,22:19:25,12.151515151515152,,12.151515151515152,,0,0,0,0,0,1,1
15640,Market St & 3rd St,FBUS,MARKET & WHARVES BUS,3,B49A36,000000,1,Jones St & Beach St@@@10,,,22:39:42,24:19:42,,,,,0,0,0,0,0,1,1
15640,Market St & 3rd St,KBUS,INGLESIDE BUS,3,437C93,FFFFFF,1,Steuart St & Mission St@@@24,,,05:43:51,24:43:51,,,,,0,0,0,0,0,1,1
15640,Market St & 3rd St,LOWL,OWL TARAVAL,3,666666,FFFFFF,1,Jones St & Beach St@@@30,,Jones St & Beach St@@@22,24:36:18,30:26:18,,25.0,,25.0,0,0,0,0,0,1,1
15640,Market St & 3rd St,NBUS,JUDAH BUS,3,005B95,FFFFFF,1,Townsend St & 5th St/Caltrain@@@20,,,05:39:47,24:29:47,,,,,0,0,0,0,0,1,1
15640,Market St & 3rd St,NOWL,OWL JUDAH,3,666666,FFFFFF,1,Townsend St & 5th St/Caltrain@@@22,,Townsend St & 5th St/Caltrain@@@16,24:55:18,29:55:18,,30.0,,30.0,0,0,0,0,0,1,1
15641,Market St & 3rd St,38,GEARY,3,005B95,FFFFFF,1,Transit Center Bay D@@@228,Transit Center Bay D@@@84,Transit Center Bay D@@@16,06:06:00,29:47:00,10.073170731707316,30.0,10.073170731707316,30.0,0,0,0,0,0,1,1
15641,Market St & 3rd St,38R,GEARY RAPID,3,BF2B45,FFFFFF,1,Transit Center Bay C@@@174,Transit Center Bay C@@@84,,06:36:00,21:38:00,10.048780487804878,,10.048780487804878,,0,0,0,0,0,1,1
15641,Market St & 3rd St,5,FULTON,3,005B95,FFFFFF,1,Transit Center Bay B@@@276,Transit Center Bay B@@@120,,04:44:00,24:52:00,6.966101694915254,,6.966101694915254,,0,0,0,0,0,1,1
15641,Market St & 3rd St,7,HAIGHT-NORIEGA,3,005B95,FFFFFF,1,Transit Center Bay E@@@156,Transit Center Bay E@@@68,,05:36:37,24:42:37,12.272727272727273,,12.272727272727273,,0,0,0,0,0,1,1
15642,Market St Between 4th & 3rd St,5,FULTON,3,005B95,FFFFFF,1,Transit Center Bay B@@@276,Transit Center Bay B@@@120,,04:43:08,24:51:34,6.966101694915254,,6.966101694915254,,0,0,0,0,0,1,1
15642,Market St Between 4th & 3rd St,7,HAIGHT-NORIEGA,3,005B95,FFFFFF,1,Transit Center Bay E@@@156,Transit Center Bay E@@@68,,05:36:00,24:42:00,12.272727272727273,,12.272727272727273,,0,0,0,0,0,1,1
15643,Market St & 4th St,9,SAN BRUNO,3,005B95,FFFFFF,1,Market St & Steuart St@@@184,Market St & Steuart St@@@84,,05:41:00,24:28:00,10.073170731707316,,10.073170731707316,,0,0,0,0,0,1,1
15643,Market St & 4th St,F,MARKET & WHARVES,0,B49A36,000000,1,Jones St & Beach St@@@142,Jones St & Beach St@@@68,,06:18:00,22:18:00,12.151515151515152,,12.151515151515152,,0,0,0,0,0,1,1
15643,Market St & 4th St,FBUS,MARKET & WHARVES BUS,3,B49A36,000000,1,Jones St & Beach St@@@10,,,22:38:43,24:18:43,,,,,0,0,0,0,0,1,1
15643,Market St & 4th St,KBUS,INGLESIDE BUS,3,437C93,FFFFFF,1,Steuart St & Mission St@@@24,,,05:42:25,24:42:25,,,,,0,0,0,0,0,1,1
15643,Market St & 4th St,LOWL,OWL TARAVAL,3,666666,FFFFFF,1,Jones St & Beach St@@@30,,Jones St & Beach St@@@22,24:35:14,30:25:14,,25.0,,25.0,0,0,0,0,0,1,1
15643,Market St & 4th St,NBUS,JUDAH BUS,3,005B95,FFFFFF,1,Townsend St & 5th St/Caltrain@@@20,,,05:38:56,24:28:56,,,,,0,0,0,0,0,1,1
15643,Market St & 4th St,NOWL,OWL JUDAH,3,666666,FFFFFF,1,Townsend St & 5th St/Caltrain@@@22,,Townsend St & 5th St/Caltrain@@@16,24:54:14,29:54:14,,30.0,,30.0,0,0,0,0,0,1,1
15644,Market St Between 5th & 4th St,5,FULTON,3,005B95,FFFFFF,1,4th St & Market St@@@18###Transit Center Bay B@@@276,Transit Center Bay B@@@122,4th St & Market St@@@14,04:41:24,29:08:30,6.966666666666667,30.0,6.966666666666667,30.0,0,0,0,0,0,1,1
15644,Market St Between 5th & 4th St,7,HAIGHT-NORIEGA,3,005B95,FFFFFF,1,Transit Center Bay E@@@156,Transit Center Bay E@@@68,,05:35:06,24:40:58,12.272727272727273,,12.272727272727273,,0,0,0,0,0,1,1
15645,Market St & 5th St,9,SAN BRUNO,3,005B95,FFFFFF,1,Market St & Steuart St@@@184,Market St & Steuart St@@@84,,05:40:01,24:27:09,10.048780487804878,,10.048780487804878,,0,0,0,0,0,1,1
15645,Market St & 5th St,F,MARKET & WHARVES,0,B49A36,000000,1,Jones St & Beach St@@@142,Jones St & Beach St@@@68,,06:16:45,22:16:45,12.151515151515152,,12.151515151515152,,0,0,0,0,0,1,1
15645,Market St & 5th St,FBUS,MARKET & WHARVES BUS,3,B49A36,000000,1,Jones St & Beach St@@@10,,,22:37:44,24:17:44,,,,,0,0,0,0,0,1,1
15645,Market St & 5th St,KBUS,INGLESIDE BUS,3,437C93,FFFFFF,1,Steuart St & Mission St@@@24,,,05:40:58,24:40:58,,,,,0,0,0,0,0,1,1
15645,Market St & 5th St,LOWL,OWL TARAVAL,3,666666,FFFFFF,1,Jones St & Beach St@@@30,,Jones St & Beach St@@@22,24:34:10,30:24:10,,25.0,,25.0,0,0,0,0,0,1,1
15645,Market St & 5th St,NBUS,JUDAH BUS,3,005B95,FFFFFF,1,Townsend St & 5th St/Caltrain@@@20,,,05:38:05,24:28:05,,,,,0,0,0,0,0,1,1
15645,Market St & 5th St,NOWL,OWL JUDAH,3,666666,FFFFFF,1,Townsend St & 5th St/Caltrain@@@22,,Townsend St & 5th St/Caltrain@@@16,24:53:10,29:53:10,,30.0,,30.0,0,0,0,0,0,1,1
15646,Market St & 5th St,5,FULTON,3,005B95,FFFFFF,1,4th St & Market St@@@18###Transit Center Bay B@@@276,Transit Center Bay B@@@120,4th St & Market St@@@14,04:40:00,29:07:24,6.9491525423728815,30.0,6.9491525423728815,30.0,0,0,0,0,0,1,1
15646,Market St & 5th St,7,HAIGHT-NORIEGA,3,005B95,FFFFFF,1,Transit Center Bay E@@@156,Transit Center Bay E@@@68,,05:34:12,24:39:57,12.272727272727273,,12.272727272727273,,0,0,0,0,0,1,1
15647,Market St & 6th St,9,SAN BRUNO,3,005B95,FFFFFF,1,Market St & Steuart St@@@184,Market St & Steuart St@@@84,,05:38:48,24:26:06,10.073170731707316,,10.073170731707316,,0,0,0,0,0,1,1
15647,Market St & 6th St,F,MARKET & WHARVES,0,B49A36,000000,1,Jones St & Beach St@@@142,Jones St & Beach St@@@70,,06:15:21,22:15:21,12.147058823529411,,12.147058823529411,,0,0,0,0,0,1,1
15647,Market St & 6th St,FBUS,MARKET & WHARVES BUS,3,B49A36,000000,1,Jones St & Beach St@@@10,,,22:36:47,24:16:47,,,,,0,0,0,0,0,1,1
15647,Market St & 6th St,KBUS,INGLESIDE BUS,3,437C93,FFFFFF,1,Steuart St & Mission St@@@24,,,05:39:34,24:39:34,,,,,0,0,0,0,0,1,1
15647,Market St & 6th St,LOWL,OWL TARAVAL,3,666666,FFFFFF,1,Jones St & Beach St@@@30,,Jones St & Beach St@@@22,24:33:07,30:23:07,,25.0,,25.0,0,0,0,0,0,1,1
15647,Market St & 6th St,NBUS,JUDAH BUS,3,005B95,FFFFFF,1,Townsend St & 5th St/Caltrain@@@20,,,05:37:16,24:27:16,,,,,0,0,0,0,0,1,1
15647,Market St & 6th St,NOWL,OWL JUDAH,3,666666,FFFFFF,1,Townsend St & 5th St/Caltrain@@@22,,Townsend St & 5th St/Caltrain@@@16,24:52:07,29:52:07,,30.0,,30.0,0,0,0,0,0,1,1
15648,Market St & 6th St,7,HAIGHT-NORIEGA,3,005B95,FFFFFF,1,Transit Center Bay E@@@156,Transit Center Bay E@@@68,,05:32:54,24:38:27,12.272727272727273,,12.272727272727273,,0,0,0,0,0,1,1
15649,Market St & 7th St,7,HAIGHT-NORIEGA,3,005B95,FFFFFF,1,Transit Center Bay E@@@156,Transit Center Bay E@@@70,,05:31:58,24:37:24,12.235294117647058,,12.235294117647058,,0,0,0,0,0,1,1
15650,Market St & 7th St,9,SAN BRUNO,3,005B95,FFFFFF,1,Market St & Steuart St@@@184,Market St & Steuart St@@@84,,05:37:36,24:25:05,10.073170731707316,,10.073170731707316,,0,0,0,0,0,1,1
15650,Market St & 7th St,F,MARKET & WHARVES,0,B49A36,000000,1,Jones St & Beach St@@@142,Jones St & Beach St@@@70,,06:14:00,22:14:00,12.147058823529411,,12.147058823529411,,0,0,0,0,0,1,1
15650,Market St & 7th St,FBUS,MARKET & WHARVES BUS,3,B49A36,000000,1,Jones St & Beach St@@@10,,,22:35:50,24:15:50,,,,,0,0,0,0,0,1,1
15650,Market St & 7th St,KBUS,INGLESIDE BUS,3,437C93,FFFFFF,1,Steuart St & Mission St@@@24,,,05:38:11,24:38:11,,,,,0,0,0,0,0,1,1
15650,Market St & 7th St,LOWL,OWL TARAVAL,3,666666,FFFFFF,1,Jones St & Beach St@@@30,,Jones St & Beach St@@@22,24:32:06,30:22:06,,25.0,,25.0,0,0,0,0,0,1,1
15650,Market St & 7th St,NBUS,JUDAH BUS,3,005B95,FFFFFF,1,Townsend St & 5th St/Caltrain@@@20,,,05:36:27,24:26:27,,,,,0,0,0,0,0,1,1
15650,Market St & 7th St,NOWL,OWL JUDAH,3,666666,FFFFFF,1,Townsend St & 5th St/Caltrain@@@22,,Townsend St & 5th St/Caltrain@@@16,24:51:06,29:51:06,,30.0,,30.0,0,0,0,0,0,1,1
15651,Market St & 8th St,7,HAIGHT-NORIEGA,3,005B95,FFFFFF,1,Transit Center Bay E@@@156,Transit Center Bay E@@@70,,05:31:12,24:36:31,12.235294117647058,,12.235294117647058,,0,0,0,0,0,1,1
15651,Market St & 8th St,9,SAN BRUNO,3,005B95,FFFFFF,1,Market St & Steuart St@@@184,Market St & Steuart St@@@82,,05:36:24,24:24:04,10.05,,10.05,,0,0,0,0,0,1,1
15651,Market St & 8th St,F,MARKET & WHARVES,0,B49A36,000000,1,Jones St & Beach St@@@142,Jones St & Beach St@@@70,,06:12:46,22:12:46,12.147058823529411,,12.147058823529411,,0,0,0,0,0,1,1
15651,Market St & 8th St,FBUS,MARKET & WHARVES BUS,3,B49A36,000000,1,Jones St & Beach St@@@10,,,22:34:54,24:14:54,,,,,0,0,0,0,0,1,1
15651,Market St & 8th St,KBUS,INGLESIDE BUS,3,437C93,FFFFFF,1,Steuart St & Mission St@@@24,,,05:36:48,24:36:48,,,,,0,0,0,0,0,1,1
15651,Market St & 8th St,LOWL,OWL TARAVAL,3,666666,FFFFFF,1,Jones St & Beach St@@@30,,Jones St & Beach St@@@22,24:31:05,30:21:05,,25.0,,25.0,0,0,0,0,0,1,1
15651,Market St & 8th St,NBUS,JUDAH BUS,3,005B95,FFFFFF,1,Townsend St & 5th St/Caltrain@@@20,,,05:35:39,24:25:39,,,,,0,0,0,0,0,1,1
15651,Market St & 8th St,NOWL,OWL JUDAH,3,666666,FFFFFF,1,Townsend St & 5th St/Caltrain@@@22,,Townsend St & 5th St/Caltrain@@@16,24:50:05,29:50:05,,30.0,,30.0,0,0,0,0,0,1,1
15652,Market St & 9th St,7,HAIGHT-NORIEGA,3,005B95,FFFFFF,1,Transit Center Bay E@@@156,Transit Center Bay E@@@70,,05:30:27,24:35:40,12.235294117647058,,12.235294117647058,,0,0,0,0,0,1,1
15652,Market St & 9th St,9,SAN BRUNO,3,005B95,FFFFFF,1,Market St & Steuart St@@@184,Market St & Steuart St@@@82,,05:35:35,24:23:21,10.05,,10.05,,0,0,0,0,0,1,1
15652,Market St & 9th St,F,MARKET & WHARVES,0,B49A36,000000,1,Jones St & Beach St@@@142,Jones St & Beach St@@@70,,06:11:50,22:11:50,12.147058823529411,,12.147058823529411,,0,0,0,0,0,1,1
15652,Market St & 9th St,FBUS,MARKET & WHARVES BUS,3,B49A36,000000,1,Jones St & Beach St@@@10,,,22:34:15,24:14:15,,,,,0,0,0,0,0,1,1
15652,Market St & 9th St,KBUS,INGLESIDE BUS,3,437C93,FFFFFF,1,Steuart St & Mission St@@@24,,,05:35:51,24:35:51,,,,,0,0,0,0,0,1,1
15652,Market St & 9th St,LOWL,OWL TARAVAL,3,666666,FFFFFF,1,Jones St & Beach St@@@30,,Jones St & Beach St@@@22,24:30:22,30:20:22,,25.0,,25.0,0,0,0,0,0,1,1
15652,Market St & 9th St,NBUS,JUDAH BUS,3,005B95,FFFFFF,1,Townsend St & 5th St/Caltrain@@@20,,,05:35:05,24:25:05,,,,,0,0,0,0,0,1,1
15652,Market St & 9th St,NOWL,OWL JUDAH,3,666666,FFFFFF,1,Townsend St & 5th St/Caltrain@@@22,,Townsend St & 5th St/Caltrain@@@16,24:49:22,29:49:22,,30.0,,30.0,0,0,0,0,0,1,1
15653,Market St & 15th St,37,CORBETT,3,005B95,FFFFFF,0,Parkridge Dr & Burnett Ave@@@54,Parkridge Dr & Burnett Ave@@@28,,09:19:39,22:19:39,30.076923076923077,,30.076923076923077,,0,0,0,0,0,1,1
15654,Market St & 16th St,37,CORBETT,3,005B95,FFFFFF,0,Parkridge Dr & Burnett Ave@@@54,Parkridge Dr & Burnett Ave@@@28,,09:21:03,22:21:03,30.076923076923077,,30.076923076923077,,0,0,0,0,0,1,1
15654,Market St & 16th St,KBUS,INGLESIDE BUS,3,437C93,FFFFFF,0,San Jose Ave & Geneva Ave@@@24,,,05:23:31,08:08:31,,,,,0,0,0,0,0,1,1
15654,Market St & 16th St,LOWL,OWL TARAVAL,3,666666,FFFFFF,0,Wawona/46th Ave /Sf Zoo@@@28,,Wawona/46th Ave /Sf Zoo@@@18,24:11:22,29:36:22,,25.0,,25.0,0,0,0,0,0,1,1
15655,Market St & 5th  St,7,HAIGHT-NORIEGA,3,005B95,FFFFFF,0,Ortega St & 48th Ave@@@158,Ortega St & 48th Ave@@@70,,05:07:09,24:07:19,12.0,,12.0,,0,0,0,0,0,1,1
15655,Market St & 5th  St,9,SAN BRUNO,3,005B95,FFFFFF,0,Sunnydale Ave / Mclaren School@@@190,Sunnydale Ave / Mclaren School@@@84,,05:28:03,24:20:03,10.024390243902438,,10.024390243902438,,0,0,0,0,0,1,1
15655,Market St & 5th  St,F,MARKET & WHARVES,0,B49A36,000000,0,17th St & Castro St@@@114###17th St & Noe St@@@28,17th St & Castro St@@@62###17th St & Noe St@@@4,,07:24:39,23:24:19,12.78125,,12.78125,,0,0,0,0,0,1,1
15655,Market St & 5th  St,FBUS,MARKET & WHARVES BUS,3,B49A36,000000,0,17th St & Castro St@@@2,,,23:44:12,23:44:12,,,,,0,0,0,0,0,1,1
15655,Market St & 5th  St,KBUS,INGLESIDE BUS,3,437C93,FFFFFF,0,San Jose Ave & Geneva Ave@@@24,,,05:10:01,07:55:01,,,,,0,0,0,0,0,1,1
15655,Market St & 5th  St,LOWL,OWL TARAVAL,3,666666,FFFFFF,0,Wawona/46th Ave /Sf Zoo@@@28,,Wawona/46th Ave /Sf Zoo@@@18,23:57:45,29:22:45,,25.0,,25.0,0,0,0,0,0,1,1
15655,Market St & 5th  St,NBUS,JUDAH BUS,3,005B95,FFFFFF,0,Judah/La Playa/Ocean Beach@@@18,,,05:32:18,07:48:18,,,,,0,0,0,0,0,1,1
15655,Market St & 5th  St,NOWL,OWL JUDAH,3,666666,FFFFFF,0,Judah/La Playa/Ocean Beach@@@24,,Judah/La Playa/Ocean Beach@@@16,24:14:12,29:44:12,,30.0,,30.0,0,0,0,0,0,1,1
15656,Market St & 7th St,7,HAIGHT-NORIEGA,3,005B95,FFFFFF,0,Ortega St & 48th Ave@@@158,Ortega St & 48th Ave@@@70,,05:09:33,24:10:04,12.0,,12.0,,0,0,0,0,0,1,1
15656,Market St & 7th St,9,SAN BRUNO,3,005B95,FFFFFF,0,Sunnydale Ave / Mclaren School@@@190,Sunnydale Ave / Mclaren School@@@82,,05:30:14,24:22:14,10.05,,10.05,,0,0,0,0,0,1,1
15656,Market St & 7th St,F,MARKET & WHARVES,0,B49A36,000000,0,17th St & Castro St@@@114###17th St & Noe St@@@28,17th St & Castro St@@@62###17th St & Noe St@@@4,,07:28:00,23:27:00,12.75,,12.75,,0,0,0,0,0,1,1
15656,Market St & 7th St,FBUS,MARKET & WHARVES BUS,3,B49A36,000000,0,17th St & Castro St@@@2,,,23:46:26,23:46:26,,,,,0,0,0,0,0,1,1
15656,Market St & 7th St,KBUS,INGLESIDE BUS,3,437C93,FFFFFF,0,San Jose Ave & Geneva Ave@@@24,,,05:13:16,07:58:16,,,,,0,0,0,0,0,1,1
15656,Market St & 7th St,LOWL,OWL TARAVAL,3,666666,FFFFFF,0,Wawona/46th Ave /Sf Zoo@@@28,,Wawona/46th Ave /Sf Zoo@@@18,24:00:09,29:25:09,,25.0,,25.0,0,0,0,0,0,1,1
15656,Market St & 7th St,NBUS,JUDAH BUS,3,005B95,FFFFFF,0,Judah/La Playa/Ocean Beach@@@18,,,05:34:09,07:50:09,,,,,0,0,0,0,0,1,1
15656,Market St & 7th St,NOWL,OWL JUDAH,3,666666,FFFFFF,0,Judah/La Playa/Ocean Beach@@@24,,Judah/La Playa/Ocean Beach@@@16,24:16:26,29:46:26,,30.0,,30.0,0,0,0,0,0,1,1
15657,Market St & Battery St,7,HAIGHT-NORIEGA,3,005B95,FFFFFF,0,Ortega St & 48th Ave@@@158,Ortega St & 48th Ave@@@70,,05:01:58,24:01:58,12.0,,12.0,,0,0,0,0,0,1,1
15657,Market St & Battery St,9,SAN BRUNO,3,005B95,FFFFFF,0,Sunnydale Ave / Mclaren School@@@190,Sunnydale Ave / Mclaren School@@@84,,05:22:48,24:14:48,10.024390243902438,,10.024390243902438,,0,0,0,0,0,1,1
15657,Market St & Battery St,F,MARKET & WHARVES,0,B49A36,000000,0,17th St & Castro St@@@114###17th St & Noe St@@@28,17th St & Castro St@@@62###17th St & Noe St@@@4,,07:18:00,23:18:00,12.46875,,12.46875,,0,0,0,0,0,1,1
15657,Market St & Battery St,FBUS,MARKET & WHARVES BUS,3,B49A36,000000,0,17th St & Castro St@@@2,,,23:39:44,23:39:44,,,,,0,0,0,0,0,1,1
15657,Market St & Battery St,KBUS,INGLESIDE BUS,3,437C93,FFFFFF,0,San Jose Ave & Geneva Ave@@@24,,,05:03:30,07:48:30,,,,,0,0,0,0,0,1,1
15657,Market St & Battery St,LOWL,OWL TARAVAL,3,666666,FFFFFF,0,Wawona/46th Ave /Sf Zoo@@@28,,Wawona/46th Ave /Sf Zoo@@@16,23:52:57,29:17:57,,25.0,,25.0,0,0,0,0,0,1,1
15657,Market St & Battery St,NBUS,JUDAH BUS,3,005B95,FFFFFF,0,Judah/La Playa/Ocean Beach@@@18,,,05:28:35,07:44:35,,,,,0,0,0,0,0,1,1
15657,Market St & Battery St,NOWL,OWL JUDAH,3,666666,FFFFFF,0,Judah/La Playa/Ocean Beach@@@24,,Judah/La Playa/Ocean Beach@@@16,24:09:44,29:39:44,,30.0,,30.0,0,0,0,0,0,1,1
15658,Market St & Beale St,2,SUTTER,3,005B95,FFFFFF,1,Steuart St & Mission St@@@76,Steuart St & Mission St@@@42,,06:45:02,19:08:42,20.0,,20.0,,0,0,0,0,0,1,1
15658,Market St & Beale St,9,SAN BRUNO,3,005B95,FFFFFF,1,Market St & Steuart St@@@184,Market St & Steuart St@@@82,,05:45:18,24:32:18,10.1,,10.1,,0,0,0,0,0,1,1
15658,Market St & Beale St,KBUS,INGLESIDE BUS,3,437C93,FFFFFF,1,Steuart St & Mission St@@@24,,,05:47:53,24:47:53,,,,,0,0,0,0,0,1,1
15658,Market St & Beale St,LOWL,OWL TARAVAL,3,666666,FFFFFF,1,Jones St & Beach St@@@30,,Jones St & Beach St@@@22,24:39:17,30:29:17,,25.0,,25.0,0,0,0,0,0,1,1
15658,Market St & Beale St,NBUS,JUDAH BUS,3,005B95,FFFFFF,1,Townsend St & 5th St/Caltrain@@@20,,,05:42:09,24:32:09,,,,,0,0,0,0,0,1,1
15658,Market St & Beale St,NOWL,OWL JUDAH,3,666666,FFFFFF,1,Townsend St & 5th St/Caltrain@@@22,,Townsend St & 5th St/Caltrain@@@16,24:58:17,29:58:17,,30.0,,30.0,0,0,0,0,0,1,1
15659,Market St & Buchanan St,F,MARKET & WHARVES,0,B49A36,000000,0,17th St & Castro St@@@114###17th St & Noe St@@@28,17th St & Castro St@@@60###17th St & Noe St@@@4,,07:36:32,23:35:32,12.806451612903226,,12.806451612903226,,0,0,0,0,0,1,1
15659,Market St & Buchanan St,FBUS,MARKET & WHARVES BUS,3,B49A36,000000,0,17th St & Castro St@@@2,,,23:54:32,23:54:32,,,,,0,0,0,0,0,1,1
15659,Market St & Buchanan St,KBUS,INGLESIDE BUS,3,437C93,FFFFFF,0,San Jose Ave & Geneva Ave@@@24,,,05:20:38,08:05:38,,,,,0,0,0,0,0,1,1
15659,Market St & Buchanan St,LOWL,OWL TARAVAL,3,666666,FFFFFF,0,Wawona/46th Ave /Sf Zoo@@@28,,Wawona/46th Ave /Sf Zoo@@@18,24:07:31,29:32:31,,25.0,,25.0,0,0,0,0,0,1,1
15659,Market St & Buchanan St,NBUS,JUDAH BUS,3,005B95,FFFFFF,0,Judah/La Playa/Ocean Beach@@@18,,,05:39:56,07:55:56,,,,,0,0,0,0,0,1,1
15659,Market St & Buchanan St,NOWL,OWL JUDAH,3,666666,FFFFFF,0,Judah/La Playa/Ocean Beach@@@24,,Judah/La Playa/Ocean Beach@@@16,24:22:56,29:52:56,,30.0,,30.0,0,0,0,0,0,1,1
15661,Market St & Church St,F,MARKET & WHARVES,0,B49A36,000000,0,17th St & Castro St@@@114###17th St & Noe St@@@28,17th St & Castro St@@@62###17th St & Noe St@@@4,,07:38:00,23:37:00,13.0625,,13.0625,,0,0,0,0,0,1,1
15661,Market St & Church St,FBUS,MARKET & WHARVES BUS,3,B49A36,000000,0,17th St & Castro St@@@2,,,23:56:00,23:56:00,,,,,0,0,0,0,0,1,1
15661,Market St & Church St,KBUS,INGLESIDE BUS,3,437C93,FFFFFF,0,San Jose Ave & Geneva Ave@@@24,,,05:21:39,08:06:39,,,,,0,0,0,0,0,1,1
15661,Market St & Church St,LOWL,OWL TARAVAL,3,666666,FFFFFF,0,Wawona/46th Ave /Sf Zoo@@@28,,Wawona/46th Ave /Sf Zoo@@@18,24:08:52,29:33:52,,25.0,,25.0,0,0,0,0,0,1,1
15662,Market St & Church St,F,MARKET & WHARVES,0,B49A36,000000,1,Jones St & Beach St@@@142,Jones St & Beach St@@@70,,06:04:00,22:04:00,12.088235294117647,,12.088235294117647,,0,0,0,0,0,1,1
15662,Market St & Church St,FBUS,MARKET & WHARVES BUS,3,B49A36,000000,1,Jones St & Beach St@@@10,,,22:29:00,24:09:00,,,,,0,0,0,0,0,1,1
15663,Market St & Clayton St,33,ASHBURY-18TH ST,3,005B95,FFFFFF,0,25th St & Potrero Ave@@@98,25th St & Potrero Ave@@@44,,05:29:37,22:10:44,19.523809523809526,,19.523809523809526,,0,0,0,0,0,1,1
15663,Market St & Clayton St,KBUS,INGLESIDE BUS,3,437C93,FFFFFF,1,Steuart St & Mission St@@@24,,,05:25:13,24:25:13,,,,,0,0,0,0,0,1,1
15663,Market St & Clayton St,LOWL,OWL TARAVAL,3,666666,FFFFFF,1,Jones St & Beach St@@@30,,Jones St & Beach St@@@20,24:18:38,30:08:38,,25.0,,25.0,0,0,0,0,0,1,1
15665,Market St & Castro St,37,CORBETT,3,005B95,FFFFFF,1,Masonic Ave & Haight St@@@54,Masonic Ave & Haight St@@@28,,09:01:00,22:00:00,30.0,,30.0,,0,0,0,0,0,1,1
15665,Market St & Castro St,KBUS,INGLESIDE BUS,3,437C93,FFFFFF,1,Steuart St & Mission St@@@24,,,05:28:00,24:28:00,,,,,0,0,0,0,0,1,1
15665,Market St & Castro St,LOWL,OWL TARAVAL,3,666666,FFFFFF,1,Jones St & Beach St@@@30,,Jones St & Beach St@@@22,24:21:00,30:11:00,,25.0,,25.0,0,0,0,0,0,1,1
15667,Market St & 17th St,37,CORBETT,3,005B95,FFFFFF,0,Parkridge Dr & Burnett Ave@@@54,Parkridge Dr & Burnett Ave@@@28,,09:22:00,22:22:00,30.076923076923077,,30.076923076923077,,0,0,0,0,0,1,1
15667,Market St & 17th St,KBUS,INGLESIDE BUS,3,437C93,FFFFFF,0,San Jose Ave & Geneva Ave@@@24,,,05:24:00,08:09:00,,,,,0,0,0,0,0,1,1
15667,Market St & 17th St,LOWL,OWL TARAVAL,3,666666,FFFFFF,0,Wawona/46th Ave /Sf Zoo@@@28,,Wawona/46th Ave /Sf Zoo@@@18,24:12:00,29:37:00,,25.0,,25.0,0,0,0,0,0,1,1
15668,Market St & Dolores St,F,MARKET & WHARVES,0,B49A36,000000,1,Jones St & Beach St@@@142,Jones St & Beach St@@@70,,06:05:12,22:05:12,12.088235294117647,,12.088235294117647,,0,0,0,0,0,1,1
15668,Market St & Dolores St,FBUS,MARKET & WHARVES BUS,3,B49A36,000000,1,Jones St & Beach St@@@10,,,22:29:48,24:09:48,,,,,0,0,0,0,0,1,1
15668,Market St & Dolores St,KBUS,INGLESIDE BUS,3,437C93,FFFFFF,1,Steuart St & Mission St@@@24,,,05:31:07,24:31:07,,,,,0,0,0,0,0,1,1
15668,Market St & Dolores St,LOWL,OWL TARAVAL,3,666666,FFFFFF,1,Jones St & Beach St@@@30,,Jones St & Beach St@@@22,24:25:09,30:15:09,,25.0,,25.0,0,0,0,0,0,1,1
15668,Market St & Dolores St,NBUS,JUDAH BUS,3,005B95,FFFFFF,1,Townsend St & 5th St/Caltrain@@@20,,,05:29:45,24:19:45,,,,,0,0,0,0,0,1,1
15668,Market St & Dolores St,NOWL,OWL JUDAH,3,666666,FFFFFF,1,Townsend St & 5th St/Caltrain@@@22,,Townsend St & 5th St/Caltrain@@@16,24:43:42,29:43:42,,30.0,,30.0,0,0,0,0,0,1,1
15669,Market St & Drumm St,2,SUTTER,3,005B95,FFFFFF,0,Presidio Ave & California St@@@76,Presidio Ave & California St@@@42,,07:01:59,19:24:59,20.1,,20.1,,0,0,0,0,0,1,1
15669,Market St & Drumm St,9,SAN BRUNO,3,005B95,FFFFFF,0,Sunnydale Ave / Mclaren School@@@190,Sunnydale Ave / Mclaren School@@@84,,05:20:49,24:12:49,10.0,,10.0,,0,0,0,0,0,1,1
15669,Market St & Drumm St,F,MARKET & WHARVES,0,B49A36,000000,0,17th St & Castro St@@@114###17th St & Noe St@@@28,17th St & Castro St@@@62###17th St & Noe St@@@4,,07:15:31,23:16:01,12.46875,,12.46875,,0,0,0,0,0,1,1
15669,Market St & Drumm St,FBUS,MARKET & WHARVES BUS,3,B49A36,000000,0,17th St & Castro St@@@2,,,23:38:15,23:38:15,,,,,0,0,0,0,0,1,1
15669,Market St & Drumm St,KBUS,INGLESIDE BUS,3,437C93,FFFFFF,0,San Jose Ave & Geneva Ave@@@24,,,05:01:21,07:46:21,,,,,0,0,0,0,0,1,1
15669,Market St & Drumm St,LOWL,OWL TARAVAL,3,666666,FFFFFF,0,Wawona/46th Ave /Sf Zoo@@@28,,Wawona/46th Ave /Sf Zoo@@@16,23:51:21,29:16:21,,25.0,,25.0,0,0,0,0,0,1,1
15669,Market St & Drumm St,NBUS,JUDAH BUS,3,005B95,FFFFFF,0,Judah/La Playa/Ocean Beach@@@18,,,05:27:21,07:43:21,,,,,0,0,0,0,0,1,1
15669,Market St & Drumm St,NOWL,OWL JUDAH,3,666666,FFFFFF,0,Judah/La Playa/Ocean Beach@@@24,,Judah/La Playa/Ocean Beach@@@16,24:08:15,29:38:15,,30.0,,30.0,0,0,0,0,0,1,1
15671,Market St & Front St,2,SUTTER,3,005B95,FFFFFF,0,Presidio Ave & California St@@@76,Presidio Ave & California St@@@42,,07:03:12,19:26:12,20.1,,20.1,,0,0,0,0,0,1,1
15672,Market St & Gough St,F,MARKET & WHARVES,0,B49A36,000000,0,17th St & Castro St@@@114###17th St & Noe St@@@28,17th St & Castro St@@@60###17th St & Noe St@@@4,,07:33:38,23:32:38,12.806451612903226,,12.806451612903226,,0,0,0,0,0,1,1
15672,Market St & Gough St,FBUS,MARKET & WHARVES BUS,3,B49A36,000000,0,17th St & Castro St@@@2,,,23:51:38,23:51:38,,,,,0,0,0,0,0,1,1
15672,Market St & Gough St,KBUS,INGLESIDE BUS,3,437C93,FFFFFF,0,San Jose Ave & Geneva Ave@@@24,,,05:18:57,08:03:57,,,,,0,0,0,0,0,1,1
15672,Market St & Gough St,LOWL,OWL TARAVAL,3,666666,FFFFFF,0,Wawona/46th Ave /Sf Zoo@@@28,,Wawona/46th Ave /Sf Zoo@@@18,24:05:16,29:30:16,,25.0,,25.0,0,0,0,0,0,1,1
15672,Market St & Gough St,NBUS,JUDAH BUS,3,005B95,FFFFFF,0,Judah/La Playa/Ocean Beach@@@18,,,05:38:03,07:54:03,,,,,0,0,0,0,0,1,1
15672,Market St & Gough St,NOWL,OWL JUDAH,3,666666,FFFFFF,0,Judah/La Playa/Ocean Beach@@@24,,Judah/La Playa/Ocean Beach@@@16,24:21:03,29:51:03,,30.0,,30.0,0,0,0,0,0,1,1
15673,Market St & Gough St,F,MARKET & WHARVES,0,B49A36,000000,1,Jones St & Beach St@@@142,Jones St & Beach St@@@68,,06:08:08,22:08:08,12.090909090909092,,12.090909090909092,,0,0,0,0,0,1,1
15673,Market St & Gough St,FBUS,MARKET & WHARVES BUS,3,B49A36,000000,1,Jones St & Beach St@@@10,,,22:31:45,24:11:45,,,,,0,0,0,0,0,1,1
15673,Market St & Gough St,KBUS,INGLESIDE BUS,3,437C93,FFFFFF,1,Steuart St & Mission St@@@24,,,05:33:04,24:33:04,,,,,0,0,0,0,0,1,1
15673,Market St & Gough St,LOWL,OWL TARAVAL,3,666666,FFFFFF,1,Jones St & Beach St@@@30,,Jones St & Beach St@@@22,24:27:46,30:17:46,,25.0,,25.0,0,0,0,0,0,1,1
15673,Market St & Gough St,NBUS,JUDAH BUS,3,005B95,FFFFFF,1,Townsend St & 5th St/Caltrain@@@20,,,05:32:22,24:22:22,,,,,0,0,0,0,0,1,1
15673,Market St & Gough St,NOWL,OWL JUDAH,3,666666,FFFFFF,1,Townsend St & 5th St/Caltrain@@@22,,Townsend St & 5th St/Caltrain@@@16,24:46:19,29:46:19,,30.0,,30.0,0,0,0,0,0,1,1
15674,Market St & Grant Ave,5,FULTON,3,005B95,FFFFFF,0,6th Ave & Fulton St@@@22###Cabrillo St & La Playa St@@@272,Cabrillo St & La Playa St@@@120,6th Ave & Fulton St@@@2###Cabrillo St & La Playa St@@@12,05:06:08,29:13:01,7.016949152542373,28.0,7.016949152542373,28.0,0,0,0,0,0,1,1
15675,Market St & Guerrero St,F,MARKET & WHARVES,0,B49A36,000000,1,Jones St & Beach St@@@142,Jones St & Beach St@@@70,,06:06:26,22:06:26,12.088235294117647,,12.088235294117647,,0,0,0,0,0,1,1
15675,Market St & Guerrero St,FBUS,MARKET & WHARVES BUS,3,B49A36,000000,1,Jones St & Beach St@@@10,,,22:30:37,24:10:37,,,,,0,0,0,0,0,1,1
15675,Market St & Guerrero St,KBUS,INGLESIDE BUS,3,437C93,FFFFFF,1,Steuart St & Mission St@@@24,,,05:31:56,24:31:56,,,,,0,0,0,0,0,1,1
15675,Market St & Guerrero St,LOWL,OWL TARAVAL,3,666666,FFFFFF,1,Jones St & Beach St@@@30,,Jones St & Beach St@@@22,24:26:15,30:16:15,,25.0,,25.0,0,0,0,0,0,1,1
15675,Market St & Guerrero St,NBUS,JUDAH BUS,3,005B95,FFFFFF,1,Townsend St & 5th St/Caltrain@@@20,,,05:30:51,24:20:51,,,,,0,0,0,0,0,1,1
15675,Market St & Guerrero St,NOWL,OWL JUDAH,3,666666,FFFFFF,1,Townsend St & 5th St/Caltrain@@@22,,Townsend St & 5th St/Caltrain@@@16,24:44:48,29:44:48,,30.0,,30.0,0,0,0,0,0,1,1
15676,Market St & Hyde St,7,HAIGHT-NORIEGA,3,005B95,FFFFFF,0,Ortega St & 48th Ave@@@158,Ortega St & 48th Ave@@@70,,05:10:35,24:11:14,12.0,,12.0,,0,0,0,0,0,1,1
15676,Market St & Hyde St,9,SAN BRUNO,3,005B95,FFFFFF,0,Sunnydale Ave / Mclaren School@@@190,Sunnydale Ave / Mclaren School@@@82,,05:31:10,24:23:10,10.05,,10.05,,0,0,0,0,0,1,1
15676,Market St & Hyde St,F,MARKET & WHARVES,0,B49A36,000000,0,17th St & Castro St@@@114###17th St & Noe St@@@28,17th St & Castro St@@@62###17th St & Noe St@@@4,,07:29:10,23:28:10,12.75,,12.75,,0,0,0,0,0,1,1
15676,Market St & Hyde St,FBUS,MARKET & WHARVES BUS,3,B49A36,000000,0,17th St & Castro St@@@2,,,23:47:23,23:47:23,,,,,0,0,0,0,0,1,1
15676,Market St & Hyde St,KBUS,INGLESIDE BUS,3,437C93,FFFFFF,0,San Jose Ave & Geneva Ave@@@24,,,05:14:39,07:59:39,,,,,0,0,0,0,0,1,1
15676,Market St & Hyde St,LOWL,OWL TARAVAL,3,666666,FFFFFF,0,Wawona/46th Ave /Sf Zoo@@@28,,Wawona/46th Ave /Sf Zoo@@@18,24:01:11,29:26:11,,25.0,,25.0,0,0,0,0,0,1,1
15676,Market St & Hyde St,NBUS,JUDAH BUS,3,005B95,FFFFFF,0,Judah/La Playa/Ocean Beach@@@18,,,05:34:56,07:50:56,,,,,0,0,0,0,0,1,1
15676,Market St & Hyde St,NOWL,OWL JUDAH,3,666666,FFFFFF,0,Judah/La Playa/Ocean Beach@@@24,,Judah/La Playa/Ocean Beach@@@16,24:17:23,29:47:23,,30.0,,30.0,0,0,0,0,0,1,1
15678,Market St & Kearny St,7,HAIGHT-NORIEGA,3,005B95,FFFFFF,0,Ortega St & 48th Ave@@@158,Ortega St & 48th Ave@@@70,,05:04:27,24:04:27,12.0,,12.0,,0,0,0,0,0,1,1
15678,Market St & Kearny St,9,SAN BRUNO,3,005B95,FFFFFF,0,Sunnydale Ave / Mclaren School@@@190,Sunnydale Ave / Mclaren School@@@84,,05:25:42,24:17:42,10.024390243902438,,10.024390243902438,,0,0,0,0,0,1,1
15678,Market St & Kearny St,F,MARKET & WHARVES,0,B49A36,000000,0,17th St & Castro St@@@114###17th St & Noe St@@@28,17th St & Castro St@@@62###17th St & Noe St@@@4,,07:21:18,23:21:18,12.75,,12.75,,0,0,0,0,0,1,1
15678,Market St & Kearny St,FBUS,MARKET & WHARVES BUS,3,B49A36,000000,0,17th St & Castro St@@@2,,,23:41:53,23:41:53,,,,,0,0,0,0,0,1,1
15678,Market St & Kearny St,KBUS,INGLESIDE BUS,3,437C93,FFFFFF,0,San Jose Ave & Geneva Ave@@@24,,,05:06:38,07:51:38,,,,,0,0,0,0,0,1,1
15678,Market St & Kearny St,LOWL,OWL TARAVAL,3,666666,FFFFFF,0,Wawona/46th Ave /Sf Zoo@@@28,,Wawona/46th Ave /Sf Zoo@@@18,23:55:16,29:20:16,,25.0,,25.0,0,0,0,0,0,1,1
15678,Market St & Kearny St,NBUS,JUDAH BUS,3,005B95,FFFFFF,0,Judah/La Playa/Ocean Beach@@@18,,,05:30:22,07:46:22,,,,,0,0,0,0,0,1,1
15678,Market St & Kearny St,NOWL,OWL JUDAH,3,666666,FFFFFF,0,Judah/La Playa/Ocean Beach@@@24,,Judah/La Playa/Ocean Beach@@@16,24:11:53,29:41:53,,30.0,,30.0,0,0,0,0,0,1,1
15680,Market St & Larkin St,7,HAIGHT-NORIEGA,3,005B95,FFFFFF,0,Ortega St & 48th Ave@@@158,Ortega St & 48th Ave@@@70,,05:11:36,24:12:24,12.029411764705882,,12.029411764705882,,0,0,0,0,0,1,1
15680,Market St & Larkin St,9,SAN BRUNO,3,005B95,FFFFFF,0,Sunnydale Ave / Mclaren School@@@190,Sunnydale Ave / Mclaren School@@@84,,05:32:05,24:24:05,10.097560975609756,,10.097560975609756,,0,0,0,0,0,1,1
15680,Market St & Larkin St,F,MARKET & WHARVES,0,B49A36,000000,0,17th St & Castro St@@@114###17th St & Noe St@@@28,17th St & Castro St@@@60###17th St & Noe St@@@4,,07:30:19,23:29:19,12.774193548387096,,12.774193548387096,,0,0,0,0,0,1,1
15680,Market St & Larkin St,FBUS,MARKET & WHARVES BUS,3,B49A36,000000,0,17th St & Castro St@@@2,,,23:48:20,23:48:20,,,,,0,0,0,0,0,1,1
15680,Market St & Larkin St,KBUS,INGLESIDE BUS,3,437C93,FFFFFF,0,San Jose Ave & Geneva Ave@@@24,,,05:16:02,08:01:02,,,,,0,0,0,0,0,1,1
15680,Market St & Larkin St,LOWL,OWL TARAVAL,3,666666,FFFFFF,0,Wawona/46th Ave /Sf Zoo@@@28,,Wawona/46th Ave /Sf Zoo@@@18,24:02:12,29:27:12,,25.0,,25.0,0,0,0,0,0,1,1
15680,Market St & Larkin St,NBUS,JUDAH BUS,3,005B95,FFFFFF,0,Judah/La Playa/Ocean Beach@@@18,,,05:35:44,07:51:44,,,,,0,0,0,0,0,1,1
15681,Market St & Laguna St,F,MARKET & WHARVES,0,B49A36,000000,0,17th St & Castro St@@@114###17th St & Noe St@@@28,17th St & Castro St@@@60###17th St & Noe St@@@4,,07:35:34,23:34:34,12.806451612903226,,12.806451612903226,,0,0,0,0,0,1,1
15681,Market St & Laguna St,FBUS,MARKET & WHARVES BUS,3,B49A36,000000,0,17th St & Castro St@@@2,,,23:53:34,23:53:34,,,,,0,0,0,0,0,1,1
15681,Market St & Laguna St,KBUS,INGLESIDE BUS,3,437C93,FFFFFF,0,San Jose Ave & Geneva Ave@@@24,,,05:20:05,08:05:05,,,,,0,0,0,0,0,1,1
15681,Market St & Laguna St,LOWL,OWL TARAVAL,3,666666,FFFFFF,0,Wawona/46th Ave /Sf Zoo@@@28,,Wawona/46th Ave /Sf Zoo@@@18,24:06:46,29:31:46,,25.0,,25.0,0,0,0,0,0,1,1
15681,Market St & Laguna St,NBUS,JUDAH BUS,3,005B95,FFFFFF,0,Judah/La Playa/Ocean Beach@@@18,,,05:39:18,07:55:18,,,,,0,0,0,0,0,1,1
15681,Market St & Laguna St,NOWL,OWL JUDAH,3,666666,FFFFFF,0,Judah/La Playa/Ocean Beach@@@24,,Judah/La Playa/Ocean Beach@@@16,24:22:18,29:52:18,,30.0,,30.0,0,0,0,0,0,1,1
15682,Market St & Main St,F,MARKET & WHARVES,0,B49A36,000000,1,Jones St & Beach St@@@142,Jones St & Beach St@@@70,,06:23:59,22:23:29,12.205882352941176,,12.205882352941176,,0,0,0,0,0,1,1
15682,Market St & Main St,FBUS,MARKET & WHARVES BUS,3,B49A36,000000,1,Jones St & Beach St@@@10,,,22:42:37,24:22:37,,,,,0,0,0,0,0,1,1
15683,Market St & Mason St,5,FULTON,3,005B95,FFFFFF,0,6th Ave & Fulton St@@@22###Cabrillo St & La Playa St@@@272,Cabrillo St & La Playa St@@@120,6th Ave & Fulton St@@@2###Cabrillo St & La Playa St@@@12,05:08:35,29:15:03,7.016949152542373,28.0,7.016949152542373,28.0,0,0,0,0,0,1,1
15684,Market St & Montgomery St,38,GEARY,3,005B95,FFFFFF,0,48th Ave & Point Lobos Ave@@@56###Geary Blvd & 32nd Ave@@@90###V.A. Hospital@@@82,Geary Blvd & 32nd Ave@@@42###V.A. Hospital@@@42,48th Ave & Point Lobos Ave@@@14,05:21:00,29:09:00,10.024390243902438,30.0,10.024390243902438,30.0,0,0,0,0,0,1,1
15684,Market St & Montgomery St,38R,GEARY RAPID,3,BF2B45,FFFFFF,0,48th Ave & Point Lobos Ave@@@174,48th Ave & Point Lobos Ave@@@84,,06:06:00,21:06:00,10.024390243902438,,10.024390243902438,,0,0,0,0,0,1,1
15684,Market St & Montgomery St,5,FULTON,3,005B95,FFFFFF,0,6th Ave & Fulton St@@@20###Cabrillo St & La Playa St@@@256,Cabrillo St & La Playa St@@@120,,05:04:54,25:00:54,7.0,,7.0,,0,0,0,0,0,1,1
15685,Market St & New Montgomery St,9,SAN BRUNO,3,005B95,FFFFFF,1,Market St & Steuart St@@@184,Market St & Steuart St@@@84,,05:42:48,24:29:48,10.073170731707316,,10.073170731707316,,0,0,0,0,0,1,1
15685,Market St & New Montgomery St,F,MARKET & WHARVES,0,B49A36,000000,1,Jones St & Beach St@@@142,Jones St & Beach St@@@68,,06:20:16,22:20:16,12.121212121212121,,12.121212121212121,,0,0,0,0,0,1,1
15685,Market St & New Montgomery St,FBUS,MARKET & WHARVES BUS,3,B49A36,000000,1,Jones St & Beach St@@@10,,,22:40:16,24:20:16,,,,,0,0,0,0,0,1,1
15685,Market St & New Montgomery St,KBUS,INGLESIDE BUS,3,437C93,FFFFFF,1,Steuart St & Mission St@@@24,,,05:44:43,24:44:43,,,,,0,0,0,0,0,1,1
15685,Market St & New Montgomery St,LOWL,OWL TARAVAL,3,666666,FFFFFF,1,Jones St & Beach St@@@30,,Jones St & Beach St@@@22,24:36:56,30:26:56,,25.0,,25.0,0,0,0,0,0,1,1
15685,Market St & New Montgomery St,NBUS,JUDAH BUS,3,005B95,FFFFFF,1,Townsend St & 5th St/Caltrain@@@20,,,05:40:17,24:30:17,,,,,0,0,0,0,0,1,1
15685,Market St & New Montgomery St,NOWL,OWL JUDAH,3,666666,FFFFFF,1,Townsend St & 5th St/Caltrain@@@22,,Townsend St & 5th St/Caltrain@@@16,24:55:56,29:55:56,,30.0,,30.0,0,0,0,0,0,1,1
15686,Market St & Noe St,F,MARKET & WHARVES,0,B49A36,000000,0,17th St & Castro St@@@114###17th St & Noe St@@@28,17th St & Castro St@@@60###17th St & Noe St@@@4,,07:41:07,23:39:20,13.096774193548388,,13.096774193548388,,0,0,0,0,0,1,1
15686,Market St & Noe St,FBUS,MARKET & WHARVES BUS,3,B49A36,000000,0,17th St & Castro St@@@2,,,23:56:31,23:56:31,,,,,0,0,0,0,0,1,1
15687,Market St & Noe St,37,CORBETT,3,005B95,FFFFFF,1,Masonic Ave & Haight St@@@54,Masonic Ave & Haight St@@@28,,09:03:00,22:01:42,30.0,,30.0,,0,0,0,0,0,1,1
15687,Market St & Noe St,F,MARKET & WHARVES,0,B49A36,000000,1,Jones St & Beach St@@@142,Jones St & Beach St@@@70,,06:01:13,22:01:13,12.058823529411764,,12.058823529411764,,0,0,0,0,0,1,1
15687,Market St & Noe St,FBUS,MARKET & WHARVES BUS,3,B49A36,000000,1,Jones St & Beach St@@@10,,,22:26:13,24:06:13,,,,,0,0,0,0,0,1,1
15687,Market St & Noe St,KBUS,INGLESIDE BUS,3,437C93,FFFFFF,1,Steuart St & Mission St@@@24,,,05:28:42,24:28:42,,,,,0,0,0,0,0,1,1
15687,Market St & Noe St,LOWL,OWL TARAVAL,3,666666,FFFFFF,1,Jones St & Beach St@@@30,,Jones St & Beach St@@@22,24:21:57,30:11:57,,25.0,,25.0,0,0,0,0,0,1,1
15688,Market St & Powell St,5,FULTON,3,005B95,FFFFFF,0,6th Ave & Fulton St@@@22###Cabrillo St & La Playa St@@@272,Cabrillo St & La Playa St@@@120,6th Ave & Fulton St@@@2###Cabrillo St & La Playa St@@@12,05:07:00,29:14:00,7.016949152542373,28.0,7.016949152542373,28.0,0,0,0,0,0,1,1
15689,Market St & Sansome St,38,GEARY,3,005B95,FFFFFF,0,48th Ave & Point Lobos Ave@@@56###Geary Blvd & 32nd Ave@@@90###V.A. Hospital@@@82,Geary Blvd & 32nd Ave@@@42###V.A. Hospital@@@42,48th Ave & Point Lobos Ave@@@14,05:19:47,29:08:11,10.024390243902438,30.0,10.024390243902438,30.0,0,0,0,0,0,1,1
15689,Market St & Sansome St,38R,GEARY RAPID,3,BF2B45,FFFFFF,0,48th Ave & Point Lobos Ave@@@174,48th Ave & Point Lobos Ave@@@84,,06:04:02,21:04:02,10.0,,10.0,,0,0,0,0,0,1,1
15689,Market St & Sansome St,5,FULTON,3,005B95,FFFFFF,0,6th Ave & Fulton St@@@20###Cabrillo St & La Playa St@@@256,Cabrillo St & La Playa St@@@120,,05:04:00,25:00:00,7.0,,7.0,,0,0,0,0,0,1,1
15690,Market St & Sanchez St,F,MARKET & WHARVES,0,B49A36,000000,0,17th St & Castro St@@@114###17th St & Noe St@@@28,17th St & Castro St@@@62###17th St & Noe St@@@4,,07:39:29,23:38:06,13.0625,,13.0625,,0,0,0,0,0,1,1
15690,Market St & Sanchez St,FBUS,MARKET & WHARVES BUS,3,B49A36,000000,0,17th St & Castro St@@@2,,,23:56:14,23:56:14,,,,,0,0,0,0,0,1,1
15690,Market St & Sanchez St,KBUS,INGLESIDE BUS,3,437C93,FFFFFF,0,San Jose Ave & Geneva Ave@@@24,,,05:22:24,08:07:24,,,,,0,0,0,0,0,1,1
15690,Market St & Sanchez St,LOWL,OWL TARAVAL,3,666666,FFFFFF,0,Wawona/46th Ave /Sf Zoo@@@28,,Wawona/46th Ave /Sf Zoo@@@18,24:09:52,29:34:52,,25.0,,25.0,0,0,0,0,0,1,1
15691,Market St & Sanchez St,37,CORBETT,3,005B95,FFFFFF,1,Masonic Ave & Haight St@@@54,Masonic Ave & Haight St@@@28,,09:05:21,22:03:44,30.0,,30.0,,0,0,0,0,0,1,1
15691,Market St & Sanchez St,FBUS,MARKET & WHARVES BUS,3,B49A36,000000,1,Jones St & Beach St@@@10,,,22:27:34,24:07:34,,,,,0,0,0,0,0,1,1
15691,Market St & Sanchez St,KBUS,INGLESIDE BUS,3,437C93,FFFFFF,1,Steuart St & Mission St@@@24,,,05:29:33,24:29:33,,,,,0,0,0,0,0,1,1
15691,Market St & Sanchez St,LOWL,OWL TARAVAL,3,666666,FFFFFF,1,Jones St & Beach St@@@30,,Jones St & Beach St@@@22,24:23:04,30:13:04,,25.0,,25.0,0,0,0,0,0,1,1
15692,Market St & South Van Ness Ave,7,HAIGHT-NORIEGA,3,005B95,FFFFFF,1,Transit Center Bay E@@@156,Transit Center Bay E@@@70,,05:29:00,24:34:00,12.235294117647058,,12.235294117647058,,0,0,0,0,0,1,1
15692,Market St & South Van Ness Ave,F,MARKET & WHARVES,0,B49A36,000000,1,Jones St & Beach St@@@142,Jones St & Beach St@@@68,,06:10:00,22:10:00,12.090909090909092,,12.090909090909092,,0,0,0,0,0,1,1
15692,Market St & South Van Ness Ave,FBUS,MARKET & WHARVES BUS,3,B49A36,000000,1,Jones St & Beach St@@@10,,,22:33:00,24:13:00,,,,,0,0,0,0,0,1,1
15692,Market St & South Van Ness Ave,KBUS,INGLESIDE BUS,3,437C93,FFFFFF,1,Steuart St & Mission St@@@24,,,05:34:00,24:34:00,,,,,0,0,0,0,0,1,1
15692,Market St & South Van Ness Ave,LOWL,OWL TARAVAL,3,666666,FFFFFF,1,Jones St & Beach St@@@30,,Jones St & Beach St@@@22,24:29:00,30:19:00,,25.0,,25.0,0,0,0,0,0,1,1
15692,Market St & South Van Ness Ave,NBUS,JUDAH BUS,3,005B95,FFFFFF,1,Townsend St & 5th St/Caltrain@@@20,,,05:34:00,24:24:00,,,,,0,0,0,0,0,1,1
15692,Market St & South Van Ness Ave,NOWL,OWL JUDAH,3,666666,FFFFFF,1,Townsend St & 5th St/Caltrain@@@22,,Townsend St & 5th St/Caltrain@@@16,24:48:00,29:48:00,,30.0,,30.0,0,0,0,0,0,1,1
15693,Market St & Steuart St,14,MISSION,3,005B95,FFFFFF,1,Steuart St & Mission St@@@312,Steuart St & Mission St@@@102,Steuart St & Mission St@@@34,06:01:05,29:43:50,8.14,13.6875,8.14,13.6875,0,0,0,0,0,1,1
15693,Market St & Steuart St,14R,MISSION RAPID,3,BF2B45,FFFFFF,1,Mission St & Main St@@@184,Mission St & Main St@@@82,,05:45:05,22:51:53,10.175,,10.175,,0,0,0,0,0,1,1
15693,Market St & Steuart St,NBUS,JUDAH BUS,3,005B95,FFFFFF,1,Townsend St & 5th St/Caltrain@@@20,,,05:42:55,24:32:55,,,,,0,0,0,0,0,1,1
15693,Market St & Steuart St,NOWL,OWL JUDAH,3,666666,FFFFFF,1,Townsend St & 5th St/Caltrain@@@22,,Townsend St & 5th St/Caltrain@@@16,24:59:16,29:59:16,,30.0,,30.0,0,0,0,0,0,1,1
15694,Market St & Stockton St,7,HAIGHT-NORIEGA,3,005B95,FFFFFF,0,Ortega St & 48th Ave@@@158,Ortega St & 48th Ave@@@70,,05:06:00,24:06:00,12.0,,12.0,,0,0,0,0,0,1,1
15694,Market St & Stockton St,9,SAN BRUNO,3,005B95,FFFFFF,0,Sunnydale Ave / Mclaren School@@@190,Sunnydale Ave / Mclaren School@@@84,,05:27:00,24:19:00,10.024390243902438,,10.024390243902438,,0,0,0,0,0,1,1
15694,Market St & Stockton St,F,MARKET & WHARVES,0,B49A36,000000,0,17th St & Castro St@@@114###17th St & Noe St@@@28,17th St & Castro St@@@62###17th St & Noe St@@@4,,07:23:00,23:23:00,12.78125,,12.78125,,0,0,0,0,0,1,1
15694,Market St & Stockton St,FBUS,MARKET & WHARVES BUS,3,B49A36,000000,0,17th St & Castro St@@@2,,,23:43:08,23:43:08,,,,,0,0,0,0,0,1,1
15694,Market St & Stockton St,KBUS,INGLESIDE BUS,3,437C93,FFFFFF,0,San Jose Ave & Geneva Ave@@@24,,,05:08:27,07:53:27,,,,,0,0,0,0,0,1,1
15694,Market St & Stockton St,LOWL,OWL TARAVAL,3,666666,FFFFFF,0,Wawona/46th Ave /Sf Zoo@@@28,,Wawona/46th Ave /Sf Zoo@@@18,23:56:36,29:21:36,,25.0,,25.0,0,0,0,0,0,1,1
15694,Market St & Stockton St,NBUS,JUDAH BUS,3,005B95,FFFFFF,0,Judah/La Playa/Ocean Beach@@@18,,,05:31:24,07:47:24,,,,,0,0,0,0,0,1,1
15694,Market St & Stockton St,NOWL,OWL JUDAH,3,666666,FFFFFF,0,Judah/La Playa/Ocean Beach@@@24,,Judah/La Playa/Ocean Beach@@@16,24:13:08,29:43:08,,30.0,,30.0,0,0,0,0,0,1,1
15695,Market St & Taylor St,7,HAIGHT-NORIEGA,3,005B95,FFFFFF,0,Ortega St & 48th Ave@@@158,Ortega St & 48th Ave@@@70,,05:08:22,24:08:42,12.029411764705882,,12.029411764705882,,0,0,0,0,0,1,1
15695,Market St & Taylor St,9,SAN BRUNO,3,005B95,FFFFFF,0,Sunnydale Ave / Mclaren School@@@190,Sunnydale Ave / Mclaren School@@@82,,05:29:09,24:21:09,10.025,,10.025,,0,0,0,0,0,1,1
15695,Market St & Taylor St,F,MARKET & WHARVES,0,B49A36,000000,0,17th St & Castro St@@@114###17th St & Noe St@@@28,17th St & Castro St@@@62###17th St & Noe St@@@4,,07:26:22,23:25:42,12.75,,12.75,,0,0,0,0,0,1,1
15695,Market St & Taylor St,FBUS,MARKET & WHARVES BUS,3,B49A36,000000,0,17th St & Castro St@@@2,,,23:45:19,23:45:19,,,,,0,0,0,0,0,1,1
15695,Market St & Taylor St,KBUS,INGLESIDE BUS,3,437C93,FFFFFF,0,San Jose Ave & Geneva Ave@@@24,,,05:11:39,07:56:39,,,,,0,0,0,0,0,1,1
15695,Market St & Taylor St,LOWL,OWL TARAVAL,3,666666,FFFFFF,0,Wawona/46th Ave /Sf Zoo@@@28,,Wawona/46th Ave /Sf Zoo@@@18,23:58:58,29:23:58,,25.0,,25.0,0,0,0,0,0,1,1
15695,Market St & Taylor St,NBUS,JUDAH BUS,3,005B95,FFFFFF,0,Judah/La Playa/Ocean Beach@@@18,,,05:33:14,07:49:14,,,,,0,0,0,0,0,1,1
15695,Market St & Taylor St,NOWL,OWL JUDAH,3,666666,FFFFFF,0,Judah/La Playa/Ocean Beach@@@24,,Judah/La Playa/Ocean Beach@@@16,24:15:19,29:45:19,,30.0,,30.0,0,0,0,0,0,1,1
15696,Market St & Van Ness Ave,7,HAIGHT-NORIEGA,3,005B95,FFFFFF,0,Ortega St & 48th Ave@@@158,Ortega St & 48th Ave@@@70,,05:13:00,24:14:00,12.029411764705882,,12.029411764705882,,0,0,0,0,0,1,1
15696,Market St & Van Ness Ave,F,MARKET & WHARVES,0,B49A36,000000,0,17th St & Castro St@@@114###17th St & Noe St@@@28,17th St & Castro St@@@60###17th St & Noe St@@@4,,07:32:00,23:31:00,12.806451612903226,,12.806451612903226,,0,0,0,0,0,1,1
15696,Market St & Van Ness Ave,FBUS,MARKET & WHARVES BUS,3,B49A36,000000,0,17th St & Castro St@@@2,,,23:50:00,23:50:00,,,,,0,0,0,0,0,1,1
15696,Market St & Van Ness Ave,KBUS,INGLESIDE BUS,3,437C93,FFFFFF,0,San Jose Ave & Geneva Ave@@@24,,,05:18:00,08:03:00,,,,,0,0,0,0,0,1,1
15696,Market St & Van Ness Ave,LOWL,OWL TARAVAL,3,666666,FFFFFF,0,Wawona/46th Ave /Sf Zoo@@@28,,Wawona/46th Ave /Sf Zoo@@@18,24:04:00,29:29:00,,25.0,,25.0,0,0,0,0,0,1,1
15696,Market St & Van Ness Ave,NBUS,JUDAH BUS,3,005B95,FFFFFF,0,Judah/La Playa/Ocean Beach@@@18,,,05:37:00,07:53:00,,,,,0,0,0,0,0,1,1
15696,Market St & Van Ness Ave,NOWL,OWL JUDAH,3,666666,FFFFFF,0,Judah/La Playa/Ocean Beach@@@24,,Judah/La Playa/Ocean Beach@@@16,24:20:00,29:50:00,,30.0,,30.0,0,0,0,0,0,1,1
15697,Marview Way & Panorama Dr,36,TERESITA,3,005B95,FFFFFF,1,Laguna Honda Blvd/Forest Hill Sta@@@58,Laguna Honda Blvd/Forest Hill Sta@@@28,,08:56:30,22:48:30,30.0,,30.0,,0,0,0,0,0,1,1
15698,Moscow St & Brazil Ave,54,FELTON,3,005B95,FFFFFF,0,Daly City BART Stop A2@@@94,Daly City BART Stop A2@@@42,,06:11:29,22:22:53,20.1,,20.1,,0,0,0,0,0,1,1
15699,Moscow St & Excelsior Ave,54,FELTON,3,005B95,FFFFFF,0,Daly City BART Stop A2@@@94,Daly City BART Stop A2@@@42,,06:10:58,22:22:24,20.1,,20.1,,0,0,0,0,0,1,1
15700,Moscow St & France Ave,54,FELTON,3,005B95,FFFFFF,0,Daly City BART Stop A2@@@94,Daly City BART Stop A2@@@40,,06:13:57,22:25:10,20.157894736842106,,20.157894736842106,,0,0,0,0,0,1,1
15702,Moscow St & Italy Ave,54,FELTON,3,005B95,FFFFFF,0,Daly City BART Stop A2@@@94,Daly City BART Stop A2@@@42,,06:14:29,22:25:40,20.1,,20.1,,0,0,0,0,0,1,1
15703,Moscow St & Persia Ave,54,FELTON,3,005B95,FFFFFF,0,Daly City BART Stop A2@@@94,Daly City BART Stop A2@@@42,,06:12:00,22:23:22,20.1,,20.1,,0,0,0,0,0,1,1
15704,Masonic Ave & Frederick St,6,HAYES-PARNASSUS,3,005B95,FFFFFF,0,14th Ave & Quintara St@@@114,14th Ave & Quintara St@@@40,,05:28:53,24:14:53,20.473684210526315,,20.473684210526315,,0,0,0,0,0,1,1
15705,Masonic Ave & Fulton St,43,MASONIC,3,005B95,FFFFFF,0,Munich St & Geneva Ave@@@112,Munich St & Geneva Ave@@@42,,05:19:41,24:10:41,20.35,,20.35,,0,0,0,0,0,1,1
15706,Masonic Ave & Fulton St,43,MASONIC,3,005B95,FFFFFF,1,Marina Blvd & Laguna St@@@112,Marina Blvd & Laguna St@@@42,,05:38:35,24:28:18,20.3,,20.3,,0,0,0,0,0,1,1
15709,Masonic Ave & Geary Blvd,43,MASONIC,3,005B95,FFFFFF,1,Marina Blvd & Laguna St@@@112,Marina Blvd & Laguna St@@@42,,05:41:45,24:31:06,20.3,,20.3,,0,0,0,0,0,1,1
15710,Masonic Ave & Geary Blvd,43,MASONIC,3,005B95,FFFFFF,0,Munich St & Geneva Ave@@@112,Munich St & Geneva Ave@@@42,,05:16:53,24:07:53,20.35,,20.35,,0,0,0,0,0,1,1
15711,Masonic Ave & Haight St,37,CORBETT,3,005B95,FFFFFF,0,Parkridge Dr & Burnett Ave@@@54,Parkridge Dr & Burnett Ave@@@28,,09:04:00,22:04:00,30.0,,30.0,,0,0,0,0,0,1,1
15711,Masonic Ave & Haight St,6,HAYES-PARNASSUS,3,005B95,FFFFFF,0,14th Ave & Quintara St@@@114,14th Ave & Quintara St@@@40,,05:27:54,24:13:54,20.473684210526315,,20.473684210526315,,0,0,0,0,0,1,1
15712,Masonic Ave & Haight St,43,MASONIC,3,005B95,FFFFFF,0,Munich St & Geneva Ave@@@112,Munich St & Geneva Ave@@@42,,05:22:00,24:13:00,20.4,,20.4,,0,0,0,0,0,1,1
15713,Masonic Ave & Haight St,43,MASONIC,3,005B95,FFFFFF,1,Marina Blvd & Laguna St@@@112,Marina Blvd & Laguna St@@@42,,05:36:00,24:26:00,20.25,,20.25,,0,0,0,0,0,1,1
15713,Masonic Ave & Haight St,6,HAYES-PARNASSUS,3,005B95,FFFFFF,1,Hyde St & Grove St@@@116,Hyde St & Grove St@@@42,,05:12:48,24:14:32,20.1,,20.1,,0,0,0,0,0,1,1
15714,Masonic Ave & Hayes St,43,MASONIC,3,005B95,FFFFFF,1,Marina Blvd & Laguna St@@@112,Marina Blvd & Laguna St@@@42,,05:37:47,24:27:35,20.3,,20.3,,0,0,0,0,0,1,1
15715,Masonic Ave & Hayes St,43,MASONIC,3,005B95,FFFFFF,0,Munich St & Geneva Ave@@@112,Munich St & Geneva Ave@@@42,,05:20:21,24:11:21,20.4,,20.4,,0,0,0,0,0,1,1
15716,Masonic Ave & Oak St,43,MASONIC,3,005B95,FFFFFF,1,Marina Blvd & Laguna St@@@112,Marina Blvd & Laguna St@@@42,,05:36:46,24:26:41,20.3,,20.3,,0,0,0,0,0,1,1
15716,Masonic Ave & Oak St,6,HAYES-PARNASSUS,3,005B95,FFFFFF,1,Hyde St & Grove St@@@116,Hyde St & Grove St@@@42,,05:13:22,24:15:13,20.1,,20.1,,0,0,0,0,0,1,1
15717,Masonic Ave & Oak St,43,MASONIC,3,005B95,FFFFFF,0,Munich St & Geneva Ave@@@112,Munich St & Geneva Ave@@@42,,05:21:21,24:12:21,20.4,,20.4,,0,0,0,0,0,1,1
15717,Masonic Ave & Oak St,6,HAYES-PARNASSUS,3,005B95,FFFFFF,0,14th Ave & Quintara St@@@114,14th Ave & Quintara St@@@40,,05:27:20,24:13:20,20.473684210526315,,20.473684210526315,,0,0,0,0,0,1,1
15718,Masonic Ave & Turk St,43,MASONIC,3,005B95,FFFFFF,1,Marina Blvd & Laguna St@@@112,Marina Blvd & Laguna St@@@42,,05:40:04,24:29:37,20.3,,20.3,,0,0,0,0,0,1,1
15719,Masonic Ave & Turk St,43,MASONIC,3,005B95,FFFFFF,0,Munich St & Geneva Ave@@@112,Munich St & Geneva Ave@@@42,,05:18:19,24:09:19,20.35,,20.35,,0,0,0,0,0,1,1
15726,Metro Church Station/Downtown,K,INGLESIDE,0,437C93,FFFFFF,1,Metro Embarcadero Station@@@140###The Embarcadero & Folsom St@@@4,Metro Embarcadero Station@@@68,,08:10:08,23:48:08,12.090909090909092,,12.090909090909092,,0,0,0,0,0,1,1
15726,Metro Church Station/Downtown,L,TARAVAL,0,942D83,FFFFFF,1,Metro Embarcadero Station@@@138###The Embarcadero & Folsom St@@@6,Metro Embarcadero Station@@@70,,08:18:08,24:07:08,12.088235294117647,,12.088235294117647,,0,0,0,0,0,1,1
15726,Metro Church Station/Downtown,M,OCEAN VIEW,0,008547,FFFFFF,1,Metro Embarcadero Station@@@138###The Embarcadero & Folsom St@@@6,Metro Embarcadero Station@@@70,,08:14:08,23:58:08,12.088235294117647,,12.088235294117647,,0,0,0,0,0,1,1
15727,Metro Civic Center Station/Downtn,J,CHURCH,0,A96614,FFFFFF,1,Metro Embarcadero Station@@@122,Metro Embarcadero Station@@@56,,08:06:15,23:47:15,15.0,,15.0,,0,0,0,0,0,1,1
15727,Metro Civic Center Station/Downtn,K,INGLESIDE,0,437C93,FFFFFF,1,Metro Embarcadero Station@@@140###The Embarcadero & Folsom St@@@4,Metro Embarcadero Station@@@70,,08:13:15,23:51:15,12.088235294117647,,12.088235294117647,,0,0,0,0,0,1,1
15727,Metro Civic Center Station/Downtn,L,TARAVAL,0,942D83,FFFFFF,1,Metro Embarcadero Station@@@138###The Embarcadero & Folsom St@@@6,Metro Embarcadero Station@@@68,,08:21:15,24:10:15,12.090909090909092,,12.090909090909092,,0,0,0,0,0,1,1
15727,Metro Civic Center Station/Downtn,M,OCEAN VIEW,0,008547,FFFFFF,1,Metro Embarcadero Station@@@138###The Embarcadero & Folsom St@@@6,Metro Embarcadero Station@@@70,,08:17:15,24:01:15,12.088235294117647,,12.088235294117647,,0,0,0,0,0,1,1
15727,Metro Civic Center Station/Downtn,N,JUDAH,0,005B95,FFFFFF,1,King St & 4th St@@@154,King St & 4th St@@@70,,08:05:15,24:06:15,12.264705882352942,,12.264705882352942,,0,0,0,0,0,1,1
15728,Metro Castro Station/Downtown,K,INGLESIDE,0,437C93,FFFFFF,1,Metro Embarcadero Station@@@140###The Embarcadero & Folsom St@@@4,Metro Embarcadero Station@@@70,,08:09:00,23:47:00,12.088235294117647,,12.088235294117647,,0,0,0,0,0,1,1
15728,Metro Castro Station/Downtown,L,TARAVAL,0,942D83,FFFFFF,1,Metro Embarcadero Station@@@138###The Embarcadero & Folsom St@@@6,Metro Embarcadero Station@@@70,,08:17:00,24:06:00,12.088235294117647,,12.088235294117647,,0,0,0,0,0,1,1
15728,Metro Castro Station/Downtown,M,OCEAN VIEW,0,008547,FFFFFF,1,Metro Embarcadero Station@@@138###The Embarcadero & Folsom St@@@6,Metro Embarcadero Station@@@70,,08:13:00,23:57:00,12.088235294117647,,12.088235294117647,,0,0,0,0,0,1,1
15730,Metro Forest Hill Station/Downtown,K,INGLESIDE,0,437C93,FFFFFF,1,Metro Embarcadero Station@@@140###The Embarcadero & Folsom St@@@4,Metro Embarcadero Station@@@70,,08:03:53,23:41:53,12.088235294117647,,12.088235294117647,,0,0,0,0,0,1,1
15730,Metro Forest Hill Station/Downtown,L,TARAVAL,0,942D83,FFFFFF,1,Metro Embarcadero Station@@@138###The Embarcadero & Folsom St@@@6,Metro Embarcadero Station@@@68,,08:11:53,24:00:53,12.090909090909092,,12.090909090909092,,0,0,0,0,0,1,1
15730,Metro Forest Hill Station/Downtown,M,OCEAN VIEW,0,008547,FFFFFF,1,Metro Embarcadero Station@@@138###The Embarcadero & Folsom St@@@6,Metro Embarcadero Station@@@70,,08:07:53,23:51:53,12.088235294117647,,12.088235294117647,,0,0,0,0,0,1,1
15731,Metro Montgomery Station/Downtown,J,CHURCH,0,A96614,FFFFFF,1,Metro Embarcadero Station@@@122,Metro Embarcadero Station@@@56,,08:08:49,23:49:49,15.0,,15.0,,0,0,0,0,0,1,1
15731,Metro Montgomery Station/Downtown,K,INGLESIDE,0,437C93,FFFFFF,1,Metro Embarcadero Station@@@140###The Embarcadero & Folsom St@@@4,Metro Embarcadero Station@@@70,,08:15:49,23:53:49,12.088235294117647,,12.088235294117647,,0,0,0,0,0,1,1
15731,Metro Montgomery Station/Downtown,L,TARAVAL,0,942D83,FFFFFF,1,Metro Embarcadero Station@@@138###The Embarcadero & Folsom St@@@6,Metro Embarcadero Station@@@68,,08:23:49,24:12:49,12.090909090909092,,12.090909090909092,,0,0,0,0,0,1,1
15731,Metro Montgomery Station/Downtown,M,OCEAN VIEW,0,008547,FFFFFF,1,Metro Embarcadero Station@@@138###The Embarcadero & Folsom St@@@6,Metro Embarcadero Station@@@70,,08:19:49,24:03:49,12.088235294117647,,12.088235294117647,,0,0,0,0,0,1,1
15731,Metro Montgomery Station/Downtown,N,JUDAH,0,005B95,FFFFFF,1,King St & 4th St@@@154,King St & 4th St@@@70,,08:07:49,24:08:49,12.264705882352942,,12.264705882352942,,0,0,0,0,0,1,1
15732,Noe St & 27th St,24,DIVISADERO,3,005B95,FFFFFF,0,3rd St & Palou Ave@@@182###Cortland Ave & Bayshore Blvd@@@20,3rd St & Palou Ave@@@68,Cortland Ave & Bayshore Blvd@@@12,04:31:25,28:46:06,12.151515151515152,30.0,12.151515151515152,30.0,0,0,0,0,0,1,1
15733,Noe St & 27th St,24,DIVISADERO,3,005B95,FFFFFF,1,Divisadero St & Sutter St@@@28###Fillmore St & Jackson St@@@16###Jackson St & Webster St@@@158,Jackson St & Webster St@@@70,Divisadero St & Sutter St@@@14,05:24:22,29:13:37,12.147058823529411,30.0,12.147058823529411,30.0,0,0,0,0,0,1,1
15734,Noe St & 28th St,24,DIVISADERO,3,005B95,FFFFFF,0,3rd St & Palou Ave@@@182###Cortland Ave & Bayshore Blvd@@@20,3rd St & Palou Ave@@@68,Cortland Ave & Bayshore Blvd@@@12,04:31:58,28:46:49,12.151515151515152,30.0,12.151515151515152,30.0,0,0,0,0,0,1,1
15735,Noe St & 28th St,24,DIVISADERO,3,005B95,FFFFFF,1,Divisadero St & Sutter St@@@28###Fillmore St & Jackson St@@@16###Jackson St & Webster St@@@158,Jackson St & Webster St@@@70,Divisadero St & Sutter St@@@14,05:23:46,29:12:51,12.117647058823529,30.0,12.117647058823529,30.0,0,0,0,0,0,1,1
15736,Noe St & 29th St,24,DIVISADERO,3,005B95,FFFFFF,0,3rd St & Palou Ave@@@182###Cortland Ave & Bayshore Blvd@@@20,3rd St & Palou Ave@@@68,Cortland Ave & Bayshore Blvd@@@12,04:32:40,28:47:44,12.151515151515152,30.0,12.151515151515152,30.0,0,0,0,0,0,1,1
15737,Noe St & 29th St,24,DIVISADERO,3,005B95,FFFFFF,1,Divisadero St & Sutter St@@@28###Fillmore St & Jackson St@@@16###Jackson St & Webster St@@@158,Jackson St & Webster St@@@70,Divisadero St & Sutter St@@@14,05:23:10,29:12:04,12.147058823529411,30.0,12.147058823529411,30.0,0,0,0,0,0,1,1
15738,Noe St & 30th St,24,DIVISADERO,3,005B95,FFFFFF,0,3rd St & Palou Ave@@@182###Cortland Ave & Bayshore Blvd@@@20,3rd St & Palou Ave@@@68,Cortland Ave & Bayshore Blvd@@@12,04:33:10,28:48:21,12.151515151515152,30.0,12.151515151515152,30.0,0,0,0,0,0,1,1
15739,Noriega St & 16th Ave,66,QUINTARA,3,005B95,FFFFFF,0,Vicente St & 30th Ave@@@86,Vicente St & 30th Ave@@@42,,08:05:05,22:04:51,20.0,,20.0,,0,0,0,0,0,1,1
15741,Noriega St & 24th Ave,7,HAIGHT-NORIEGA,3,005B95,FFFFFF,0,Ortega St & 48th Ave@@@158,Ortega St & 48th Ave@@@68,,05:32:16,24:39:30,12.303030303030303,,12.303030303030303,,0,0,0,0,0,1,1
15742,Noriega St & 25th Ave,7,HAIGHT-NORIEGA,3,005B95,FFFFFF,1,Transit Center Bay E@@@156,Transit Center Bay E@@@70,,05:06:58,24:07:21,12.058823529411764,,12.058823529411764,,0,0,0,0,0,1,1
15744,Noriega St & 27th Ave,7,HAIGHT-NORIEGA,3,005B95,FFFFFF,1,Transit Center Bay E@@@156,Transit Center Bay E@@@70,,05:06:27,24:06:45,12.058823529411764,,12.058823529411764,,0,0,0,0,0,1,1
15745,Noriega St & 28th Ave,7,HAIGHT-NORIEGA,3,005B95,FFFFFF,0,Ortega St & 48th Ave@@@158,Ortega St & 48th Ave@@@68,,05:32:57,24:40:22,12.303030303030303,,12.303030303030303,,0,0,0,0,0,1,1
15746,Noriega St & 29th Ave,7,HAIGHT-NORIEGA,3,005B95,FFFFFF,1,Transit Center Bay E@@@156,Transit Center Bay E@@@70,,05:05:56,24:06:10,12.058823529411764,,12.058823529411764,,0,0,0,0,0,1,1
15747,Noriega St & 30th Ave,7,HAIGHT-NORIEGA,3,005B95,FFFFFF,0,Ortega St & 48th Ave@@@158,Ortega St & 48th Ave@@@68,,05:33:38,24:41:15,12.303030303030303,,12.303030303030303,,0,0,0,0,0,1,1
15748,Noriega St & 31st Ave,7,HAIGHT-NORIEGA,3,005B95,FFFFFF,1,Transit Center Bay E@@@156,Transit Center Bay E@@@70,,05:05:25,24:05:35,12.088235294117647,,12.088235294117647,,0,0,0,0,0,1,1
15751,Noriega St & 34th Ave,7,HAIGHT-NORIEGA,3,005B95,FFFFFF,0,Ortega St & 48th Ave@@@158,Ortega St & 48th Ave@@@68,,05:34:20,24:42:08,12.303030303030303,,12.303030303030303,,0,0,0,0,0,1,1
15752,Noriega St & 34th Ave,7,HAIGHT-NORIEGA,3,005B95,FFFFFF,1,Transit Center Bay E@@@156,Transit Center Bay E@@@70,,05:04:38,24:04:43,12.058823529411764,,12.058823529411764,,0,0,0,0,0,1,1
15753,Noriega St & 38th Ave,7,HAIGHT-NORIEGA,3,005B95,FFFFFF,0,Ortega St & 48th Ave@@@158,Ortega St & 48th Ave@@@68,,05:35:18,24:43:24,12.303030303030303,,12.303030303030303,,0,0,0,0,0,1,1
15754,Noriega St & 39th Ave,7,HAIGHT-NORIEGA,3,005B95,FFFFFF,1,Transit Center Bay E@@@156,Transit Center Bay E@@@70,,05:03:17,24:03:17,12.058823529411764,,12.058823529411764,,0,0,0,0,0,1,1
15755,Noriega St & 40th Ave,7,HAIGHT-NORIEGA,3,005B95,FFFFFF,0,Ortega St & 48th Ave@@@158,Ortega St & 48th Ave@@@68,,05:35:41,24:43:55,12.333333333333334,,12.333333333333334,,0,0,0,0,0,1,1
15756,Noriega St & 41st Ave,7,HAIGHT-NORIEGA,3,005B95,FFFFFF,1,Transit Center Bay E@@@156,Transit Center Bay E@@@70,,05:02:41,24:02:41,12.058823529411764,,12.058823529411764,,0,0,0,0,0,1,1
15757,Noriega St & 42nd Ave,7,HAIGHT-NORIEGA,3,005B95,FFFFFF,0,Ortega St & 48th Ave@@@158,Ortega St & 48th Ave@@@68,,05:36:05,24:44:26,12.303030303030303,,12.303030303030303,,0,0,0,0,0,1,1
15758,Noriega St & 43rd Ave,7,HAIGHT-NORIEGA,3,005B95,FFFFFF,1,Transit Center Bay E@@@156,Transit Center Bay E@@@70,,05:02:06,24:02:06,12.058823529411764,,12.058823529411764,,0,0,0,0,0,1,1
15759,Noriega St & 44th Ave,7,HAIGHT-NORIEGA,3,005B95,FFFFFF,0,Ortega St & 48th Ave@@@158,Ortega St & 48th Ave@@@68,,05:36:27,24:44:57,12.333333333333334,,12.333333333333334,,0,0,0,0,0,1,1
15761,Noriega St & 46th Ave,7,HAIGHT-NORIEGA,3,005B95,FFFFFF,0,Ortega St & 48th Ave@@@158,Ortega St & 48th Ave@@@68,,05:36:56,24:45:35,12.333333333333334,,12.333333333333334,,0,0,0,0,0,1,1
15762,Noriega St & 46th Ave,7,HAIGHT-NORIEGA,3,005B95,FFFFFF,1,Transit Center Bay E@@@156,Transit Center Bay E@@@70,,05:01:13,24:01:13,12.058823529411764,,12.058823529411764,,0,0,0,0,0,1,1
15763,Noriega St & 48th Ave,7,HAIGHT-NORIEGA,3,005B95,FFFFFF,0,Ortega St & 48th Ave@@@158,Ortega St & 48th Ave@@@68,,05:37:19,24:46:06,12.303030303030303,,12.303030303030303,,0,0,0,0,0,1,1
15764,Noriega St & Sunset Blvd,7,HAIGHT-NORIEGA,3,005B95,FFFFFF,0,Ortega St & 48th Ave@@@158,Ortega St & 48th Ave@@@68,,05:35:00,24:43:00,12.303030303030303,,12.303030303030303,,0,0,0,0,0,1,1
15765,Noriega St & Sunset Blvd,7,HAIGHT-NORIEGA,3,005B95,FFFFFF,1,Transit Center Bay E@@@156,Transit Center Bay E@@@70,,05:04:00,24:04:00,12.058823529411764,,12.058823529411764,,0,0,0,0,0,1,1
15766,Northridge Rd & Dormitory Rd,15,BAYVIEW HUNTERS POINT EXPRESS,3,005B95,FFFFFF,0,Palou Ave & 3rd St@@@130,Palou Ave & 3rd St@@@66,,08:29:25,22:35:25,12.6875,,12.6875,,0,0,0,0,0,1,1
15766,Northridge Rd & Dormitory Rd,15,BAYVIEW HUNTERS POINT EXPRESS,3,005B95,FFFFFF,1,Sutter St & Sansome St@@@130,Sutter St & Sansome St@@@68,,08:08:24,22:08:24,12.363636363636363,,12.363636363636363,,0,0,0,0,0,1,1
15766,Northridge Rd & Dormitory Rd,54,FELTON,3,005B95,FFFFFF,1,Newhall St & Hudson@@@96,Newhall St & Hudson@@@42,,06:21:09,22:46:54,20.2,,20.2,,0,0,0,0,0,1,1
15767,Northridge Rd & Harbor Rd,15,BAYVIEW HUNTERS POINT EXPRESS,3,005B95,FFFFFF,0,Palou Ave & 3rd St@@@130,Palou Ave & 3rd St@@@66,,08:28:48,22:34:48,12.6875,,12.6875,,0,0,0,0,0,1,1
15767,Northridge Rd & Harbor Rd,15,BAYVIEW HUNTERS POINT EXPRESS,3,005B95,FFFFFF,1,Sutter St & Sansome St@@@130,Sutter St & Sansome St@@@68,,08:07:46,22:07:46,12.363636363636363,,12.363636363636363,,0,0,0,0,0,1,1
15767,Northridge Rd & Harbor Rd,54,FELTON,3,005B95,FFFFFF,1,Newhall St & Hudson@@@96,Newhall St & Hudson@@@42,,06:20:34,22:46:09,20.25,,20.25,,0,0,0,0,0,1,1
15768,Northridge Rd & Ingalls St,15,BAYVIEW HUNTERS POINT EXPRESS,3,005B95,FFFFFF,0,Palou Ave & 3rd St@@@130,Palou Ave & 3rd St@@@66,,08:28:18,22:34:18,12.6875,,12.6875,,0,0,0,0,0,1,1
15768,Northridge Rd & Ingalls St,15,BAYVIEW HUNTERS POINT EXPRESS,3,005B95,FFFFFF,1,Sutter St & Sansome St@@@130,Sutter St & Sansome St@@@68,,08:07:17,22:07:17,12.363636363636363,,12.363636363636363,,0,0,0,0,0,1,1
15768,Northridge Rd & Ingalls St,54,FELTON,3,005B95,FFFFFF,1,Newhall St & Hudson@@@96,Newhall St & Hudson@@@42,,06:20:06,22:45:34,20.25,,20.25,,0,0,0,0,0,1,1
15769,Nevada St & Cortland Ave,67,BERNAL HEIGHTS,3,005B95,FFFFFF,1,24th St & Mission St@@@98,24th St & Mission St@@@42,,06:17:44,22:14:44,19.9,,19.9,,0,0,0,0,0,1,1
15770,Nevada St & Cortland Ave,67,BERNAL HEIGHTS,3,005B95,FFFFFF,0,Ellsworth St & Crescent Ave@@@98,Ellsworth St & Crescent Ave@@@42,,06:08:05,22:06:05,19.9,,19.9,,0,0,0,0,0,1,1
15774,Oakdale Ave & Barneveld Ave,23,MONTEREY,3,005B95,FFFFFF,1,Palou Ave & 3rd St@@@66,Palou Ave & 3rd St@@@28,,06:35:35,22:35:51,30.076923076923077,,30.076923076923077,,0,0,0,0,0,1,1
15775,Oakdale Ave & Baldwin Ct,23,MONTEREY,3,005B95,FFFFFF,1,Palou Ave & 3rd St@@@68,Palou Ave & 3rd St@@@28,,06:04:27,22:43:51,30.076923076923077,,30.076923076923077,,0,0,0,0,0,1,1
15776,Oakdale Ave & Griffith St,23,MONTEREY,3,005B95,FFFFFF,1,Palou Ave & 3rd St@@@68,Palou Ave & 3rd St@@@28,,06:05:01,22:44:30,30.076923076923077,,30.076923076923077,,0,0,0,0,0,1,1
15777,Oakdale Ave & Ingalls St,23,MONTEREY,3,005B95,FFFFFF,1,Palou Ave & 3rd St@@@68,Palou Ave & 3rd St@@@28,,06:04:07,22:43:27,30.076923076923077,,30.076923076923077,,0,0,0,0,0,1,1
15779,Ocean Ave & Aptos Ave,91,3RD-19TH AVE OWL,3,666666,FFFFFF,0,Ulloa St & West Portal Ave@@@26,,Ulloa St & West Portal Ave@@@20,24:38:25,30:38:25,,30.0,,30.0,0,0,0,0,0,1,1
15779,Ocean Ave & Aptos Ave,K,INGLESIDE,0,437C93,FFFFFF,1,Metro Embarcadero Station@@@140###The Embarcadero & Folsom St@@@4###West Portal Station@@@2,Metro Embarcadero Station@@@70,,07:53:18,23:52:24,12.058823529411764,,12.058823529411764,,0,0,0,0,0,1,1
15779,Ocean Ave & Aptos Ave,KBUS,INGLESIDE BUS,3,437C93,FFFFFF,1,Steuart St & Mission St@@@24,,,05:09:20,24:09:20,,,,,0,0,0,0,0,1,1
15780,Ocean Ave & Aptos Ave,91,3RD-19TH AVE OWL,3,666666,FFFFFF,1,19th Ave & Holloway/Sf State@@@24,,19th Ave & Holloway/Sf State@@@14,23:51:17,29:21:17,,30.0,,30.0,0,0,0,0,0,1,1
15780,Ocean Ave & Aptos Ave,K,INGLESIDE,0,437C93,FFFFFF,0,Balboa Park BART/Mezzanine Level@@@146,Balboa Park BART/Mezzanine Level@@@70,,08:07:31,24:22:13,12.088235294117647,,12.088235294117647,,0,0,0,0,0,1,1
15780,Ocean Ave & Aptos Ave,KBUS,INGLESIDE BUS,3,437C93,FFFFFF,0,San Jose Ave & Geneva Ave@@@24,,,05:43:13,08:28:13,,,,,0,0,0,0,0,1,1
15781,Ocean Ave/Balboa Park BART Station,29,SUNSET,3,005B95,FFFFFF,0,Fitzgerald Ave & Keith St@@@168,Fitzgerald Ave & Keith St@@@68,,05:33:00,24:32:00,12.454545454545455,,12.454545454545455,,0,0,0,0,0,1,1
15781,Ocean Ave/Balboa Park BART Station,49,VAN NESS-MISSION,3,005B95,FFFFFF,1,Van Ness Ave & North Point St@@@262,Van Ness Ave & North Point St@@@106,,05:01:24,24:01:45,8.0,,8.0,,0,0,0,0,0,1,1
15782,Ocean Ave & Cayuga Ave,29,SUNSET,3,005B95,FFFFFF,1,25th Ave & California St@@@22###Bowley St & Lincoln Blvd@@@142,Bowley St & Lincoln Blvd@@@70,,05:18:47,24:18:47,12.0,,12.0,,0,0,0,0,0,1,1
15782,Ocean Ave & Cayuga Ave,49,VAN NESS-MISSION,3,005B95,FFFFFF,0,City College Terminal@@@264,City College Terminal@@@104,,05:36:50,24:40:41,8.156862745098039,,8.156862745098039,,0,0,0,0,0,1,1
15783,Ocean Ave & Cayuga Ave,29,SUNSET,3,005B95,FFFFFF,0,Fitzgerald Ave & Keith St@@@168,Fitzgerald Ave & Keith St@@@68,,05:34:55,24:33:55,12.454545454545455,,12.454545454545455,,0,0,0,0,0,1,1
15783,Ocean Ave & Cayuga Ave,49,VAN NESS-MISSION,3,005B95,FFFFFF,1,Van Ness Ave & North Point St@@@262,Van Ness Ave & North Point St@@@104,,05:03:35,24:04:29,8.0,,8.0,,0,0,0,0,0,1,1
15784,Ocean Ave/Ccsf Pedestrian Bridge,K,INGLESIDE,0,437C93,FFFFFF,1,Metro Embarcadero Station@@@140###The Embarcadero & Folsom St@@@4###West Portal Station@@@2,Metro Embarcadero Station@@@70,,07:44:58,23:46:02,12.058823529411764,,12.058823529411764,,0,0,0,0,0,1,1
15785,Ocean Ave/Ccsf Pedestrian Bridge,K,INGLESIDE,0,437C93,FFFFFF,0,Balboa Park BART/Mezzanine Level@@@146,Balboa Park BART/Mezzanine Level@@@70,,08:14:00,24:28:10,12.088235294117647,,12.088235294117647,,0,0,0,0,0,1,1
15787,Ocean Ave & Dorado Ter,91,3RD-19TH AVE OWL,3,666666,FFFFFF,0,Ulloa St & West Portal Ave@@@26,,Ulloa St & West Portal Ave@@@20,24:36:14,30:36:14,,30.0,,30.0,0,0,0,0,0,1,1
15787,Ocean Ave & Dorado Ter,K,INGLESIDE,0,437C93,FFFFFF,1,Metro Embarcadero Station@@@140###The Embarcadero & Folsom St@@@4###West Portal Station@@@2,Metro Embarcadero Station@@@70,,07:49:34,23:49:33,12.058823529411764,,12.058823529411764,,0,0,0,0,0,1,1
15787,Ocean Ave & Dorado Ter,KBUS,INGLESIDE BUS,3,437C93,FFFFFF,1,Steuart St & Mission St@@@24,,,05:06:38,24:06:38,,,,,0,0,0,0,0,1,1
15788,Ocean Ave & Fairfield Way,91,3RD-19TH AVE OWL,3,666666,FFFFFF,0,Ulloa St & West Portal Ave@@@26,,Ulloa St & West Portal Ave@@@20,24:37:08,30:37:08,,30.0,,30.0,0,0,0,0,0,1,1
15788,Ocean Ave & Fairfield Way,K,INGLESIDE,0,437C93,FFFFFF,1,Metro Embarcadero Station@@@140###The Embarcadero & Folsom St@@@4###West Portal Station@@@2,Metro Embarcadero Station@@@70,,07:51:07,23:50:44,12.058823529411764,,12.058823529411764,,0,0,0,0,0,1,1
15788,Ocean Ave & Fairfield Way,KBUS,INGLESIDE BUS,3,437C93,FFFFFF,1,Steuart St & Mission St@@@24,,,05:07:45,24:07:45,,,,,0,0,0,0,0,1,1
15790,Ocean Ave & Howth St / City College,29,SUNSET,3,005B95,FFFFFF,1,25th Ave & California St@@@22###Bowley St & Lincoln Blvd@@@142,Bowley St & Lincoln Blvd@@@70,,05:21:15,24:21:15,12.0,,12.0,,0,0,0,0,0,1,1
15790,Ocean Ave & Howth St / City College,49,VAN NESS-MISSION,3,005B95,FFFFFF,0,City College Terminal@@@264,City College Terminal@@@102,,05:40:29,24:43:44,8.12,,8.12,,0,0,0,0,0,1,1
15791,Ocean Ave & Howth St / City College,29,SUNSET,3,005B95,FFFFFF,0,Fitzgerald Ave & Keith St@@@168,Fitzgerald Ave & Keith St@@@68,,05:32:31,24:31:31,12.454545454545455,,12.454545454545455,,0,0,0,0,0,1,1
15791,Ocean Ave & Howth St / City College,49,VAN NESS-MISSION,3,005B95,FFFFFF,1,Van Ness Ave & North Point St@@@262,Van Ness Ave & North Point St@@@104,,05:00:58,24:01:12,8.0,,8.0,,0,0,0,0,0,1,1
15792,Ocean Ave & Junipero Serra Blvd,91,3RD-19TH AVE OWL,3,666666,FFFFFF,1,19th Ave & Holloway/Sf State@@@24,,19th Ave & Holloway/Sf State@@@14,23:50:01,29:20:01,,30.0,,30.0,0,0,0,0,0,1,1
15792,Ocean Ave & Junipero Serra Blvd,KBUS,INGLESIDE BUS,3,437C93,FFFFFF,0,San Jose Ave & Geneva Ave@@@24,,,05:41:33,08:26:33,,,,,0,0,0,0,0,1,1
15793,Ocean Ave & Jules Ave,91,3RD-19TH AVE OWL,3,666666,FFFFFF,1,19th Ave & Holloway/Sf State@@@24,,19th Ave & Holloway/Sf State@@@14,23:53:12,29:23:12,,30.0,,30.0,0,0,0,0,0,1,1
15793,Ocean Ave & Jules Ave,K,INGLESIDE,0,437C93,FFFFFF,0,Balboa Park BART/Mezzanine Level@@@146,Balboa Park BART/Mezzanine Level@@@68,,08:10:15,24:24:44,12.090909090909092,,12.090909090909092,,0,0,0,0,0,1,1
15793,Ocean Ave & Jules Ave,KBUS,INGLESIDE BUS,3,437C93,FFFFFF,0,San Jose Ave & Geneva Ave@@@24,,,05:45:43,08:30:43,,,,,0,0,0,0,0,1,1
15794,Ocean Ave & Lee St,29,SUNSET,3,005B95,FFFFFF,1,25th Ave & California St@@@22###Bowley St & Lincoln Blvd@@@142,Bowley St & Lincoln Blvd@@@70,,05:22:22,24:22:22,12.0,,12.0,,0,0,0,0,0,1,1
15794,Ocean Ave & Lee St,91,3RD-19TH AVE OWL,3,666666,FFFFFF,0,Ulloa St & West Portal Ave@@@26,,Ulloa St & West Portal Ave@@@20,24:34:14,30:34:14,,30.0,,30.0,0,0,0,0,0,1,1
15794,Ocean Ave & Lee St,K,INGLESIDE,0,437C93,FFFFFF,1,Metro Embarcadero Station@@@140###The Embarcadero & Folsom St@@@4###West Portal Station@@@2,Metro Embarcadero Station@@@68,,07:46:11,23:46:58,12.090909090909092,,12.090909090909092,,0,0,0,0,0,1,1
15794,Ocean Ave & Lee St,KBUS,INGLESIDE BUS,3,437C93,FFFFFF,1,Steuart St & Mission St@@@24,,,05:04:11,24:04:11,,,,,0,0,0,0,0,1,1
15795,Ocean Ave & Lee St,91,3RD-19TH AVE OWL,3,666666,FFFFFF,1,19th Ave & Holloway/Sf State@@@24,,19th Ave & Holloway/Sf State@@@14,23:54:56,29:24:56,,30.0,,30.0,0,0,0,0,0,1,1
15795,Ocean Ave & Lee St,K,INGLESIDE,0,437C93,FFFFFF,0,Balboa Park BART/Mezzanine Level@@@146,Balboa Park BART/Mezzanine Level@@@70,,08:12:45,24:27:01,12.117647058823529,,12.117647058823529,,0,0,0,0,0,1,1
15795,Ocean Ave & Lee St,KBUS,INGLESIDE BUS,3,437C93,FFFFFF,0,San Jose Ave & Geneva Ave@@@24,,,05:48:01,08:33:01,,,,,0,0,0,0,0,1,1
15796,Ocean Ave & Mission St,49,VAN NESS-MISSION,3,005B95,FFFFFF,0,City College Terminal@@@264,City College Terminal@@@104,,05:36:00,24:40:00,8.137254901960784,,8.137254901960784,,0,0,0,0,0,1,1
15797,Ocean Ave & Miramar Ave,91,3RD-19TH AVE OWL,3,666666,FFFFFF,0,Ulloa St & West Portal Ave@@@26,,Ulloa St & West Portal Ave@@@20,24:35:24,30:35:24,,30.0,,30.0,0,0,0,0,0,1,1
15797,Ocean Ave & Miramar Ave,K,INGLESIDE,0,437C93,FFFFFF,1,Metro Embarcadero Station@@@140###The Embarcadero & Folsom St@@@4###West Portal Station@@@2,Metro Embarcadero Station@@@70,,07:48:09,23:48:28,12.058823529411764,,12.058823529411764,,0,0,0,0,0,1,1
15797,Ocean Ave & Miramar Ave,KBUS,INGLESIDE BUS,3,437C93,FFFFFF,1,Steuart St & Mission St@@@24,,,05:05:36,24:05:36,,,,,0,0,0,0,0,1,1
15798,Ocean Ave & Miramar Ave,91,3RD-19TH AVE OWL,3,666666,FFFFFF,1,19th Ave & Holloway/Sf State@@@24,,19th Ave & Holloway/Sf State@@@14,23:53:58,29:23:58,,30.0,,30.0,0,0,0,0,0,1,1
15798,Ocean Ave & Miramar Ave,K,INGLESIDE,0,437C93,FFFFFF,0,Balboa Park BART/Mezzanine Level@@@146,Balboa Park BART/Mezzanine Level@@@70,,08:11:22,24:25:45,12.088235294117647,,12.088235294117647,,0,0,0,0,0,1,1
15798,Ocean Ave & Miramar Ave,KBUS,INGLESIDE BUS,3,437C93,FFFFFF,0,San Jose Ave & Geneva Ave@@@24,,,05:46:44,08:31:44,,,,,0,0,0,0,0,1,1
15800,Ocean Ave & Otsego Ave,29,SUNSET,3,005B95,FFFFFF,0,Fitzgerald Ave & Keith St@@@168,Fitzgerald Ave & Keith St@@@68,,05:34:20,24:33:20,12.454545454545455,,12.454545454545455,,0,0,0,0,0,1,1
15800,Ocean Ave & Otsego Ave,49,VAN NESS-MISSION,3,005B95,FFFFFF,1,Van Ness Ave & North Point St@@@262,Van Ness Ave & North Point St@@@106,,05:02:55,24:03:39,8.0,,8.0,,0,0,0,0,0,1,1
15801,Ocean Ave & Persia Ave,49,VAN NESS-MISSION,3,005B95,FFFFFF,1,Van Ness Ave & North Point St@@@262,Van Ness Ave & North Point St@@@104,,05:04:00,24:05:00,8.0,,8.0,,0,0,0,0,0,1,1
15804,Ocean Ave & San Jose Ave,29,SUNSET,3,005B95,FFFFFF,1,25th Ave & California St@@@22###Bowley St & Lincoln Blvd@@@142,Bowley St & Lincoln Blvd@@@70,,05:20:00,24:20:00,12.0,,12.0,,0,0,0,0,0,1,1
15804,Ocean Ave & San Jose Ave,49,VAN NESS-MISSION,3,005B95,FFFFFF,0,City College Terminal@@@264,City College Terminal@@@102,,05:38:54,24:42:25,8.12,,8.12,,0,0,0,0,0,1,1
15805,Ocean Ave & San Jose St,29,SUNSET,3,005B95,FFFFFF,0,Fitzgerald Ave & Keith St@@@168,Fitzgerald Ave & Keith St@@@68,,05:33:39,24:32:39,12.454545454545455,,12.454545454545455,,0,0,0,0,0,1,1
15805,Ocean Ave & San Jose St,49,VAN NESS-MISSION,3,005B95,FFFFFF,1,Van Ness Ave & North Point St@@@262,Van Ness Ave & North Point St@@@106,,05:02:09,24:02:41,8.0,,8.0,,0,0,0,0,0,1,1
15806,Ocean Ave & San Leandro Way,91,3RD-19TH AVE OWL,3,666666,FFFFFF,0,Ulloa St & West Portal Ave@@@26,,Ulloa St & West Portal Ave@@@20,24:39:08,30:39:08,,30.0,,30.0,0,0,0,0,0,1,1
15806,Ocean Ave & San Leandro Way,K,INGLESIDE,0,437C93,FFFFFF,1,Metro Embarcadero Station@@@140###The Embarcadero & Folsom St@@@4###West Portal Station@@@2,Metro Embarcadero Station@@@70,,07:54:31,23:53:20,12.058823529411764,,12.058823529411764,,0,0,0,0,0,1,1
15806,Ocean Ave & San Leandro Way,KBUS,INGLESIDE BUS,3,437C93,FFFFFF,1,Steuart St & Mission St@@@24,,,05:10:13,24:10:13,,,,,0,0,0,0,0,1,1
15807,Ocean Ave & San Leandro Way,91,3RD-19TH AVE OWL,3,666666,FFFFFF,1,19th Ave & Holloway/Sf State@@@24,,19th Ave & Holloway/Sf State@@@14,23:50:38,29:20:38,,30.0,,30.0,0,0,0,0,0,1,1
15807,Ocean Ave & San Leandro Way,K,INGLESIDE,0,437C93,FFFFFF,0,Balboa Park BART/Mezzanine Level@@@146,Balboa Park BART/Mezzanine Level@@@70,,08:06:35,24:21:22,12.088235294117647,,12.088235294117647,,0,0,0,0,0,1,1
15807,Ocean Ave & San Leandro Way,KBUS,INGLESIDE BUS,3,437C93,FFFFFF,0,San Jose Ave & Geneva Ave@@@24,,,05:42:21,08:27:21,,,,,0,0,0,0,0,1,1
15808,Ocean Ave & Victoria St,91,3RD-19TH AVE OWL,3,666666,FFFFFF,1,19th Ave & Holloway/Sf State@@@24,,19th Ave & Holloway/Sf State@@@14,23:52:25,29:22:25,,30.0,,30.0,0,0,0,0,0,1,1
15808,Ocean Ave & Victoria St,K,INGLESIDE,0,437C93,FFFFFF,0,Balboa Park BART/Mezzanine Level@@@146,Balboa Park BART/Mezzanine Level@@@68,,08:09:08,24:23:42,12.06060606060606,,12.06060606060606,,0,0,0,0,0,1,1
15808,Ocean Ave & Victoria St,KBUS,INGLESIDE BUS,3,437C93,FFFFFF,0,San Jose Ave & Geneva Ave@@@24,,,05:44:42,08:29:42,,,,,0,0,0,0,0,1,1
15810,O'Farrell St & Grant Ave,38,GEARY,3,005B95,FFFFFF,1,Transit Center Bay D@@@228,Transit Center Bay D@@@84,Transit Center Bay D@@@16,06:04:55,29:45:55,10.048780487804878,30.0,10.048780487804878,30.0,0,0,0,0,0,1,1
15810,O'Farrell St & Grant Ave,38R,GEARY RAPID,3,BF2B45,FFFFFF,1,Transit Center Bay C@@@174,Transit Center Bay C@@@84,,06:34:23,21:35:51,10.024390243902438,,10.024390243902438,,0,0,0,0,0,1,1
15813,O'Farrell St & Larkin St,38,GEARY,3,005B95,FFFFFF,1,Transit Center Bay D@@@228,Transit Center Bay D@@@84,Transit Center Bay D@@@16,05:59:45,29:41:27,10.048780487804878,30.0,10.048780487804878,30.0,0,0,0,0,0,1,1
15814,O'Farrell St & Leavenworth St,38,GEARY,3,005B95,FFFFFF,1,Transit Center Bay D@@@228,Transit Center Bay D@@@84,Transit Center Bay D@@@16,06:01:18,29:42:45,10.048780487804878,30.0,10.048780487804878,30.0,0,0,0,0,0,1,1
15817,O'Farrell St & Powell St/Union Square,38,GEARY,3,005B95,FFFFFF,1,Transit Center Bay D@@@228,Transit Center Bay D@@@82,Transit Center Bay D@@@16,06:04:00,29:45:00,10.05,30.0,10.05,30.0,0,0,0,0,0,1,1
15817,O'Farrell St & Powell St/Union Square,38R,GEARY RAPID,3,BF2B45,FFFFFF,1,Transit Center Bay C@@@174,Transit Center Bay C@@@84,,06:33:00,21:34:00,10.024390243902438,,10.024390243902438,,0,0,0,0,0,1,1
15818,O'Farrell St & Van Ness Ave,38,GEARY,3,005B95,FFFFFF,1,Transit Center Bay D@@@228,Transit Center Bay D@@@84,Transit Center Bay D@@@16,05:58:00,29:40:00,10.048780487804878,30.0,10.048780487804878,30.0,0,0,0,0,0,1,1
15818,O'Farrell St & Van Ness Ave,38R,GEARY RAPID,3,BF2B45,FFFFFF,1,Transit Center Bay C@@@174,Transit Center Bay C@@@84,,06:27:00,21:28:00,10.048780487804878,,10.048780487804878,,0,0,0,0,0,1,1
15820,Oakpark Dr & Forest Knolls Dr,36,TERESITA,3,005B95,FFFFFF,1,Laguna Honda Blvd/Forest Hill Sta@@@58,Laguna Honda Blvd/Forest Hill Sta@@@28,,09:00:36,22:52:36,30.0,,30.0,,0,0,0,0,0,1,1
15821,Olympia Way & Clarendon Ave,36,TERESITA,3,005B95,FFFFFF,1,Laguna Honda Blvd/Forest Hill Sta@@@58,Laguna Honda Blvd/Forest Hill Sta@@@28,,08:59:34,22:51:34,30.0,,30.0,,0,0,0,0,0,1,1
15822,Olympia Way & Dellbrook Ave,36,TERESITA,3,005B95,FFFFFF,1,Laguna Honda Blvd/Forest Hill Sta@@@58,Laguna Honda Blvd/Forest Hill Sta@@@28,,08:59:13,22:51:13,30.0,,30.0,,0,0,0,0,0,1,1
15823,Olympia Way & Dellbrook Ave,36,TERESITA,3,005B95,FFFFFF,1,Laguna Honda Blvd/Forest Hill Sta@@@58,Laguna Honda Blvd/Forest Hill Sta@@@28,,08:58:57,22:50:57,30.0,,30.0,,0,0,0,0,0,1,1
15824,Olympia Way & Panorama Dr,36,TERESITA,3,005B95,FFFFFF,1,Laguna Honda Blvd/Forest Hill Sta@@@58,Laguna Honda Blvd/Forest Hill Sta@@@28,,08:58:48,22:50:48,30.0,,30.0,,0,0,0,0,0,1,1
15825,Orizaba Ave & Broad St,M,OCEAN VIEW,0,008547,FFFFFF,0,San Jose Ave & Niagra Ave@@@172,San Jose Ave & Niagra Ave@@@68,,05:54:13,25:02:57,12.151515151515152,,12.151515151515152,,0,0,0,0,0,1,1
15826,Ortega St & 9th Ave,6,HAYES-PARNASSUS,3,005B95,FFFFFF,1,Hyde St & Grove St@@@116,Hyde St & Grove St@@@42,,05:02:16,24:02:16,20.0,,20.0,,0,0,0,0,0,1,1
15827,Ortega St & 10th Ave,6,HAYES-PARNASSUS,3,005B95,FFFFFF,0,14th Ave & Quintara St@@@114,14th Ave & Quintara St@@@42,,05:38:51,24:25:25,20.6,,20.6,,0,0,0,0,0,1,1
15828,Ortega St & 48th Ave,7,HAIGHT-NORIEGA,3,005B95,FFFFFF,1,Transit Center Bay E@@@156,Transit Center Bay E@@@70,,05:00:00,24:00:00,12.058823529411764,,12.058823529411764,,0,0,0,0,0,1,1
15829,O'Shaughnessy Blvd - Sf School Of The Arts,44,O'SHAUGHNESSY,3,005B95,FFFFFF,1,California St & 6th Ave@@@170,California St & 6th Ave@@@70,,05:27:58,24:25:58,12.029411764705882,,12.029411764705882,,0,0,0,0,0,1,1
15830,O'Shaughnessy Blvd & Del Vale Ave,44,O'SHAUGHNESSY,3,005B95,FFFFFF,1,California St & 6th Ave@@@170,California St & 6th Ave@@@70,,05:26:44,24:24:44,12.0,,12.0,,0,0,0,0,0,1,1
15831,O'Shaughnessy Blvd & Del Vale Ave,44,O'SHAUGHNESSY,3,005B95,FFFFFF,0,Hudson Ave & 3rd St@@@166,Hudson Ave & 3rd St@@@70,,06:14:51,24:20:48,12.058823529411764,,12.058823529411764,,0,0,0,0,0,1,1
15832,O'Shaughnessy Blvd & Malta Dr,44,O'SHAUGHNESSY,3,005B95,FFFFFF,1,California St & 6th Ave@@@170,California St & 6th Ave@@@70,,05:25:11,24:23:11,12.0,,12.0,,0,0,0,0,0,1,1
15833,O'Shaughnessy Blvd & Malta Dr,44,O'SHAUGHNESSY,3,005B95,FFFFFF,0,Hudson Ave & 3rd St@@@166,Hudson Ave & 3rd St@@@70,,06:16:11,24:22:35,12.058823529411764,,12.058823529411764,,0,0,0,0,0,1,1
15834,O'Shaughnessy Blvd & Portola Dr,44,O'SHAUGHNESSY,3,005B95,FFFFFF,0,Hudson Ave & 3rd St@@@166,Hudson Ave & 3rd St@@@70,,06:13:36,24:19:08,12.058823529411764,,12.058823529411764,,0,0,0,0,0,1,1
15836,Otis St & 12th St,14,MISSION,3,005B95,FFFFFF,0,Mission St & San Jose Ave@@@310,Mission St & San Jose Ave@@@106,Mission St & San Jose Ave@@@30,05:24:03,29:14:03,7.923076923076923,13.428571428571429,7.923076923076923,13.428571428571429,0,0,0,0,0,1,1
15836,Otis St & 12th St,49,VAN NESS-MISSION,3,005B95,FFFFFF,0,City College Terminal@@@264,City College Terminal@@@106,,05:15:09,24:17:09,8.038461538461538,,8.038461538461538,,0,0,0,0,0,1,1
15837,Pacific Ave & Grant Ave/Chinatown,12,FOLSOM-PACIFIC,3,005B95,FFFFFF,1,Jackson St & Van Ness Ave@@@152,Jackson St & Van Ness Ave@@@80,,06:45:24,22:48:24,10.256410256410257,,10.256410256410257,,0,0,0,0,0,1,1
15838,Pacific Ave & Hyde St,12,FOLSOM-PACIFIC,3,005B95,FFFFFF,1,Jackson St & Van Ness Ave@@@152,Jackson St & Van Ness Ave@@@80,,06:50:23,22:53:23,10.282051282051283,,10.282051282051283,,0,0,0,0,0,1,1
15839,Pacific Ave & Hyde St,12,FOLSOM-PACIFIC,3,005B95,FFFFFF,0,Main St & Howard St@@@54###Valencia St & Cesar Chavez St@@@98,Main St & Howard St@@@42###Valencia St & Cesar Chavez St@@@42,,06:02:27,22:02:27,10.0,,10.0,,0,0,0,0,0,1,1
15840,Pacific Ave & Jones St,12,FOLSOM-PACIFIC,3,005B95,FFFFFF,1,Jackson St & Van Ness Ave@@@152,Jackson St & Van Ness Ave@@@80,,06:49:02,22:52:02,10.282051282051283,,10.282051282051283,,0,0,0,0,0,1,1
15841,Pacific Ave & Jones St,12,FOLSOM-PACIFIC,3,005B95,FFFFFF,0,Main St & Howard St@@@54###Valencia St & Cesar Chavez St@@@98,Main St & Howard St@@@42###Valencia St & Cesar Chavez St@@@42,,06:03:49,22:03:49,10.0,,10.0,,0,0,0,0,0,1,1
15842,Pacific Ave & Kearny St,12,FOLSOM-PACIFIC,3,005B95,FFFFFF,1,Jackson St & Van Ness Ave@@@152,Jackson St & Van Ness Ave@@@82,,06:44:41,22:47:41,10.275,,10.275,,0,0,0,0,0,1,1
15843,Pacific Ave & Larkin St,12,FOLSOM-PACIFIC,3,005B95,FFFFFF,1,Jackson St & Van Ness Ave@@@152,Jackson St & Van Ness Ave@@@80,,06:51:04,22:54:04,10.282051282051283,,10.282051282051283,,0,0,0,0,0,1,1
15844,Pacific Ave & Larkin St,12,FOLSOM-PACIFIC,3,005B95,FFFFFF,0,Main St & Howard St@@@54###Valencia St & Cesar Chavez St@@@98,Main St & Howard St@@@42###Valencia St & Cesar Chavez St@@@42,,06:01:46,22:01:46,10.0,,10.0,,0,0,0,0,0,1,1
15845,Pacific Ave & Leavenworth St,12,FOLSOM-PACIFIC,3,005B95,FFFFFF,1,Jackson St & Van Ness Ave@@@152,Jackson St & Van Ness Ave@@@80,,06:49:42,22:52:42,10.282051282051283,,10.282051282051283,,0,0,0,0,0,1,1
15846,Pacific Ave & Leavenworth St,12,FOLSOM-PACIFIC,3,005B95,FFFFFF,0,Main St & Howard St@@@54###Valencia St & Cesar Chavez St@@@98,Main St & Howard St@@@42###Valencia St & Cesar Chavez St@@@42,,06:03:08,22:03:08,10.0,,10.0,,0,0,0,0,0,1,1
15847,Pacific Ave & Mason St,12,FOLSOM-PACIFIC,3,005B95,FFFFFF,1,Jackson St & Van Ness Ave@@@152,Jackson St & Van Ness Ave@@@80,,06:47:40,22:50:40,10.282051282051283,,10.282051282051283,,0,0,0,0,0,1,1
15848,Pacific Ave & Mason St,12,FOLSOM-PACIFIC,3,005B95,FFFFFF,0,Main St & Howard St@@@54###Valencia St & Cesar Chavez St@@@98,Main St & Howard St@@@42###Valencia St & Cesar Chavez St@@@42,,06:05:11,22:05:11,10.0,,10.0,,0,0,0,0,0,1,1
15849,Pacific Ave & Montgomery St,12,FOLSOM-PACIFIC,3,005B95,FFFFFF,1,Jackson St & Van Ness Ave@@@152,Jackson St & Van Ness Ave@@@82,,06:43:54,22:46:54,10.275,,10.275,,0,0,0,0,0,1,1
15850,Pacific Ave & Polk St,12,FOLSOM-PACIFIC,3,005B95,FFFFFF,1,Jackson St & Van Ness Ave@@@152,Jackson St & Van Ness Ave@@@80,,06:51:45,22:54:45,10.282051282051283,,10.282051282051283,,0,0,0,0,0,1,1
15851,Pacific Ave & Polk St,12,FOLSOM-PACIFIC,3,005B95,FFFFFF,0,Main St & Howard St@@@54###Valencia St & Cesar Chavez St@@@98,Main St & Howard St@@@42###Valencia St & Cesar Chavez St@@@42,,06:01:16,22:01:16,10.0,,10.0,,0,0,0,0,0,1,1
15852,Pacific Ave & Powell St/Chinatown,12,FOLSOM-PACIFIC,3,005B95,FFFFFF,1,Jackson St & Van Ness Ave@@@152,Jackson St & Van Ness Ave@@@80,,06:47:00,22:50:00,10.282051282051283,,10.282051282051283,,0,0,0,0,0,1,1
15853,Pacific Ave & Powell St/Chinatown,12,FOLSOM-PACIFIC,3,005B95,FFFFFF,0,Main St & Howard St@@@54###Valencia St & Cesar Chavez St@@@98,Main St & Howard St@@@42###Valencia St & Cesar Chavez St@@@42,,06:06:00,22:06:00,10.0,,10.0,,0,0,0,0,0,1,1
15854,Pacific Ave & Sansome St,12,FOLSOM-PACIFIC,3,005B95,FFFFFF,1,Jackson St & Van Ness Ave@@@152,Jackson St & Van Ness Ave@@@82,,06:43:20,22:46:20,10.275,,10.275,,0,0,0,0,0,1,1
15856,Pacific Ave & Taylor St,12,FOLSOM-PACIFIC,3,005B95,FFFFFF,1,Jackson St & Van Ness Ave@@@152,Jackson St & Van Ness Ave@@@80,,06:48:21,22:51:21,10.282051282051283,,10.282051282051283,,0,0,0,0,0,1,1
15857,Pacific Ave & Taylor St,12,FOLSOM-PACIFIC,3,005B95,FFFFFF,0,Main St & Howard St@@@54###Valencia St & Cesar Chavez St@@@98,Main St & Howard St@@@42###Valencia St & Cesar Chavez St@@@42,,06:04:30,22:04:30,10.0,,10.0,,0,0,0,0,0,1,1
15859,Pacific Ave & Van Ness Ave,12,FOLSOM-PACIFIC,3,005B95,FFFFFF,0,Main St & Howard St@@@54###Valencia St & Cesar Chavez St@@@98,Main St & Howard St@@@42###Valencia St & Cesar Chavez St@@@42,,06:00:35,22:00:35,10.0,,10.0,,0,0,0,0,0,1,1
15859,Pacific Ave & Van Ness Ave,27,BRYANT,3,005B95,FFFFFF,0,24th St & Mission St@@@102,24th St & Mission St@@@42,,05:10:06,22:00:08,19.95,,19.95,,0,0,0,0,0,1,1
15863,Palou Ave & 3rd St,23,MONTEREY,3,005B95,FFFFFF,0,Sloat Blvd & 47th Ave@@@66,Sloat Blvd & 47th Ave@@@28,,06:10:00,22:10:00,30.0,,30.0,,0,0,0,0,0,1,1
15863,Palou Ave & 3rd St,44,O'SHAUGHNESSY,3,005B95,FFFFFF,1,Bosworth St & Diamond St@@@20###California St & 6th Ave@@@170,California St & 6th Ave@@@70,Bosworth St & Diamond St@@@14,05:09:00,29:19:00,12.0,31.666666666666668,12.0,31.666666666666668,0,0,0,0,0,1,1
15864,Palou Ave & 3rd St,15,BAYVIEW HUNTERS POINT EXPRESS,3,005B95,FFFFFF,1,Sutter St & Sansome St@@@130,Sutter St & Sansome St@@@68,,08:03:00,22:03:00,12.363636363636363,,12.363636363636363,,0,0,0,0,0,1,1
15864,Palou Ave & 3rd St,23,MONTEREY,3,005B95,FFFFFF,1,Palou Ave & 3rd St@@@68,Palou Ave & 3rd St@@@28,,06:02:00,22:41:00,30.076923076923077,,30.076923076923077,,0,0,0,0,0,1,1
15864,Palou Ave & 3rd St,44,O'SHAUGHNESSY,3,005B95,FFFFFF,0,Hudson Ave & 3rd St@@@186,Hudson Ave & 3rd St@@@68,Hudson Ave & 3rd St@@@16,06:32:00,29:49:00,12.212121212121213,31.857142857142858,12.212121212121213,31.857142857142858,0,0,0,0,0,1,1
15865,Palou Ave & Crisp Rd,23,MONTEREY,3,005B95,FFFFFF,1,Palou Ave & 3rd St@@@68,Palou Ave & 3rd St@@@28,,06:05:18,22:44:50,30.076923076923077,,30.076923076923077,,0,0,0,0,0,1,1
15866,Palou Ave & Hawes St,23,MONTEREY,3,005B95,FFFFFF,1,Palou Ave & 3rd St@@@68,Palou Ave & 3rd St@@@28,,06:05:36,22:45:11,30.076923076923077,,30.076923076923077,,0,0,0,0,0,1,1
15867,Palou Ave & Industrial St,23,MONTEREY,3,005B95,FFFFFF,0,Sloat Blvd & 47th Ave@@@66,Sloat Blvd & 47th Ave@@@28,,06:13:16,22:13:16,30.0,,30.0,,0,0,0,0,0,1,1
15867,Palou Ave & Industrial St,24,DIVISADERO,3,005B95,FFFFFF,1,Divisadero St & Sutter St@@@8###Fillmore St & Jackson St@@@16###Jackson St & Webster St@@@158,Jackson St & Webster St@@@70,,05:11:25,24:29:47,12.088235294117647,,12.088235294117647,,0,0,0,0,0,1,1
15868,Palou Ave & Ingalls St,23,MONTEREY,3,005B95,FFFFFF,1,Palou Ave & 3rd St@@@68,Palou Ave & 3rd St@@@28,,06:05:56,22:45:34,30.076923076923077,,30.076923076923077,,0,0,0,0,0,1,1
15869,Palou Ave & Ingalls St,15,BAYVIEW HUNTERS POINT EXPRESS,3,005B95,FFFFFF,1,Sutter St & Sansome St@@@130,Sutter St & Sansome St@@@68,,08:05:47,22:05:47,12.363636363636363,,12.363636363636363,,0,0,0,0,0,1,1
15869,Palou Ave & Ingalls St,23,MONTEREY,3,005B95,FFFFFF,1,Palou Ave & 3rd St@@@68,Palou Ave & 3rd St@@@28,,06:03:51,22:43:08,30.076923076923077,,30.076923076923077,,0,0,0,0,0,1,1
15870,Palou Ave & Jennings St,23,MONTEREY,3,005B95,FFFFFF,1,Palou Ave & 3rd St@@@68,Palou Ave & 3rd St@@@28,,06:06:33,22:46:17,30.076923076923077,,30.076923076923077,,0,0,0,0,0,1,1
15871,Palou Ave & Jennings St,23,MONTEREY,3,005B95,FFFFFF,1,Palou Ave & 3rd St@@@68,Palou Ave & 3rd St@@@28,,06:03:22,22:42:35,30.076923076923077,,30.076923076923077,,0,0,0,0,0,1,1
15872,Palou Ave & Keith St,15,BAYVIEW HUNTERS POINT EXPRESS,3,005B95,FFFFFF,0,Palou Ave & 3rd St@@@130,Palou Ave & 3rd St@@@64,,08:36:09,22:41:31,12.741935483870968,,12.741935483870968,,0,0,0,0,0,1,1
15872,Palou Ave & Keith St,23,MONTEREY,3,005B95,FFFFFF,1,Palou Ave & 3rd St@@@68,Palou Ave & 3rd St@@@28,,06:07:01,22:46:50,30.076923076923077,,30.076923076923077,,0,0,0,0,0,1,1
15873,Palou Ave & Keith St,44,O'SHAUGHNESSY,3,005B95,FFFFFF,1,Bosworth St & Diamond St@@@20###California St & 6th Ave@@@170,California St & 6th Ave@@@70,Bosworth St & Diamond St@@@14,05:08:13,29:17:58,12.0,31.666666666666668,12.0,31.666666666666668,0,0,0,0,0,1,1
15874,Palou Ave & Keith St,15,BAYVIEW HUNTERS POINT EXPRESS,3,005B95,FFFFFF,1,Sutter St & Sansome St@@@130,Sutter St & Sansome St@@@68,,08:04:21,22:04:21,12.363636363636363,,12.363636363636363,,0,0,0,0,0,1,1
15874,Palou Ave & Keith St,23,MONTEREY,3,005B95,FFFFFF,1,Palou Ave & 3rd St@@@68,Palou Ave & 3rd St@@@28,,06:02:54,22:42:02,30.076923076923077,,30.076923076923077,,0,0,0,0,0,1,1
15874,Palou Ave & Keith St,44,O'SHAUGHNESSY,3,005B95,FFFFFF,0,Hudson Ave & 3rd St@@@186,Hudson Ave & 3rd St@@@68,Hudson Ave & 3rd St@@@16,06:33:11,29:50:11,12.212121212121213,31.857142857142858,12.212121212121213,31.857142857142858,0,0,0,0,0,1,1
15875,Palou Ave & Lane St,23,MONTEREY,3,005B95,FFFFFF,1,Palou Ave & 3rd St@@@68,Palou Ave & 3rd St@@@28,,06:07:29,22:47:23,30.076923076923077,,30.076923076923077,,0,0,0,0,0,1,1
15875,Palou Ave & Lane St,44,O'SHAUGHNESSY,3,005B95,FFFFFF,1,Bosworth St & Diamond St@@@20###California St & 6th Ave@@@170,California St & 6th Ave@@@70,Bosworth St & Diamond St@@@14,05:08:39,29:18:33,12.0,31.666666666666668,12.0,31.666666666666668,0,0,0,0,0,1,1
15876,Palou Ave & Lane St,23,MONTEREY,3,005B95,FFFFFF,1,Palou Ave & 3rd St@@@68,Palou Ave & 3rd St@@@28,,06:02:26,22:41:29,30.076923076923077,,30.076923076923077,,0,0,0,0,0,1,1
15876,Palou Ave & Lane St,44,O'SHAUGHNESSY,3,005B95,FFFFFF,0,Hudson Ave & 3rd St@@@186,Hudson Ave & 3rd St@@@68,Hudson Ave & 3rd St@@@16,06:32:33,29:49:33,12.212121212121213,31.857142857142858,12.212121212121213,31.857142857142858,0,0,0,0,0,1,1
15877,Palou Ave & Newhall St,23,MONTEREY,3,005B95,FFFFFF,1,Palou Ave & 3rd St@@@66,Palou Ave & 3rd St@@@28,,06:39:14,22:40:07,30.076923076923077,,30.076923076923077,,0,0,0,0,0,1,1
15877,Palou Ave & Newhall St,24,DIVISADERO,3,005B95,FFFFFF,0,3rd St & Palou Ave@@@182,3rd St & Palou Ave@@@70,,04:45:32,24:24:32,12.235294117647058,,12.235294117647058,,0,0,0,0,0,1,1
15877,Palou Ave & Newhall St,44,O'SHAUGHNESSY,3,005B95,FFFFFF,0,Hudson Ave & 3rd St@@@186,Hudson Ave & 3rd St@@@68,Hudson Ave & 3rd St@@@16,06:31:05,29:48:14,12.212121212121213,31.857142857142858,12.212121212121213,31.857142857142858,0,0,0,0,0,1,1
15878,Palou Ave & Newhall St,23,MONTEREY,3,005B95,FFFFFF,0,Sloat Blvd & 47th Ave@@@66,Sloat Blvd & 47th Ave@@@28,,06:10:36,22:10:36,30.0,,30.0,,0,0,0,0,0,1,1
15878,Palou Ave & Newhall St,44,O'SHAUGHNESSY,3,005B95,FFFFFF,1,Bosworth St & Diamond St@@@20###California St & 6th Ave@@@170,California St & 6th Ave@@@70,Bosworth St & Diamond St@@@14,05:09:36,29:19:29,12.0,31.666666666666668,12.0,31.666666666666668,0,0,0,0,0,1,1
15879,Palou Ave & Phelps St,23,MONTEREY,3,005B95,FFFFFF,0,Sloat Blvd & 47th Ave@@@66,Sloat Blvd & 47th Ave@@@28,,06:11:14,22:11:14,30.0,,30.0,,0,0,0,0,0,1,1
15879,Palou Ave & Phelps St,24,DIVISADERO,3,005B95,FFFFFF,1,Divisadero St & Sutter St@@@8###Fillmore St & Jackson St@@@16###Jackson St & Webster St@@@158,Jackson St & Webster St@@@68,,05:09:14,24:27:55,12.090909090909092,,12.090909090909092,,0,0,0,0,0,1,1
15879,Palou Ave & Phelps St,44,O'SHAUGHNESSY,3,005B95,FFFFFF,1,Bosworth St & Diamond St@@@20###California St & 6th Ave@@@170,California St & 6th Ave@@@70,Bosworth St & Diamond St@@@14,05:10:14,29:19:59,12.0,31.666666666666668,12.0,31.666666666666668,0,0,0,0,0,1,1
15880,Palou Ave & Phelps St,23,MONTEREY,3,005B95,FFFFFF,1,Palou Ave & 3rd St@@@66,Palou Ave & 3rd St@@@28,,06:38:42,22:39:29,30.076923076923077,,30.076923076923077,,0,0,0,0,0,1,1
15880,Palou Ave & Phelps St,24,DIVISADERO,3,005B95,FFFFFF,0,3rd St & Palou Ave@@@182,3rd St & Palou Ave@@@68,,04:44:58,24:23:58,12.242424242424242,,12.242424242424242,,0,0,0,0,0,1,1
15880,Palou Ave & Phelps St,44,O'SHAUGHNESSY,3,005B95,FFFFFF,0,Hudson Ave & 3rd St@@@186,Hudson Ave & 3rd St@@@68,Hudson Ave & 3rd St@@@16,06:30:19,29:47:36,12.212121212121213,31.857142857142858,12.212121212121213,31.857142857142858,0,0,0,0,0,1,1
15881,Palou Ave & Quint St,23,MONTEREY,3,005B95,FFFFFF,0,Sloat Blvd & 47th Ave@@@66,Sloat Blvd & 47th Ave@@@28,,06:11:51,22:11:51,30.0,,30.0,,0,0,0,0,0,1,1
15881,Palou Ave & Quint St,24,DIVISADERO,3,005B95,FFFFFF,1,Divisadero St & Sutter St@@@8###Fillmore St & Jackson St@@@16###Jackson St & Webster St@@@158,Jackson St & Webster St@@@68,,05:09:54,24:28:29,12.090909090909092,,12.090909090909092,,0,0,0,0,0,1,1
15881,Palou Ave & Quint St,44,O'SHAUGHNESSY,3,005B95,FFFFFF,1,Bosworth St & Diamond St@@@20###California St & 6th Ave@@@170,California St & 6th Ave@@@70,Bosworth St & Diamond St@@@14,05:10:51,29:20:29,12.0,31.666666666666668,12.0,31.666666666666668,0,0,0,0,0,1,1
15882,Palou Ave & Quint St,23,MONTEREY,3,005B95,FFFFFF,1,Palou Ave & 3rd St@@@66,Palou Ave & 3rd St@@@28,,06:38:08,22:38:50,30.076923076923077,,30.076923076923077,,0,0,0,0,0,1,1
15882,Palou Ave & Quint St,24,DIVISADERO,3,005B95,FFFFFF,0,3rd St & Palou Ave@@@182,3rd St & Palou Ave@@@68,,04:44:22,24:23:22,12.242424242424242,,12.242424242424242,,0,0,0,0,0,1,1
15883,Palou Ave & Rankin St,23,MONTEREY,3,005B95,FFFFFF,0,Sloat Blvd & 47th Ave@@@66,Sloat Blvd & 47th Ave@@@28,,06:12:29,22:12:29,30.0,,30.0,,0,0,0,0,0,1,1
15883,Palou Ave & Rankin St,24,DIVISADERO,3,005B95,FFFFFF,1,Divisadero St & Sutter St@@@8###Fillmore St & Jackson St@@@16###Jackson St & Webster St@@@158,Jackson St & Webster St@@@68,,05:10:34,24:29:04,12.090909090909092,,12.090909090909092,,0,0,0,0,0,1,1
15884,Palou Ave & Rankin St,23,MONTEREY,3,005B95,FFFFFF,1,Palou Ave & 3rd St@@@66,Palou Ave & 3rd St@@@28,,06:37:37,22:38:13,30.076923076923077,,30.076923076923077,,0,0,0,0,0,1,1
15884,Palou Ave & Rankin St,24,DIVISADERO,3,005B95,FFFFFF,0,3rd St & Palou Ave@@@182,3rd St & Palou Ave@@@68,,04:43:49,24:22:49,12.242424242424242,,12.242424242424242,,0,0,0,0,0,1,1
15885,Parnassus Ave & 4th Ave,43,MASONIC,3,005B95,FFFFFF,0,Munich St & Geneva Ave@@@112,Munich St & Geneva Ave@@@40,,05:28:13,24:20:00,20.526315789473685,,20.526315789473685,,0,0,0,0,0,1,1
15885,Parnassus Ave & 4th Ave,6,HAYES-PARNASSUS,3,005B95,FFFFFF,0,14th Ave & Quintara St@@@114,14th Ave & Quintara St@@@42,,05:34:26,24:20:26,20.6,,20.6,,0,0,0,0,0,1,1
15887,500 Parnassus Ave,43,MASONIC,3,005B95,FFFFFF,0,Munich St & Geneva Ave@@@112,Munich St & Geneva Ave@@@40,,05:27:39,24:19:21,20.526315789473685,,20.526315789473685,,0,0,0,0,0,1,1
15887,500 Parnassus Ave,6,HAYES-PARNASSUS,3,005B95,FFFFFF,0,14th Ave & Quintara St@@@114,14th Ave & Quintara St@@@40,,05:33:49,24:19:49,20.526315789473685,,20.526315789473685,,0,0,0,0,0,1,1
15889,Parnassus Ave & Cole St,43,MASONIC,3,005B95,FFFFFF,0,Munich St & Geneva Ave@@@112,Munich St & Geneva Ave@@@42,,05:25:13,24:16:37,20.45,,20.45,,0,0,0,0,0,1,1
15889,Parnassus Ave & Cole St,6,HAYES-PARNASSUS,3,005B95,FFFFFF,0,14th Ave & Quintara St@@@114,14th Ave & Quintara St@@@40,,05:31:15,24:17:15,20.526315789473685,,20.526315789473685,,0,0,0,0,0,1,1
15890,Parnassus Ave & Cole St,43,MASONIC,3,005B95,FFFFFF,1,Marina Blvd & Laguna St@@@112,Marina Blvd & Laguna St@@@40,,05:32:37,24:22:37,20.210526315789473,,20.210526315789473,,0,0,0,0,0,1,1
15890,Parnassus Ave & Cole St,6,HAYES-PARNASSUS,3,005B95,FFFFFF,1,Hyde St & Grove St@@@116,Hyde St & Grove St@@@42,,05:09:37,24:10:38,20.05,,20.05,,0,0,0,0,0,1,1
15891,Parnassus Ave & Hillway Ave,43,MASONIC,3,005B95,FFFFFF,0,Munich St & Geneva Ave@@@112,Munich St & Geneva Ave@@@40,,05:27:08,24:18:46,20.526315789473685,,20.526315789473685,,0,0,0,0,0,1,1
15891,Parnassus Ave & Hillway Ave,6,HAYES-PARNASSUS,3,005B95,FFFFFF,0,14th Ave & Quintara St@@@114,14th Ave & Quintara St@@@40,,05:33:16,24:19:16,20.473684210526315,,20.473684210526315,,0,0,0,0,0,1,1
15892,Parnassus Ave & Hillway Ave,43,MASONIC,3,005B95,FFFFFF,1,Marina Blvd & Laguna St@@@112,Marina Blvd & Laguna St@@@40,,05:30:41,24:20:41,20.210526315789473,,20.210526315789473,,0,0,0,0,0,1,1
15893,Parnassus Ave & Shrader St,43,MASONIC,3,005B95,FFFFFF,0,Munich St & Geneva Ave@@@112,Munich St & Geneva Ave@@@40,,05:25:29,24:16:56,20.526315789473685,,20.526315789473685,,0,0,0,0,0,1,1
15893,Parnassus Ave & Shrader St,6,HAYES-PARNASSUS,3,005B95,FFFFFF,0,14th Ave & Quintara St@@@114,14th Ave & Quintara St@@@40,,05:31:33,24:17:33,20.473684210526315,,20.473684210526315,,0,0,0,0,0,1,1
15894,Parnassus Ave & Shrader St,43,MASONIC,3,005B95,FFFFFF,1,Marina Blvd & Laguna St@@@112,Marina Blvd & Laguna St@@@40,,05:32:13,24:22:13,20.210526315789473,,20.210526315789473,,0,0,0,0,0,1,1
15894,Parnassus Ave & Shrader St,6,HAYES-PARNASSUS,3,005B95,FFFFFF,1,Hyde St & Grove St@@@116,Hyde St & Grove St@@@42,,05:09:13,24:10:09,20.05,,20.05,,0,0,0,0,0,1,1
15895,Parnassus Ave & Stanyan St,43,MASONIC,3,005B95,FFFFFF,0,Munich St & Geneva Ave@@@112,Munich St & Geneva Ave@@@40,,05:25:59,24:17:29,20.473684210526315,,20.473684210526315,,0,0,0,0,0,1,1
15895,Parnassus Ave & Stanyan St,6,HAYES-PARNASSUS,3,005B95,FFFFFF,0,14th Ave & Quintara St@@@114,14th Ave & Quintara St@@@40,,05:32:04,24:18:04,20.526315789473685,,20.526315789473685,,0,0,0,0,0,1,1
15896,Parnassus Ave & Stanyan St,43,MASONIC,3,005B95,FFFFFF,1,Marina Blvd & Laguna St@@@112,Marina Blvd & Laguna St@@@40,,05:31:50,24:21:50,20.210526315789473,,20.210526315789473,,0,0,0,0,0,1,1
15896,Parnassus Ave & Stanyan St,6,HAYES-PARNASSUS,3,005B95,FFFFFF,1,Hyde St & Grove St@@@116,Hyde St & Grove St@@@42,,05:08:50,24:09:42,20.05,,20.05,,0,0,0,0,0,1,1
15897,Parnassus Ave & Willard St,43,MASONIC,3,005B95,FFFFFF,0,Munich St & Geneva Ave@@@112,Munich St & Geneva Ave@@@40,,05:26:26,24:17:59,20.526315789473685,,20.526315789473685,,0,0,0,0,0,1,1
15897,Parnassus Ave & Willard St,6,HAYES-PARNASSUS,3,005B95,FFFFFF,0,14th Ave & Quintara St@@@114,14th Ave & Quintara St@@@40,,05:32:33,24:18:33,20.473684210526315,,20.473684210526315,,0,0,0,0,0,1,1
15898,Parnassus Ave & Willard St,43,MASONIC,3,005B95,FFFFFF,1,Marina Blvd & Laguna St@@@112,Marina Blvd & Laguna St@@@40,,05:31:23,24:21:23,20.210526315789473,,20.210526315789473,,0,0,0,0,0,1,1
15898,Parnassus Ave & Willard St,6,HAYES-PARNASSUS,3,005B95,FFFFFF,1,Hyde St & Grove St@@@116,Hyde St & Grove St@@@42,,05:08:23,24:09:08,20.0,,20.0,,0,0,0,0,0,1,1
15899,Paul Ave & Bay Shore Blvd,29,SUNSET,3,005B95,FFFFFF,1,25th Ave & California St@@@22###Bowley St & Lincoln Blvd@@@142,Bowley St & Lincoln Blvd@@@70,,05:08:31,24:08:31,12.0,,12.0,,0,0,0,0,0,1,1
15900,Paul Ave & Carr St,29,SUNSET,3,005B95,FFFFFF,0,Fitzgerald Ave & Keith St@@@168,Fitzgerald Ave & Keith St@@@68,,05:46:31,24:45:31,12.424242424242424,,12.424242424242424,,0,0,0,0,0,1,1
15901,Paul Ave & Crane St,29,SUNSET,3,005B95,FFFFFF,1,25th Ave & California St@@@22###Bowley St & Lincoln Blvd@@@142,Bowley St & Lincoln Blvd@@@70,,05:08:05,24:08:05,12.0,,12.0,,0,0,0,0,0,1,1
15902,Paul Ave & Gould St,29,SUNSET,3,005B95,FFFFFF,1,25th Ave & California St@@@22###Bowley St & Lincoln Blvd@@@142,Bowley St & Lincoln Blvd@@@70,,05:07:46,24:07:46,12.0,,12.0,,0,0,0,0,0,1,1
15903,Paul Ave & Gould St,29,SUNSET,3,005B95,FFFFFF,0,Fitzgerald Ave & Keith St@@@168,Fitzgerald Ave & Keith St@@@68,,05:46:14,24:45:14,12.424242424242424,,12.424242424242424,,0,0,0,0,0,1,1
15904,Paul Ave & San Bruno Ave,29,SUNSET,3,005B95,FFFFFF,1,25th Ave & California St@@@22###Bowley St & Lincoln Blvd@@@142,Bowley St & Lincoln Blvd@@@70,,05:08:48,24:08:48,12.0,,12.0,,0,0,0,0,0,1,1
15905,Paul Ave & Wheat St,29,SUNSET,3,005B95,FFFFFF,0,Fitzgerald Ave & Keith St@@@168,Fitzgerald Ave & Keith St@@@68,,05:45:25,24:44:25,12.424242424242424,,12.424242424242424,,0,0,0,0,0,1,1
15906,Persia Ave & Athens St,29,SUNSET,3,005B95,FFFFFF,0,Fitzgerald Ave & Keith St@@@168,Fitzgerald Ave & Keith St@@@68,,05:37:09,24:36:09,12.454545454545455,,12.454545454545455,,0,0,0,0,0,1,1
15907,Persia Ave & Athens St,29,SUNSET,3,005B95,FFFFFF,1,25th Ave & California St@@@22###Bowley St & Lincoln Blvd@@@142,Bowley St & Lincoln Blvd@@@70,,05:16:32,24:16:32,12.0,,12.0,,0,0,0,0,0,1,1
15908,Persia Ave & Brazil Ave,29,SUNSET,3,005B95,FFFFFF,0,Fitzgerald Ave & Keith St@@@168,Fitzgerald Ave & Keith St@@@66,,05:39:04,24:38:04,12.4375,,12.4375,,0,0,0,0,0,1,1
15909,Persia Ave & Brazil Ave,29,SUNSET,3,005B95,FFFFFF,1,25th Ave & California St@@@22###Bowley St & Lincoln Blvd@@@142,Bowley St & Lincoln Blvd@@@70,,05:14:45,24:14:45,12.0,,12.0,,0,0,0,0,0,1,1
15910,Persia Ave & Madrid St,29,SUNSET,3,005B95,FFFFFF,1,25th Ave & California St@@@22###Bowley St & Lincoln Blvd@@@142,Bowley St & Lincoln Blvd@@@70,,05:17:19,24:17:19,12.0,,12.0,,0,0,0,0,0,1,1
15911,Persia Ave & Madrid St,29,SUNSET,3,005B95,FFFFFF,0,Fitzgerald Ave & Keith St@@@168,Fitzgerald Ave & Keith St@@@68,,05:36:21,24:35:21,12.454545454545455,,12.454545454545455,,0,0,0,0,0,1,1
15912,Persia Ave & Mission St,29,SUNSET,3,005B95,FFFFFF,1,25th Ave & California St@@@22###Bowley St & Lincoln Blvd@@@142,Bowley St & Lincoln Blvd@@@70,,05:18:06,24:18:06,12.0,,12.0,,0,0,0,0,0,1,1
15913,Persia Ave & Mission St,29,SUNSET,3,005B95,FFFFFF,0,Fitzgerald Ave & Keith St@@@168,Fitzgerald Ave & Keith St@@@68,,05:35:39,24:34:39,12.454545454545455,,12.454545454545455,,0,0,0,0,0,1,1
15914,Persia Ave & Moscow St,29,SUNSET,3,005B95,FFFFFF,1,25th Ave & California St@@@22###Bowley St & Lincoln Blvd@@@142,Bowley St & Lincoln Blvd@@@70,,05:16:21,24:16:21,12.0,,12.0,,0,0,0,0,0,1,1
15914,Persia Ave & Moscow St,54,FELTON,3,005B95,FFFFFF,1,Newhall St & Hudson@@@96,Newhall St & Hudson@@@42,,05:53:45,22:15:28,20.05,,20.05,,0,0,0,0,0,1,1
15915,Persia Ave & Moscow St,29,SUNSET,3,005B95,FFFFFF,0,Fitzgerald Ave & Keith St@@@168,Fitzgerald Ave & Keith St@@@66,,05:37:21,24:36:21,12.4375,,12.4375,,0,0,0,0,0,1,1
15916,Persia Ave & Naples St,29,SUNSET,3,005B95,FFFFFF,1,25th Ave & California St@@@22###Bowley St & Lincoln Blvd@@@142,Bowley St & Lincoln Blvd@@@70,,05:16:56,24:16:56,12.0,,12.0,,0,0,0,0,0,1,1
15917,Persia Ave & Naples St,29,SUNSET,3,005B95,FFFFFF,0,Fitzgerald Ave & Keith St@@@168,Fitzgerald Ave & Keith St@@@68,,05:36:45,24:35:45,12.454545454545455,,12.454545454545455,,0,0,0,0,0,1,1
15918,Persia Ave & Paris St,29,SUNSET,3,005B95,FFFFFF,1,25th Ave & California St@@@22###Bowley St & Lincoln Blvd@@@142,Bowley St & Lincoln Blvd@@@70,,05:17:43,24:17:43,12.0,,12.0,,0,0,0,0,0,1,1
15919,Persia Ave & Paris St,29,SUNSET,3,005B95,FFFFFF,0,Fitzgerald Ave & Keith St@@@168,Fitzgerald Ave & Keith St@@@68,,05:35:57,24:34:57,12.454545454545455,,12.454545454545455,,0,0,0,0,0,1,1
15920,Persia Ave & Prague St,29,SUNSET,3,005B95,FFFFFF,1,25th Ave & California St@@@22###Bowley St & Lincoln Blvd@@@142,Bowley St & Lincoln Blvd@@@70,,05:15:57,24:15:57,12.0,,12.0,,0,0,0,0,0,1,1
15921,Persia Ave & Prague St,29,SUNSET,3,005B95,FFFFFF,0,Fitzgerald Ave & Keith St@@@168,Fitzgerald Ave & Keith St@@@66,,05:37:45,24:36:45,12.4375,,12.4375,,0,0,0,0,0,1,1
15921,Persia Ave & Prague St,54,FELTON,3,005B95,FFFFFF,0,Daly City BART Stop A2@@@94,Daly City BART Stop A2@@@40,,06:12:27,22:23:46,20.157894736842106,,20.157894736842106,,0,0,0,0,0,1,1
15922,Frida Khalo & Ocean Ave/City College Welcome Center,43,MASONIC,3,005B95,FFFFFF,1,Marina Blvd & Laguna St@@@112,Marina Blvd & Laguna St@@@42,,05:11:57,24:01:57,19.95,,19.95,,0,0,0,0,0,1,1
15923,Frida Khalo & Ocean Ave/City College Welcome Center,43,MASONIC,3,005B95,FFFFFF,0,Munich St & Geneva Ave@@@112,Munich St & Geneva Ave@@@40,,05:44:56,24:37:56,20.736842105263158,,20.736842105263158,,0,0,0,0,0,1,1
15924,Frida Khalo Way & Judson Ave / City College,43,MASONIC,3,005B95,FFFFFF,1,Marina Blvd & Laguna St@@@112,Marina Blvd & Laguna St@@@42,,05:12:51,24:02:51,19.95,,19.95,,0,0,0,0,0,1,1
15925,Frida Khalo Way & Judson Ave / City College,43,MASONIC,3,005B95,FFFFFF,0,Munich St & Geneva Ave@@@112,Munich St & Geneva Ave@@@40,,05:43:54,24:36:54,20.736842105263158,,20.736842105263158,,0,0,0,0,0,1,1
15926,City College Terminal,49,VAN NESS-MISSION,3,005B95,FFFFFF,1,Van Ness Ave & North Point St@@@262,Van Ness Ave & North Point St@@@104,,05:00:00,24:00:00,8.0,,8.0,,0,0,0,0,0,1,1
15926,City College Terminal,8,BAYSHORE,3,005B95,FFFFFF,1,Kearny St & North Point St@@@264,Kearny St & North Point St@@@120,,05:00:00,24:00:00,7.0,,7.0,,0,0,0,0,0,1,1
15930,Phelps St & Carroll Ave,54,FELTON,3,005B95,FFFFFF,1,Newhall St & Hudson@@@96,Newhall St & Hudson@@@42,,06:04:54,22:28:05,20.15,,20.15,,0,0,0,0,0,1,1
15931,Phelps St & Carroll Ave,54,FELTON,3,005B95,FFFFFF,0,Daly City BART Stop A2@@@94,Daly City BART Stop A2@@@42,,06:02:10,22:14:00,20.0,,20.0,,0,0,0,0,0,1,1
15932,Phelps St & Donner Ave,54,FELTON,3,005B95,FFFFFF,1,Newhall St & Hudson@@@96,Newhall St & Hudson@@@42,,06:04:38,22:27:46,20.15,,20.15,,0,0,0,0,0,1,1
15933,Phelps St & Egbert Ave,54,FELTON,3,005B95,FFFFFF,0,Daly City BART Stop A2@@@94,Daly City BART Stop A2@@@42,,06:02:36,22:14:32,20.05,,20.05,,0,0,0,0,0,1,1
15940,Phelps St & Williams Ave,54,FELTON,3,005B95,FFFFFF,1,Newhall St & Hudson@@@96,Newhall St & Hudson@@@42,,06:05:22,22:28:39,20.15,,20.15,,0,0,0,0,0,1,1
15946,Park Presidio Blvd & Balboa St,28,19TH AVENUE,3,005B95,FFFFFF,1,Powell St & Beach St@@@170,Powell St & Beach St@@@70,,05:21:23,24:22:23,12.176470588235293,,12.176470588235293,,0,0,0,0,0,1,1
15946,Park Presidio Blvd & Balboa St,91,3RD-19TH AVE OWL,3,666666,FFFFFF,0,Ulloa St & West Portal Ave@@@22,,Ulloa St & West Portal Ave@@@14,24:19:53,29:19:53,,30.0,,30.0,0,0,0,0,0,1,1
15947,Park Presidio Blvd & Balboa St,28,19TH AVENUE,3,005B95,FFFFFF,0,Daly City BART Stop D4@@@168,Daly City BART Stop D4@@@70,,05:22:06,24:26:50,12.205882352941176,,12.205882352941176,,0,0,0,0,0,1,1
15947,Park Presidio Blvd & Balboa St,91,3RD-19TH AVE OWL,3,666666,FFFFFF,1,19th Ave & Holloway/Sf State@@@24,,19th Ave & Holloway/Sf State@@@20,25:05:48,30:35:48,,30.0,,30.0,0,0,0,0,0,1,1
15948,Park Presidio & California Street,28,19TH AVENUE,3,005B95,FFFFFF,0,Daly City BART Stop D4@@@168,Daly City BART Stop D4@@@70,,05:20:00,24:25:00,12.176470588235293,,12.176470588235293,,0,0,0,0,0,1,1
15948,Park Presidio & California Street,91,3RD-19TH AVE OWL,3,666666,FFFFFF,1,19th Ave & Holloway/Sf State@@@24,,19th Ave & Holloway/Sf State@@@20,25:04:22,30:34:22,,30.0,,30.0,0,0,0,0,0,1,1
15949,Park Presidio Blvd & California St,28,19TH AVENUE,3,005B95,FFFFFF,1,Powell St & Beach St@@@170,Powell St & Beach St@@@70,,05:23:00,24:24:00,12.176470588235293,,12.176470588235293,,0,0,0,0,0,1,1
15949,Park Presidio Blvd & California St,91,3RD-19TH AVE OWL,3,666666,FFFFFF,0,Ulloa St & West Portal Ave@@@22,,Ulloa St & West Portal Ave@@@14,24:21:43,29:21:43,,30.0,,30.0,0,0,0,0,0,1,1
15950,Park Presidio Blvd & Fulton St,28,19TH AVENUE,3,005B95,FFFFFF,1,Powell St & Beach St@@@170,Powell St & Beach St@@@70,,05:20:33,24:21:33,12.176470588235293,,12.176470588235293,,0,0,0,0,0,1,1
15950,Park Presidio Blvd & Fulton St,91,3RD-19TH AVE OWL,3,666666,FFFFFF,0,Ulloa St & West Portal Ave@@@22,,Ulloa St & West Portal Ave@@@14,24:18:55,29:18:55,,30.0,,30.0,0,0,0,0,0,1,1
15951,Park Presidio Blvd & Fulton St,28,19TH AVENUE,3,005B95,FFFFFF,0,Daly City BART Stop D4@@@168,Daly City BART Stop D4@@@68,,05:22:59,24:27:37,12.303030303030303,,12.303030303030303,,0,0,0,0,0,1,1
15951,Park Presidio Blvd & Fulton St,91,3RD-19TH AVE OWL,3,666666,FFFFFF,1,19th Ave & Holloway/Sf State@@@24,,19th Ave & Holloway/Sf State@@@20,25:06:30,30:36:30,,30.0,,30.0,0,0,0,0,0,1,1
15952,Park Presidio Blvd & Geary Blvd,28,19TH AVENUE,3,005B95,FFFFFF,0,Daly City BART Stop D4@@@168,Daly City BART Stop D4@@@70,,05:21:03,24:25:55,12.176470588235293,,12.176470588235293,,0,0,0,0,0,1,1
15952,Park Presidio Blvd & Geary Blvd,91,3RD-19TH AVE OWL,3,666666,FFFFFF,1,19th Ave & Holloway/Sf State@@@24,,19th Ave & Holloway/Sf State@@@20,25:05:00,30:35:00,,30.0,,30.0,0,0,0,0,0,1,1
15953,Park Presidio Blvd & Geary Blvd,28,19TH AVENUE,3,005B95,FFFFFF,1,Powell St & Beach St@@@170,Powell St & Beach St@@@70,,05:22:07,24:23:07,12.176470588235293,,12.176470588235293,,0,0,0,0,0,1,1
15953,Park Presidio Blvd & Geary Blvd,91,3RD-19TH AVE OWL,3,666666,FFFFFF,0,Ulloa St & West Portal Ave@@@22,,Ulloa St & West Portal Ave@@@14,24:21:00,29:21:00,,30.0,,30.0,0,0,0,0,0,1,1
15954,Plymouth Ave & Broad St,54,FELTON,3,005B95,FFFFFF,1,Newhall St & Hudson@@@96,Newhall St & Hudson@@@42,,05:41:21,22:01:21,20.0,,20.0,,0,0,0,0,0,1,1
15955,Gilman Ave & Bill Walsh Way,29,SUNSET,3,005B95,FFFFFF,1,25th Ave & California St@@@22###Bowley St & Lincoln Blvd@@@142,Bowley St & Lincoln Blvd@@@70,,05:03:08,24:03:08,12.0,,12.0,,0,0,0,0,0,1,1
15958,Plymouth Ave & Grafton Ave,54,FELTON,3,005B95,FFFFFF,1,Newhall St & Hudson@@@96,Newhall St & Hudson@@@42,,05:43:22,22:03:22,20.0,,20.0,,0,0,0,0,0,1,1
15960,Plymouth Ave & Grafton Ave,29,SUNSET,3,005B95,FFFFFF,1,25th Ave & California St@@@22###Bowley St & Lincoln Blvd@@@142,Bowley St & Lincoln Blvd@@@70,,05:24:11,24:24:11,12.0,,12.0,,0,0,0,0,0,1,1
15961,Plymouth Ave & Holloway Ave,29,SUNSET,3,005B95,FFFFFF,1,25th Ave & California St@@@22###Bowley St & Lincoln Blvd@@@142,Bowley St & Lincoln Blvd@@@70,,05:23:35,24:23:35,12.029411764705882,,12.029411764705882,,0,0,0,0,0,1,1
15962,Plymouth Ave & Holloway Ave,29,SUNSET,3,005B95,FFFFFF,0,Fitzgerald Ave & Keith St@@@168,Fitzgerald Ave & Keith St@@@68,,05:30:07,24:29:07,12.454545454545455,,12.454545454545455,,0,0,0,0,0,1,1
15963,Plymouth Ave & Lakeview Ave,54,FELTON,3,005B95,FFFFFF,1,Newhall St & Hudson@@@96,Newhall St & Hudson@@@42,,05:42:50,22:02:50,20.0,,20.0,,0,0,0,0,0,1,1
15964,Plymouth Ave & Lakeview Ave,54,FELTON,3,005B95,FFFFFF,0,Daly City BART Stop A2@@@94,Daly City BART Stop A2@@@42,,06:22:44,22:34:44,20.2,,20.2,,0,0,0,0,0,1,1
15965,Plymouth Ave & Lobos St,54,FELTON,3,005B95,FFFFFF,0,Daly City BART Stop A2@@@94,Daly City BART Stop A2@@@42,,06:23:56,22:35:56,20.25,,20.25,,0,0,0,0,0,1,1
15966,Plymouth Ave & Lobos St,54,FELTON,3,005B95,FFFFFF,1,Newhall St & Hudson@@@96,Newhall St & Hudson@@@42,,05:41:49,22:01:49,20.0,,20.0,,0,0,0,0,0,1,1
15967,Plymouth Ave & Mangels Ave,43,MASONIC,3,005B95,FFFFFF,1,Marina Blvd & Laguna St@@@112,Marina Blvd & Laguna St@@@42,,05:17:44,24:07:44,20.1,,20.1,,0,0,0,0,0,1,1
15968,Plymouth Ave & Mangels Ave,43,MASONIC,3,005B95,FFFFFF,0,Munich St & Geneva Ave@@@112,Munich St & Geneva Ave@@@42,,05:40:15,24:33:15,20.7,,20.7,,0,0,0,0,0,1,1
15971,Plymouth Ave & Montana St,54,FELTON,3,005B95,FFFFFF,1,Newhall St & Hudson@@@96,Newhall St & Hudson@@@42,,05:42:20,22:02:20,20.0,,20.0,,0,0,0,0,0,1,1
15972,Plymouth Ave & Montana St,54,FELTON,3,005B95,FFFFFF,0,Daly City BART Stop A2@@@94,Daly City BART Stop A2@@@42,,06:23:22,22:35:22,20.25,,20.25,,0,0,0,0,0,1,1
15973,Plymouth Ave & Monterey Blvd,43,MASONIC,3,005B95,FFFFFF,0,Munich St & Geneva Ave@@@112,Munich St & Geneva Ave@@@42,,05:40:35,24:33:35,20.7,,20.7,,0,0,0,0,0,1,1
15974,Plymouth Ave & Ocean Ave,29,SUNSET,3,005B95,FFFFFF,0,Fitzgerald Ave & Keith St@@@168,Fitzgerald Ave & Keith St@@@68,,05:30:44,24:29:44,12.454545454545455,,12.454545454545455,,0,0,0,0,0,1,1
15975,Plymouth Ave & Ocean Ave,29,SUNSET,3,005B95,FFFFFF,1,25th Ave & California St@@@22###Bowley St & Lincoln Blvd@@@142,Bowley St & Lincoln Blvd@@@70,,05:23:02,24:23:02,12.029411764705882,,12.029411764705882,,0,0,0,0,0,1,1
15976,Plymouth Ave & Sagamore St,54,FELTON,3,005B95,FFFFFF,1,Newhall St & Hudson@@@96,Newhall St & Hudson@@@42,,05:40:51,22:00:51,20.0,,20.0,,0,0,0,0,0,1,1
15977,Plymouth Ave & Sagamore St,54,FELTON,3,005B95,FFFFFF,0,Daly City BART Stop A2@@@94,Daly City BART Stop A2@@@42,,06:25:07,22:37:07,20.25,,20.25,,0,0,0,0,0,1,1
15978,Plymouth Ave & Thrift St,54,FELTON,3,005B95,FFFFFF,0,Daly City BART Stop A2@@@94,Daly City BART Stop A2@@@42,,06:23:03,22:35:03,20.2,,20.2,,0,0,0,0,0,1,1
15979,Plymouth Ave & Thrift St,54,FELTON,3,005B95,FFFFFF,1,Newhall St & Hudson@@@96,Newhall St & Hudson@@@42,,05:42:42,22:02:42,20.0,,20.0,,0,0,0,0,0,1,1
15980,Plymouth Ave & Yerba Buena Ave,43,MASONIC,3,005B95,FFFFFF,1,Marina Blvd & Laguna St@@@112,Marina Blvd & Laguna St@@@42,,05:17:59,24:07:59,20.05,,20.05,,0,0,0,0,0,1,1
15981,Panorama Dr & Dellbrook Ave,36,TERESITA,3,005B95,FFFFFF,1,Laguna Honda Blvd/Forest Hill Sta@@@58,Laguna Honda Blvd/Forest Hill Sta@@@28,,08:56:03,22:48:03,30.0,,30.0,,0,0,0,0,0,1,1
15982,Panorama Dr & Starview Way,36,TERESITA,3,005B95,FFFFFF,1,Laguna Honda Blvd/Forest Hill Sta@@@58,Laguna Honda Blvd/Forest Hill Sta@@@28,,08:58:19,22:50:19,30.0,,30.0,,0,0,0,0,0,1,1
15983,Polk St & Broadway,19,POLK,3,005B95,FFFFFF,1,Beach St & Polk St@@@102,Beach St & Polk St@@@42,,05:50:48,22:41:48,20.15,,20.15,,0,0,0,0,0,1,1
15984,Polk St & Broadway,19,POLK,3,005B95,FFFFFF,0,Galvez Ave & Hill Ave@@@102,Galvez Ave & Hill Ave@@@42,,05:09:38,22:06:11,20.0,,20.0,,0,0,0,0,0,1,1
15987,Polk St & Francisco St,19,POLK,3,005B95,FFFFFF,1,Beach St & Polk St@@@102,Beach St & Polk St@@@40,,05:53:51,22:44:51,20.263157894736842,,20.263157894736842,,0,0,0,0,0,1,1
15988,Polk St & Francisco St,19,POLK,3,005B95,FFFFFF,0,Galvez Ave & Hill Ave@@@102,Galvez Ave & Hill Ave@@@42,,05:06:20,22:01:47,20.0,,20.0,,0,0,0,0,0,1,1
15990,Polk St & Lombard St,19,POLK,3,005B95,FFFFFF,0,Galvez Ave & Hill Ave@@@102,Galvez Ave & Hill Ave@@@42,,05:07:07,22:02:49,20.0,,20.0,,0,0,0,0,0,1,1
15991,Polk St & Lombard St,19,POLK,3,005B95,FFFFFF,1,Beach St & Polk St@@@102,Beach St & Polk St@@@40,,05:52:58,22:43:58,20.263157894736842,,20.263157894736842,,0,0,0,0,0,1,1
15992,Polk St & North Point St,19,POLK,3,005B95,FFFFFF,0,Galvez Ave & Hill Ave@@@102,Galvez Ave & Hill Ave@@@42,,05:05:43,22:00:57,20.0,,20.0,,0,0,0,0,0,1,1
15993,Polk St & O'Farrell St,19,POLK,3,005B95,FFFFFF,0,Galvez Ave & Hill Ave@@@102,Galvez Ave & Hill Ave@@@42,,05:15:05,22:12:48,20.05,,20.05,,0,0,0,0,0,1,1
15995,Polk St & Pine St,19,POLK,3,005B95,FFFFFF,1,Beach St & Polk St@@@102,Beach St & Polk St@@@42,,05:47:54,22:38:33,20.15,,20.15,,0,0,0,0,0,1,1
15996,Polk St & Pine St,19,POLK,3,005B95,FFFFFF,0,Galvez Ave & Hill Ave@@@102,Galvez Ave & Hill Ave@@@42,,05:12:47,22:09:47,20.0,,20.0,,0,0,0,0,0,1,1
15997,Polk St & Post St,19,POLK,3,005B95,FFFFFF,1,Beach St & Polk St@@@102,Beach St & Polk St@@@42,,05:46:00,22:36:00,20.15,,20.15,,0,0,0,0,0,1,1
15999,Polk St & Sacramento St,19,POLK,3,005B95,FFFFFF,1,Beach St & Polk St@@@102,Beach St & Polk St@@@42,,05:49:00,22:40:00,20.15,,20.15,,0,0,0,0,0,1,1
16000,Polk St & Sacramento St,19,POLK,3,005B95,FFFFFF,0,Galvez Ave & Hill Ave@@@102,Galvez Ave & Hill Ave@@@42,,05:11:00,22:08:00,20.0,,20.0,,0,0,0,0,0,1,1
16002,Polk St & Sutter St,19,POLK,3,005B95,FFFFFF,0,Galvez Ave & Hill Ave@@@102,Galvez Ave & Hill Ave@@@42,,05:14:00,22:11:00,20.0,,20.0,,0,0,0,0,0,1,1
16003,Polk St & Union St,19,POLK,3,005B95,FFFFFF,1,Beach St & Polk St@@@102,Beach St & Polk St@@@42,,05:51:58,22:42:58,20.2,,20.2,,0,0,0,0,0,1,1
16004,Polk St & Union St,19,POLK,3,005B95,FFFFFF,0,Galvez Ave & Hill Ave@@@102,Galvez Ave & Hill Ave@@@42,,05:08:16,22:04:21,20.0,,20.0,,0,0,0,0,0,1,1
16006,Polk St & Washington St,19,POLK,3,005B95,FFFFFF,1,Beach St & Polk St@@@102,Beach St & Polk St@@@42,,05:49:43,22:40:43,20.2,,20.2,,0,0,0,0,0,1,1
16007,Polk St & Washington St,19,POLK,3,005B95,FFFFFF,0,Galvez Ave & Hill Ave@@@102,Galvez Ave & Hill Ave@@@42,,05:10:28,22:07:17,20.0,,20.0,,0,0,0,0,0,1,1
16007,Polk St & Washington St,27,BRYANT,3,005B95,FFFFFF,0,24th St & Mission St@@@102,24th St & Mission St@@@42,,05:11:06,22:01:28,20.0,,20.0,,0,0,0,0,0,1,1
16008,6 Portola Dr,37,CORBETT,3,005B95,FFFFFF,0,Parkridge Dr & Burnett Ave@@@54,Parkridge Dr & Burnett Ave@@@28,,09:28:49,22:28:49,30.076923076923077,,30.076923076923077,,0,0,0,0,0,1,1
16008,6 Portola Dr,LOWL,OWL TARAVAL,3,666666,FFFFFF,0,Wawona/46th Ave /Sf Zoo@@@28,,Wawona/46th Ave /Sf Zoo@@@18,24:16:32,29:41:32,,25.0,,25.0,0,0,0,0,0,1,1
16009,120 Portola Dr,37,CORBETT,3,005B95,FFFFFF,0,Parkridge Dr & Burnett Ave@@@54,Parkridge Dr & Burnett Ave@@@26,,09:29:09,22:29:09,30.083333333333332,,30.083333333333332,,0,0,0,0,0,1,1
16009,120 Portola Dr,LOWL,OWL TARAVAL,3,666666,FFFFFF,0,Wawona/46th Ave /Sf Zoo@@@28,,Wawona/46th Ave /Sf Zoo@@@18,24:16:47,29:41:47,,25.0,,25.0,0,0,0,0,0,1,1
16010,Portola Dr & Burnett Ave,37,CORBETT,3,005B95,FFFFFF,0,Parkridge Dr & Burnett Ave@@@54,Parkridge Dr & Burnett Ave@@@26,,09:30:00,22:30:00,30.083333333333332,,30.083333333333332,,0,0,0,0,0,1,1
16010,Portola Dr & Burnett Ave,KBUS,INGLESIDE BUS,3,437C93,FFFFFF,0,San Jose Ave & Geneva Ave@@@24,,,05:30:21,08:15:21,,,,,0,0,0,0,0,1,1
16010,Portola Dr & Burnett Ave,LOWL,OWL TARAVAL,3,666666,FFFFFF,0,Wawona/46th Ave /Sf Zoo@@@28,,Wawona/46th Ave /Sf Zoo@@@18,24:17:18,29:42:18,,25.0,,25.0,0,0,0,0,0,1,1
16011,Portola Dr & Claremont Blvd,48,QUINTARA-24TH STREET,3,005B95,FFFFFF,1,22nd St Caltrain Station/Iowa@@@108,22nd St Caltrain Station/Iowa@@@42,,05:36:35,24:15:35,20.0,,20.0,,0,0,0,0,0,1,1
16012,Portola Dr & Clipper St,37,CORBETT,3,005B95,FFFFFF,1,Masonic Ave & Haight St@@@54,Masonic Ave & Haight St@@@28,,08:52:00,21:52:00,30.0,,30.0,,0,0,0,0,0,1,1
16012,Portola Dr & Clipper St,KBUS,INGLESIDE BUS,3,437C93,FFFFFF,1,Steuart St & Mission St@@@24,,,05:21:39,24:21:39,,,,,0,0,0,0,0,1,1
16012,Portola Dr & Clipper St,LOWL,OWL TARAVAL,3,666666,FFFFFF,1,Jones St & Beach St@@@30,,Jones St & Beach St@@@20,24:15:46,30:05:46,,25.0,,25.0,0,0,0,0,0,1,1
16013,Portola Dr & Del Sur Ave,43,MASONIC,3,005B95,FFFFFF,1,Marina Blvd & Laguna St@@@112,Marina Blvd & Laguna St@@@42,,05:21:50,24:11:50,20.1,,20.1,,0,0,0,0,0,1,1
16013,Portola Dr & Del Sur Ave,48,QUINTARA-24TH STREET,3,005B95,FFFFFF,1,22nd St Caltrain Station/Iowa@@@108,22nd St Caltrain Station/Iowa@@@42,,05:39:33,24:18:33,20.0,,20.0,,0,0,0,0,0,1,1
16014,Portola Dr & Dorchester Way,48,QUINTARA-24TH STREET,3,005B95,FFFFFF,0,Lower Great Hwy & Rivera St@@@110,Lower Great Hwy & Rivera St@@@42,,05:29:12,24:29:12,20.05,,20.05,,0,0,0,0,0,1,1
16015,Portola Dr & Glenview Dr,48,QUINTARA-24TH STREET,3,005B95,FFFFFF,0,Lower Great Hwy & Rivera St@@@110,Lower Great Hwy & Rivera St@@@42,,05:25:06,24:25:06,20.05,,20.05,,0,0,0,0,0,1,1
16015,Portola Dr & Glenview Dr,52,EXCELSIOR,3,005B95,FFFFFF,1,Laguna Honda Blvd/Forest Hill Sta@@@58,Laguna Honda Blvd/Forest Hill Sta@@@28,,08:20:30,22:18:30,30.307692307692307,,30.307692307692307,,0,0,0,0,0,1,1
16015,Portola Dr & Glenview Dr,LOWL,OWL TARAVAL,3,666666,FFFFFF,0,Wawona/46th Ave /Sf Zoo@@@28,,Wawona/46th Ave /Sf Zoo@@@18,24:17:51,29:42:51,,25.0,,25.0,0,0,0,0,0,1,1
16016,Post St & Larkin St,2,SUTTER,3,005B95,FFFFFF,1,Steuart St & Mission St@@@76,Steuart St & Mission St@@@42,,06:34:45,18:57:03,20.05,,20.05,,0,0,0,0,0,1,1
16017,Post St & Leavenworth St,2,SUTTER,3,005B95,FFFFFF,1,Steuart St & Mission St@@@76,Steuart St & Mission St@@@40,,06:36:15,18:58:47,20.05263157894737,,20.05263157894737,,0,0,0,0,0,1,1
16018,Post St & Laguna St/Japantown,2,SUTTER,3,005B95,FFFFFF,1,Steuart St & Mission St@@@76,Steuart St & Mission St@@@42,,06:30:25,18:52:25,20.05,,20.05,,0,0,0,0,0,1,1
16019,Post St & Kearny St,2,SUTTER,3,005B95,FFFFFF,1,Steuart St & Mission St@@@76,Steuart St & Mission St@@@42,,06:41:20,19:04:36,20.0,,20.0,,0,0,0,0,0,1,1
16020,Post St & Octavia St,2,SUTTER,3,005B95,FFFFFF,1,Steuart St & Mission St@@@76,Steuart St & Mission St@@@42,,06:30:49,18:52:49,20.05,,20.05,,0,0,0,0,0,1,1
16021,Post St & Polk St,2,SUTTER,3,005B95,FFFFFF,1,Steuart St & Mission St@@@76,Steuart St & Mission St@@@42,,06:33:53,18:56:02,20.05,,20.05,,0,0,0,0,0,1,1
16022,Post St & Powell St/Union Square,2,SUTTER,3,005B95,FFFFFF,1,Steuart St & Mission St@@@76,Steuart St & Mission St@@@42,,06:39:00,19:02:00,20.05,,20.05,,0,0,0,0,0,1,1
16023,Post St & Taylor St,2,SUTTER,3,005B95,FFFFFF,1,Steuart St & Mission St@@@76,Steuart St & Mission St@@@42,,06:37:48,19:00:36,20.05,,20.05,,0,0,0,0,0,1,1
16024,Post St & Van Ness Ave,2,SUTTER,3,005B95,FFFFFF,1,Steuart St & Mission St@@@76,Steuart St & Mission St@@@42,,06:33:00,18:55:00,20.05,,20.05,,0,0,0,0,0,1,1
16026,Potrero Ave & 16th St,9,SAN BRUNO,3,005B95,FFFFFF,1,Market St & Steuart St@@@184,Market St & Steuart St@@@84,,05:29:00,24:16:00,10.0,,10.0,,0,0,0,0,0,1,1
16026,Potrero Ave & 16th St,90,SAN BRUNO OWL,3,666666,FFFFFF,1,Van Ness Ave & North Point St@@@20,,Van Ness Ave & North Point St@@@12,24:25:00,28:55:00,,30.0,,30.0,0,0,0,0,0,1,1
16027,Potrero Ave & 16th St,9,SAN BRUNO,3,005B95,FFFFFF,0,Sunnydale Ave / Mclaren School@@@190,Sunnydale Ave / Mclaren School@@@82,,05:39:00,24:32:00,10.125,,10.125,,0,0,0,0,0,1,1
16027,Potrero Ave & 16th St,90,SAN BRUNO OWL,3,666666,FFFFFF,0,Bayshore Blvd & Arleta Ave@@@22,,Bayshore Blvd & Arleta Ave@@@16,24:37:00,29:37:00,,30.0,,30.0,0,0,0,0,0,1,1
16034,Potrero Ave & 21st St,33,ASHBURY-18TH ST,3,005B95,FFFFFF,0,25th St & Potrero Ave@@@98,25th St & Potrero Ave@@@42,,05:46:51,22:32:51,19.95,,19.95,,0,0,0,0,0,1,1
16034,Potrero Ave & 21st St,9,SAN BRUNO,3,005B95,FFFFFF,0,Sunnydale Ave / Mclaren School@@@190,Sunnydale Ave / Mclaren School@@@84,,05:41:27,24:35:04,10.195121951219512,,10.195121951219512,,0,0,0,0,0,1,1
16034,Potrero Ave & 21st St,90,SAN BRUNO OWL,3,666666,FFFFFF,0,Bayshore Blvd & Arleta Ave@@@22,,Bayshore Blvd & Arleta Ave@@@16,24:39:27,29:39:27,,30.0,,30.0,0,0,0,0,0,1,1
16037,Potrero Ave & 23rd St,33,ASHBURY-18TH ST,3,005B95,FFFFFF,0,25th St & Potrero Ave@@@98,25th St & Potrero Ave@@@42,,05:47:59,22:33:59,19.95,,19.95,,0,0,0,0,0,1,1
16037,Potrero Ave & 23rd St,9,SAN BRUNO,3,005B95,FFFFFF,0,Sunnydale Ave / Mclaren School@@@190,Sunnydale Ave / Mclaren School@@@82,,05:42:12,24:36:00,10.2,,10.2,,0,0,0,0,0,1,1
16037,Potrero Ave & 23rd St,90,SAN BRUNO OWL,3,666666,FFFFFF,0,Bayshore Blvd & Arleta Ave@@@22,,Bayshore Blvd & Arleta Ave@@@16,24:40:12,29:40:12,,30.0,,30.0,0,0,0,0,0,1,1
16038,Potrero Ave & 24th St,33,ASHBURY-18TH ST,3,005B95,FFFFFF,1,Arguello Blvd & California St@@@14###Sacramento St & Cherry St@@@84,Sacramento St & Cherry St@@@40,,06:01:24,22:39:35,20.0,,20.0,,0,0,0,0,0,1,1
16038,Potrero Ave & 24th St,48,QUINTARA-24TH STREET,3,005B95,FFFFFF,1,22nd St Caltrain Station/Iowa@@@126,22nd St Caltrain Station/Iowa@@@42,22nd St Caltrain Station/Iowa@@@14,05:57:11,29:03:53,20.1,30.0,20.1,30.0,0,0,0,0,0,1,1
16038,Potrero Ave & 24th St,9,SAN BRUNO,3,005B95,FFFFFF,1,Market St & Steuart St@@@184,Market St & Steuart St@@@84,,05:25:00,24:12:00,10.0,,10.0,,0,0,0,0,0,1,1
16038,Potrero Ave & 24th St,90,SAN BRUNO OWL,3,666666,FFFFFF,1,Van Ness Ave & North Point St@@@20,,Van Ness Ave & North Point St@@@12,24:21:00,28:51:00,,30.0,,30.0,0,0,0,0,0,1,1
16039,Potrero Ave & 24th St,33,ASHBURY-18TH ST,3,005B95,FFFFFF,0,25th St & Potrero Ave@@@98,25th St & Potrero Ave@@@42,,05:49:05,22:35:05,19.9,,19.9,,0,0,0,0,0,1,1
16039,Potrero Ave & 24th St,9,SAN BRUNO,3,005B95,FFFFFF,0,Sunnydale Ave / Mclaren School@@@190,Sunnydale Ave / Mclaren School@@@82,,05:43:00,24:37:00,10.2,,10.2,,0,0,0,0,0,1,1
16039,Potrero Ave & 24th St,90,SAN BRUNO OWL,3,666666,FFFFFF,0,Bayshore Blvd & Arleta Ave@@@22,,Bayshore Blvd & Arleta Ave@@@16,24:41:00,29:41:00,,30.0,,30.0,0,0,0,0,0,1,1
16040,Potrero Ave & 25th St,9,SAN BRUNO,3,005B95,FFFFFF,1,Market St & Steuart St@@@184,Market St & Steuart St@@@84,,05:24:37,24:11:37,10.0,,10.0,,0,0,0,0,0,1,1
16040,Potrero Ave & 25th St,90,SAN BRUNO OWL,3,666666,FFFFFF,1,Van Ness Ave & North Point St@@@20,,Van Ness Ave & North Point St@@@12,24:20:37,28:50:37,,30.0,,30.0,0,0,0,0,0,1,1
16043,Potrero Ave & Alameda St,9,SAN BRUNO,3,005B95,FFFFFF,0,Sunnydale Ave / Mclaren School@@@190,Sunnydale Ave / Mclaren School@@@82,,05:37:48,24:30:33,10.125,,10.125,,0,0,0,0,0,1,1
16043,Potrero Ave & Alameda St,90,SAN BRUNO OWL,3,666666,FFFFFF,0,Bayshore Blvd & Arleta Ave@@@22,,Bayshore Blvd & Arleta Ave@@@16,24:35:43,29:35:43,,30.0,,30.0,0,0,0,0,0,1,1
16045,Powell St & Bay St,39,COIT,3,005B95,FFFFFF,1,North Point St & Stockton St@@@62,North Point St & Stockton St@@@40,,09:34:01,19:34:01,20.0,,20.0,,0,0,0,0,0,1,1
16045,Powell St & Bay St,8,BAYSHORE,3,005B95,FFFFFF,1,Kearny St & North Point St@@@264,Kearny St & North Point St@@@118,,05:46:06,24:48:53,7.155172413793103,,7.155172413793103,,0,0,0,0,0,1,1
16046,Powell St & Beach St,39,COIT,3,005B95,FFFFFF,0,Coit Tower@@@62,Coit Tower@@@42,,09:09:46,19:09:46,20.0,,20.0,,0,0,0,0,0,1,1
16047,Powell St & Bush St,PH,POWELL-HYDE CABLE CAR,5,B49A36,000000,0,Hyde St & Beach St@@@202###Jackson St & Mason St  / Cable Car Museum@@@10,Hyde St & Beach St@@@96,,07:04:01,23:35:01,8.680851063829786,,8.680851063829786,,0,0,0,0,0,1,1
16047,Powell St & Bush St,PM,POWELL-MASON CABLE CAR,5,B49A36,000000,0,Jackson St & Mason St  / Cable Car Museum@@@6###Taylor St & Bay St@@@170,Taylor St & Bay St@@@84,,07:09:01,23:30:01,9.75609756097561,,9.75609756097561,,0,0,0,0,0,1,1
16048,Powell St & Bush St,PH,POWELL-HYDE CABLE CAR,5,B49A36,000000,1,Powell St & Market St@@@212,Powell St & Market St@@@100,,06:30:39,23:19:10,8.36734693877551,,8.36734693877551,,0,0,0,0,0,1,1
16048,Powell St & Bush St,PM,POWELL-MASON CABLE CAR,5,B49A36,000000,1,Powell St & Market St@@@176,Powell St & Market St@@@88,,06:35:39,23:14:06,9.465116279069768,,9.465116279069768,,0,0,0,0,0,1,1
16049,Powell St & California St,PH,POWELL-HYDE CABLE CAR,5,B49A36,000000,0,Hyde St & Beach St@@@202###Jackson St & Mason St  / Cable Car Museum@@@10,Hyde St & Beach St@@@96,,07:05:31,23:36:31,8.702127659574469,,8.702127659574469,,0,0,0,0,0,1,1
16049,Powell St & California St,PM,POWELL-MASON CABLE CAR,5,B49A36,000000,0,Jackson St & Mason St  / Cable Car Museum@@@6###Taylor St & Bay St@@@170,Taylor St & Bay St@@@84,,07:10:31,23:31:31,9.78048780487805,,9.78048780487805,,0,0,0,0,0,1,1
16050,Powell St & California St,PH,POWELL-HYDE CABLE CAR,5,B49A36,000000,1,Powell St & Market St@@@212,Powell St & Market St@@@102,,06:29:01,23:17:21,8.32,,8.32,,0,0,0,0,0,1,1
16050,Powell St & California St,PM,POWELL-MASON CABLE CAR,5,B49A36,000000,1,Powell St & Market St@@@176,Powell St & Market St@@@88,,06:34:01,23:12:17,9.465116279069768,,9.465116279069768,,0,0,0,0,0,1,1
16051,Powell St & Clay St,PH,POWELL-HYDE CABLE CAR,5,B49A36,000000,0,Hyde St & Beach St@@@202###Jackson St & Mason St  / Cable Car Museum@@@10,Hyde St & Beach St@@@94,,07:06:32,23:37:32,8.73913043478261,,8.73913043478261,,0,0,0,0,0,1,1
16051,Powell St & Clay St,PM,POWELL-MASON CABLE CAR,5,B49A36,000000,0,Jackson St & Mason St  / Cable Car Museum@@@6###Taylor St & Bay St@@@170,Taylor St & Bay St@@@84,,07:11:32,23:32:32,9.78048780487805,,9.78048780487805,,0,0,0,0,0,1,1
16052,Powell St & Clay St,PH,POWELL-HYDE CABLE CAR,5,B49A36,000000,1,Powell St & Market St@@@212,Powell St & Market St@@@102,,06:27:44,23:15:56,8.34,,8.34,,0,0,0,0,0,1,1
16052,Powell St & Clay St,PM,POWELL-MASON CABLE CAR,5,B49A36,000000,1,Powell St & Market St@@@176,Powell St & Market St@@@90,,06:32:44,23:10:52,9.477272727272727,,9.477272727272727,,0,0,0,0,0,1,1
16054,Powell St & Filbert St,39,COIT,3,005B95,FFFFFF,0,Coit Tower@@@62,Coit Tower@@@42,,09:14:03,19:14:03,20.0,,20.0,,0,0,0,0,0,1,1
16054,Powell St & Filbert St,8,BAYSHORE,3,005B95,FFFFFF,0,City College Terminal@@@260,City College Terminal@@@118,,05:04:09,24:04:58,7.0344827586206895,,7.0344827586206895,,0,0,0,0,0,1,1
16055,Powell St & Francisco St,39,COIT,3,005B95,FFFFFF,0,Coit Tower@@@62,Coit Tower@@@42,,09:11:39,19:11:39,20.0,,20.0,,0,0,0,0,0,1,1
16055,Powell St & Francisco St,8,BAYSHORE,3,005B95,FFFFFF,0,City College Terminal@@@260,City College Terminal@@@120,,05:02:30,24:03:00,7.016949152542373,,7.016949152542373,,0,0,0,0,0,1,1
16056,Powell St & Francisco St,39,COIT,3,005B95,FFFFFF,1,North Point St & Stockton St@@@62,North Point St & Stockton St@@@40,,09:33:21,19:33:21,20.0,,20.0,,0,0,0,0,0,1,1
16056,Powell St & Francisco St,8,BAYSHORE,3,005B95,FFFFFF,1,Kearny St & North Point St@@@264,Kearny St & North Point St@@@118,,05:45:40,24:48:25,7.155172413793103,,7.155172413793103,,0,0,0,0,0,1,1
16057,Powell St & Geary St/Union Square,PH,POWELL-HYDE CABLE CAR,5,B49A36,000000,1,Powell St & Market St@@@212,Powell St & Market St@@@100,,06:32:45,23:21:31,8.387755102040817,,8.387755102040817,,0,0,0,0,0,1,1
16057,Powell St & Geary St/Union Square,PM,POWELL-MASON CABLE CAR,5,B49A36,000000,1,Powell St & Market St@@@176,Powell St & Market St@@@88,,06:37:45,23:16:26,9.488372093023257,,9.488372093023257,,0,0,0,0,0,1,1
16058,Powell St & Geary St/Union Square,PH,POWELL-HYDE CABLE CAR,5,B49A36,000000,0,Hyde St & Beach St@@@202###Jackson St & Mason St  / Cable Car Museum@@@10,Hyde St & Beach St@@@96,,07:01:58,23:32:58,8.702127659574469,,8.702127659574469,,0,0,0,0,0,1,1
16058,Powell St & Geary St/Union Square,PM,POWELL-MASON CABLE CAR,5,B49A36,000000,0,Jackson St & Mason St  / Cable Car Museum@@@6###Taylor St & Bay St@@@170,Taylor St & Bay St@@@84,,07:06:58,23:27:58,9.78048780487805,,9.78048780487805,,0,0,0,0,0,1,1
16059,Powell St & Jackson St / Chinatown,PH,POWELL-HYDE CABLE CAR,5,B49A36,000000,0,Hyde St & Beach St@@@202###Jackson St & Mason St  / Cable Car Museum@@@10,Hyde St & Beach St@@@94,,07:07:30,23:38:30,8.76086956521739,,8.76086956521739,,0,0,0,0,0,1,1
16059,Powell St & Jackson St / Chinatown,PM,POWELL-MASON CABLE CAR,5,B49A36,000000,0,Jackson St & Mason St  / Cable Car Museum@@@6###Taylor St & Bay St@@@170,Taylor St & Bay St@@@84,,07:12:30,23:33:30,9.804878048780488,,9.804878048780488,,0,0,0,0,0,1,1
16060,Powell St & Lombard St,39,COIT,3,005B95,FFFFFF,1,North Point St & Stockton St@@@62,North Point St & Stockton St@@@40,,09:32:04,19:32:04,20.0,,20.0,,0,0,0,0,0,1,1
16060,Powell St & Lombard St,8,BAYSHORE,3,005B95,FFFFFF,1,Kearny St & North Point St@@@264,Kearny St & North Point St@@@118,,05:44:51,24:47:30,7.155172413793103,,7.155172413793103,,0,0,0,0,0,1,1
16061,Powell St & Lombard St,39,COIT,3,005B95,FFFFFF,0,Coit Tower@@@62,Coit Tower@@@42,,09:13:05,19:13:05,20.0,,20.0,,0,0,0,0,0,1,1
16061,Powell St & Lombard St,8,BAYSHORE,3,005B95,FFFFFF,0,City College Terminal@@@260,City College Terminal@@@120,,05:03:29,24:04:11,7.016949152542373,,7.016949152542373,,0,0,0,0,0,1,1
16063,Powell St & Market St,PH,POWELL-HYDE CABLE CAR,5,B49A36,000000,0,Hyde St & Beach St@@@202###Jackson St & Mason St  / Cable Car Museum@@@10,Hyde St & Beach St@@@98,,07:00:00,23:31:00,8.645833333333334,,8.645833333333334,,0,0,0,0,0,1,1
16063,Powell St & Market St,PM,POWELL-MASON CABLE CAR,5,B49A36,000000,0,Jackson St & Mason St  / Cable Car Museum@@@6###Taylor St & Bay St@@@170,Taylor St & Bay St@@@86,,07:05:00,23:26:00,10.0,,10.0,,0,0,0,0,0,1,1
16065,Powell St & North Point St,39,COIT,3,005B95,FFFFFF,1,North Point St & Stockton St@@@62,North Point St & Stockton St@@@40,,09:34:40,19:34:40,20.0,,20.0,,0,0,0,0,0,1,1
16066,Powell St & North Point St,39,COIT,3,005B95,FFFFFF,0,Coit Tower@@@62,Coit Tower@@@42,,09:10:45,19:10:45,20.0,,20.0,,0,0,0,0,0,1,1
16066,Powell St & North Point St,8,BAYSHORE,3,005B95,FFFFFF,0,City College Terminal@@@260,City College Terminal@@@120,,05:01:53,24:02:15,7.016949152542373,,7.016949152542373,,0,0,0,0,0,1,1
16067,Powell St & O'Farrell St,PH,POWELL-HYDE CABLE CAR,5,B49A36,000000,1,Powell St & Market St@@@212,Powell St & Market St@@@100,,06:33:30,23:22:21,8.387755102040817,,8.387755102040817,,0,0,0,0,0,1,1
16067,Powell St & O'Farrell St,PM,POWELL-MASON CABLE CAR,5,B49A36,000000,1,Powell St & Market St@@@176,Powell St & Market St@@@88,,06:38:30,23:17:16,9.488372093023257,,9.488372093023257,,0,0,0,0,0,1,1
16068,Powell St & O'Farrell St,PH,POWELL-HYDE CABLE CAR,5,B49A36,000000,0,Hyde St & Beach St@@@202###Jackson St & Mason St  / Cable Car Museum@@@10,Hyde St & Beach St@@@96,,07:01:19,23:32:19,8.680851063829786,,8.680851063829786,,0,0,0,0,0,1,1
16068,Powell St & O'Farrell St,PM,POWELL-MASON CABLE CAR,5,B49A36,000000,0,Jackson St & Mason St  / Cable Car Museum@@@6###Taylor St & Bay St@@@170,Taylor St & Bay St@@@84,,07:06:19,23:27:19,9.75609756097561,,9.75609756097561,,0,0,0,0,0,1,1
16069,Powell St & Pine St,PH,POWELL-HYDE CABLE CAR,5,B49A36,000000,0,Hyde St & Beach St@@@202###Jackson St & Mason St  / Cable Car Museum@@@10,Hyde St & Beach St@@@96,,07:04:41,23:35:41,8.702127659574469,,8.702127659574469,,0,0,0,0,0,1,1
16069,Powell St & Pine St,PM,POWELL-MASON CABLE CAR,5,B49A36,000000,0,Jackson St & Mason St  / Cable Car Museum@@@6###Taylor St & Bay St@@@170,Taylor St & Bay St@@@84,,07:09:41,23:30:41,9.78048780487805,,9.78048780487805,,0,0,0,0,0,1,1
16070,Powell St & Pine St,PH,POWELL-HYDE CABLE CAR,5,B49A36,000000,1,Powell St & Market St@@@212,Powell St & Market St@@@100,,06:29:54,23:18:21,8.36734693877551,,8.36734693877551,,0,0,0,0,0,1,1
16070,Powell St & Pine St,PM,POWELL-MASON CABLE CAR,5,B49A36,000000,1,Powell St & Market St@@@176,Powell St & Market St@@@88,,06:34:54,23:13:17,9.465116279069768,,9.465116279069768,,0,0,0,0,0,1,1
16071,Powell St & Post St/Union Square,PH,POWELL-HYDE CABLE CAR,5,B49A36,000000,1,Powell St & Market St@@@212,Powell St & Market St@@@100,,06:32:01,23:20:42,8.36734693877551,,8.36734693877551,,0,0,0,0,0,1,1
16071,Powell St & Post St/Union Square,PM,POWELL-MASON CABLE CAR,5,B49A36,000000,1,Powell St & Market St@@@176,Powell St & Market St@@@88,,06:37:01,23:15:37,9.488372093023257,,9.488372093023257,,0,0,0,0,0,1,1
16072,Powell St & Post St/Union Square,PH,POWELL-HYDE CABLE CAR,5,B49A36,000000,0,Hyde St & Beach St@@@202###Jackson St & Mason St  / Cable Car Museum@@@10,Hyde St & Beach St@@@96,,07:02:37,23:33:37,8.702127659574469,,8.702127659574469,,0,0,0,0,0,1,1
16072,Powell St & Post St/Union Square,PM,POWELL-MASON CABLE CAR,5,B49A36,000000,0,Jackson St & Mason St  / Cable Car Museum@@@6###Taylor St & Bay St@@@170,Taylor St & Bay St@@@84,,07:07:37,23:28:37,9.78048780487805,,9.78048780487805,,0,0,0,0,0,1,1
16073,Powell St & Sacramento St,PH,POWELL-HYDE CABLE CAR,5,B49A36,000000,0,Hyde St & Beach St@@@202###Jackson St & Mason St  / Cable Car Museum@@@10,Hyde St & Beach St@@@94,,07:05:55,23:36:55,8.76086956521739,,8.76086956521739,,0,0,0,0,0,1,1
16073,Powell St & Sacramento St,PM,POWELL-MASON CABLE CAR,5,B49A36,000000,0,Jackson St & Mason St  / Cable Car Museum@@@6###Taylor St & Bay St@@@170,Taylor St & Bay St@@@84,,07:10:55,23:31:55,9.804878048780488,,9.804878048780488,,0,0,0,0,0,1,1
16074,Powell St & Sacramento St,PH,POWELL-HYDE CABLE CAR,5,B49A36,000000,1,Powell St & Market St@@@212,Powell St & Market St@@@102,,06:28:25,23:16:42,8.32,,8.32,,0,0,0,0,0,1,1
16074,Powell St & Sacramento St,PM,POWELL-MASON CABLE CAR,5,B49A36,000000,1,Powell St & Market St@@@176,Powell St & Market St@@@90,,06:33:25,23:11:38,9.454545454545455,,9.454545454545455,,0,0,0,0,0,1,1
16075,Powell St & Sutter St,PH,POWELL-HYDE CABLE CAR,5,B49A36,000000,0,Hyde St & Beach St@@@202###Jackson St & Mason St  / Cable Car Museum@@@10,Hyde St & Beach St@@@96,,07:03:16,23:34:16,8.702127659574469,,8.702127659574469,,0,0,0,0,0,1,1
16075,Powell St & Sutter St,PM,POWELL-MASON CABLE CAR,5,B49A36,000000,0,Jackson St & Mason St  / Cable Car Museum@@@6###Taylor St & Bay St@@@170,Taylor St & Bay St@@@84,,07:08:16,23:29:16,9.78048780487805,,9.78048780487805,,0,0,0,0,0,1,1
16076,Powell St & Sutter St,PH,POWELL-HYDE CABLE CAR,5,B49A36,000000,1,Powell St & Market St@@@212,Powell St & Market St@@@100,,06:31:30,23:20:07,8.36734693877551,,8.36734693877551,,0,0,0,0,0,1,1
16076,Powell St & Sutter St,PM,POWELL-MASON CABLE CAR,5,B49A36,000000,1,Powell St & Market St@@@176,Powell St & Market St@@@88,,06:36:30,23:15:03,9.465116279069768,,9.465116279069768,,0,0,0,0,0,1,1
16080,Prague St & Cordova Ave,43,MASONIC,3,005B95,FFFFFF,0,Munich St & Geneva Ave@@@112,Munich St & Geneva Ave@@@42,,05:54:15,24:47:15,20.75,,20.75,,0,0,0,0,0,1,1
16082,Prague St & Persia Ave,52,EXCELSIOR,3,005B95,FFFFFF,0,Dublin St & La Grande Ave@@@58,Dublin St & La Grande Ave@@@28,,08:30:26,22:31:26,30.23076923076923,,30.23076923076923,,0,0,0,0,0,1,1
16083,Prague St & Persia Ave,54,FELTON,3,005B95,FFFFFF,1,Newhall St & Hudson@@@96,Newhall St & Hudson@@@42,,05:53:14,22:14:54,20.1,,20.1,,0,0,0,0,0,1,1
16084,Prague St & Russia Ave,54,FELTON,3,005B95,FFFFFF,1,Newhall St & Hudson@@@96,Newhall St & Hudson@@@42,,05:52:44,22:14:20,20.05,,20.05,,0,0,0,0,0,1,1
16085,Prague St & Russia Ave,54,FELTON,3,005B95,FFFFFF,0,Daly City BART Stop A2@@@94,Daly City BART Stop A2@@@40,,06:12:59,22:24:16,20.105263157894736,,20.105263157894736,,0,0,0,0,0,1,1
16086,Parkridge Dr & Burnett Ave,37,CORBETT,3,005B95,FFFFFF,1,Masonic Ave & Haight St@@@54,Masonic Ave & Haight St@@@28,,08:50:00,21:50:00,30.0,,30.0,,0,0,0,0,0,1,1
16087,Parkridge Dr & Crestline Dr,37,CORBETT,3,005B95,FFFFFF,0,Parkridge Dr & Burnett Ave@@@54,Parkridge Dr & Burnett Ave@@@26,,09:32:30,22:32:30,30.083333333333332,,30.083333333333332,,0,0,0,0,0,1,1
16088,Presidio Ave & California St,43,MASONIC,3,005B95,FFFFFF,1,Marina Blvd & Laguna St@@@112,Marina Blvd & Laguna St@@@40,,05:45:00,24:34:00,20.36842105263158,,20.36842105263158,,0,0,0,0,0,1,1
16089,Presidio Ave & California St,2,SUTTER,3,005B95,FFFFFF,1,Steuart St & Mission St@@@68,Steuart St & Mission St@@@42,,07:42:00,18:43:00,20.05,,20.05,,0,0,0,0,0,1,1
16089,Presidio Ave & California St,43,MASONIC,3,005B95,FFFFFF,0,Munich St & Geneva Ave@@@112,Munich St & Geneva Ave@@@40,,05:14:00,24:05:00,20.31578947368421,,20.31578947368421,,0,0,0,0,0,1,1
16090,Presidio Ave & Clay St,43,MASONIC,3,005B95,FFFFFF,0,Munich St & Geneva Ave@@@112,Munich St & Geneva Ave@@@40,,05:13:24,24:04:24,20.31578947368421,,20.31578947368421,,0,0,0,0,0,1,1
16091,Presidio Ave & Clay St,43,MASONIC,3,005B95,FFFFFF,1,Marina Blvd & Laguna St@@@112,Marina Blvd & Laguna St@@@40,,05:45:29,24:34:25,20.36842105263158,,20.36842105263158,,0,0,0,0,0,1,1
16092,Presidio Ave & Geary Blvd,43,MASONIC,3,005B95,FFFFFF,1,Marina Blvd & Laguna St@@@112,Marina Blvd & Laguna St@@@42,,05:42:36,24:31:52,20.3,,20.3,,0,0,0,0,0,1,1
16093,Presidio Ave & Geary Blvd,43,MASONIC,3,005B95,FFFFFF,0,Munich St & Geneva Ave@@@112,Munich St & Geneva Ave@@@40,,05:16:09,24:07:09,20.36842105263158,,20.36842105263158,,0,0,0,0,0,1,1
16094,Presidio Ave & Jackson St,43,MASONIC,3,005B95,FFFFFF,0,Munich St & Geneva Ave@@@112,Munich St & Geneva Ave@@@40,,05:12:54,24:03:54,20.31578947368421,,20.31578947368421,,0,0,0,0,0,1,1
16095,Presidio Ave & Jackson St,43,MASONIC,3,005B95,FFFFFF,1,Marina Blvd & Laguna St@@@112,Marina Blvd & Laguna St@@@40,,05:46:02,24:34:54,20.36842105263158,,20.36842105263158,,0,0,0,0,0,1,1
16098,Presidio Ave & Sutter St,2,SUTTER,3,005B95,FFFFFF,0,Presidio Ave & California St@@@76,Presidio Ave & California St@@@42,,07:21:15,19:47:15,20.25,,20.25,,0,0,0,0,0,1,1
16098,Presidio Ave & Sutter St,43,MASONIC,3,005B95,FFFFFF,1,Marina Blvd & Laguna St@@@112,Marina Blvd & Laguna St@@@42,,05:43:29,24:32:39,20.3,,20.3,,0,0,0,0,0,1,1
16099,Presidio Ave & Sutter St,43,MASONIC,3,005B95,FFFFFF,0,Munich St & Geneva Ave@@@112,Munich St & Geneva Ave@@@40,,05:15:24,24:06:24,20.36842105263158,,20.36842105263158,,0,0,0,0,0,1,1
16104,Presidio Blvd & Letterman Dr,43,MASONIC,3,005B95,FFFFFF,0,Munich St & Geneva Ave@@@112,Munich St & Geneva Ave@@@42,,05:09:58,24:00:58,20.2,,20.2,,0,0,0,0,0,1,1
16106,Presidio Blvd & Simonds Loop,43,MASONIC,3,005B95,FFFFFF,1,Marina Blvd & Laguna St@@@112,Marina Blvd & Laguna St@@@40,,05:48:19,24:36:54,20.36842105263158,,20.36842105263158,,0,0,0,0,0,1,1
16107,Presidio Blvd & Sumner Ave,43,MASONIC,3,005B95,FFFFFF,0,Munich St & Geneva Ave@@@112,Munich St & Geneva Ave@@@42,,05:10:46,24:01:46,20.2,,20.2,,0,0,0,0,0,1,1
16109,Point Lobos Ave & 42nd Ave,38,GEARY,3,005B95,FFFFFF,0,48th Ave & Point Lobos Ave@@@56###V.A. Hospital@@@82,V.A. Hospital@@@42,48th Ave & Point Lobos Ave@@@16,06:08:57,29:40:17,20.05,30.0,20.05,30.0,0,0,0,0,0,1,1
16109,Point Lobos Ave & 42nd Ave,38R,GEARY RAPID,3,BF2B45,FFFFFF,0,48th Ave & Point Lobos Ave@@@174,48th Ave & Point Lobos Ave@@@84,,06:43:52,21:43:52,10.024390243902438,,10.024390243902438,,0,0,0,0,0,1,1
16111,Point Lobos Ave & 44th Ave,38,GEARY,3,005B95,FFFFFF,0,48th Ave & Point Lobos Ave@@@56,,48th Ave & Point Lobos Ave@@@16,06:11:53,29:40:49,,30.0,,30.0,0,0,0,0,0,1,1
16111,Point Lobos Ave & 44th Ave,38R,GEARY RAPID,3,BF2B45,FFFFFF,0,48th Ave & Point Lobos Ave@@@174,48th Ave & Point Lobos Ave@@@84,,06:44:31,21:44:31,10.024390243902438,,10.024390243902438,,0,0,0,0,0,1,1
16112,Portola Dr & Glenview Dr,48,QUINTARA-24TH STREET,3,005B95,FFFFFF,1,22nd St Caltrain Station/Iowa@@@108,22nd St Caltrain Station/Iowa@@@42,,05:42:38,24:21:38,20.0,,20.0,,0,0,0,0,0,1,1
16112,Portola Dr & Glenview Dr,52,EXCELSIOR,3,005B95,FFFFFF,0,Dublin St & La Grande Ave@@@58,Dublin St & La Grande Ave@@@28,,08:13:41,22:14:13,30.0,,30.0,,0,0,0,0,0,1,1
16112,Portola Dr & Glenview Dr,LOWL,OWL TARAVAL,3,666666,FFFFFF,1,Jones St & Beach St@@@30,,Jones St & Beach St@@@20,24:15:08,30:05:08,,25.0,,25.0,0,0,0,0,0,1,1
16113,Portola Dr & Laguna Honda Blvd,48,QUINTARA-24TH STREET,3,005B95,FFFFFF,0,Lower Great Hwy & Rivera St@@@110,Lower Great Hwy & Rivera St@@@42,,05:27:03,24:27:03,20.05,,20.05,,0,0,0,0,0,1,1
16114,Portola Dr & Laguna Honda Blvd,48,QUINTARA-24TH STREET,3,005B95,FFFFFF,1,22nd St Caltrain Station/Iowa@@@108,22nd St Caltrain Station/Iowa@@@42,,05:39:55,24:18:55,20.0,,20.0,,0,0,0,0,0,1,1
16116,Portola Dr & San Pablo Ave,48,QUINTARA-24TH STREET,3,005B95,FFFFFF,0,Lower Great Hwy & Rivera St@@@110,Lower Great Hwy & Rivera St@@@42,,05:28:40,24:28:40,20.05,,20.05,,0,0,0,0,0,1,1
16117,Portola Dr & San Pablo Ave,48,QUINTARA-24TH STREET,3,005B95,FFFFFF,1,22nd St Caltrain Station/Iowa@@@108,22nd St Caltrain Station/Iowa@@@42,,05:37:53,24:16:53,20.0,,20.0,,0,0,0,0,0,1,1
16118,Portola Dr & Rex Ave,43,MASONIC,3,005B95,FFFFFF,1,Marina Blvd & Laguna St@@@112,Marina Blvd & Laguna St@@@42,,05:21:20,24:11:20,20.05,,20.05,,0,0,0,0,0,1,1
16118,Portola Dr & Rex Ave,48,QUINTARA-24TH STREET,3,005B95,FFFFFF,1,22nd St Caltrain Station/Iowa@@@108,22nd St Caltrain Station/Iowa@@@42,,05:38:54,24:17:54,20.0,,20.0,,0,0,0,0,0,1,1
16119,Potrero Ave At Sf General Hospital,33,ASHBURY-18TH ST,3,005B95,FFFFFF,1,Arguello Blvd & California St@@@14###Sacramento St & Cherry St@@@84,Sacramento St & Cherry St@@@40,,06:02:19,22:40:37,20.0,,20.0,,0,0,0,0,0,1,1
16119,Potrero Ave At Sf General Hospital,9,SAN BRUNO,3,005B95,FFFFFF,1,Market St & Steuart St@@@184,Market St & Steuart St@@@84,,05:25:36,24:12:36,10.0,,10.0,,0,0,0,0,0,1,1
16119,Potrero Ave At Sf General Hospital,90,SAN BRUNO OWL,3,666666,FFFFFF,1,Van Ness Ave & North Point St@@@20,,Van Ness Ave & North Point St@@@12,24:21:36,28:51:36,,30.0,,30.0,0,0,0,0,0,1,1
16120,Portola Dr & San Lorenzo Ave,48,QUINTARA-24TH STREET,3,005B95,FFFFFF,1,22nd St Caltrain Station/Iowa@@@108,22nd St Caltrain Station/Iowa@@@42,,05:37:02,24:16:02,20.0,,20.0,,0,0,0,0,0,1,1
16121,Portola Dr & O'Shaughnessy Blvd,48,QUINTARA-24TH STREET,3,005B95,FFFFFF,1,22nd St Caltrain Station/Iowa@@@108,22nd St Caltrain Station/Iowa@@@42,,05:41:18,24:20:18,20.0,,20.0,,0,0,0,0,0,1,1
16121,Portola Dr & O'Shaughnessy Blvd,KBUS,INGLESIDE BUS,3,437C93,FFFFFF,1,Steuart St & Mission St@@@24,,,05:19:53,24:19:53,,,,,0,0,0,0,0,1,1
16122,Portola Dr & Waithman Way,43,MASONIC,3,005B95,FFFFFF,0,Munich St & Geneva Ave@@@112,Munich St & Geneva Ave@@@42,,05:36:22,24:29:22,20.7,,20.7,,0,0,0,0,0,1,1
16122,Portola Dr & Waithman Way,48,QUINTARA-24TH STREET,3,005B95,FFFFFF,0,Lower Great Hwy & Rivera St@@@110,Lower Great Hwy & Rivera St@@@42,,05:27:34,24:27:34,20.05,,20.05,,0,0,0,0,0,1,1
16123,Portola Dr & Woodside Ave,48,QUINTARA-24TH STREET,3,005B95,FFFFFF,0,Lower Great Hwy & Rivera St@@@110,Lower Great Hwy & Rivera St@@@42,,05:26:09,24:26:09,20.05,,20.05,,0,0,0,0,0,1,1
16124,Post St & Gough St,2,SUTTER,3,005B95,FFFFFF,1,Steuart St & Mission St@@@76,Steuart St & Mission St@@@42,,06:31:34,18:53:34,20.05,,20.05,,0,0,0,0,0,1,1
16125,Post St & Grant Ave,2,SUTTER,3,005B95,FFFFFF,1,Steuart St & Mission St@@@76,Steuart St & Mission St@@@42,,06:39:52,19:02:58,20.05,,20.05,,0,0,0,0,0,1,1
16126,Post St & Hyde St,2,SUTTER,3,005B95,FFFFFF,1,Steuart St & Mission St@@@76,Steuart St & Mission St@@@42,,06:35:27,18:57:51,20.1,,20.1,,0,0,0,0,0,1,1
16127,Post St & Jones St,2,SUTTER,3,005B95,FFFFFF,1,Steuart St & Mission St@@@76,Steuart St & Mission St@@@40,,06:37:01,18:59:41,20.05263157894737,,20.05263157894737,,0,0,0,0,0,1,1
16129,Point Lobos Ave & 46th Ave,38,GEARY,3,005B95,FFFFFF,0,48th Ave & Point Lobos Ave@@@56,,48th Ave & Point Lobos Ave@@@16,06:12:20,29:41:24,,30.0,,30.0,0,0,0,0,0,1,1
16129,Point Lobos Ave & 46th Ave,38R,GEARY RAPID,3,BF2B45,FFFFFF,0,48th Ave & Point Lobos Ave@@@174,48th Ave & Point Lobos Ave@@@84,,06:45:16,21:45:16,10.024390243902438,,10.024390243902438,,0,0,0,0,0,1,1
16135,Quintara St & 12th Ave,6,HAYES-PARNASSUS,3,005B95,FFFFFF,0,14th Ave & Quintara St@@@114,14th Ave & Quintara St@@@40,,05:40:25,24:27:18,20.68421052631579,,20.68421052631579,,0,0,0,0,0,1,1
16136,Quintara St & 12th Ave,6,HAYES-PARNASSUS,3,005B95,FFFFFF,1,Hyde St & Grove St@@@116,Hyde St & Grove St@@@42,,05:00:27,24:00:27,20.0,,20.0,,0,0,0,0,0,1,1
16137,Quintara St & 16th Ave,66,QUINTARA,3,005B95,FFFFFF,1,9th Ave & Judah St@@@86,9th Ave & Judah St@@@42,,08:19:30,22:17:57,20.0,,20.0,,0,0,0,0,0,1,1
16139,Quintara St & 17th Ave,48,QUINTARA-24TH STREET,3,005B95,FFFFFF,1,22nd St Caltrain Station/Iowa@@@108,22nd St Caltrain Station/Iowa@@@42,,05:30:49,24:10:17,20.0,,20.0,,0,0,0,0,0,1,1
16139,Quintara St & 17th Ave,66,QUINTARA,3,005B95,FFFFFF,1,9th Ave & Judah St@@@86,9th Ave & Judah St@@@42,,08:19:13,22:17:42,20.0,,20.0,,0,0,0,0,0,1,1
16140,Quintara St & 19th Ave,48,QUINTARA-24TH STREET,3,005B95,FFFFFF,0,Lower Great Hwy & Rivera St@@@110,Lower Great Hwy & Rivera St@@@42,,05:34:51,24:34:51,20.0,,20.0,,0,0,0,0,0,1,1
16140,Quintara St & 19th Ave,66,QUINTARA,3,005B95,FFFFFF,0,Vicente St & 30th Ave@@@86,Vicente St & 30th Ave@@@42,,08:07:54,22:07:21,20.0,,20.0,,0,0,0,0,0,1,1
16141,Quintara St & 19th Ave,48,QUINTARA-24TH STREET,3,005B95,FFFFFF,1,22nd St Caltrain Station/Iowa@@@108,22nd St Caltrain Station/Iowa@@@42,,05:30:12,24:09:43,20.05,,20.05,,0,0,0,0,0,1,1
16141,Quintara St & 19th Ave,66,QUINTARA,3,005B95,FFFFFF,1,9th Ave & Judah St@@@86,9th Ave & Judah St@@@42,,08:18:41,22:17:13,20.0,,20.0,,0,0,0,0,0,1,1
16142,Quintara St & 22nd Ave,48,QUINTARA-24TH STREET,3,005B95,FFFFFF,0,Lower Great Hwy & Rivera St@@@110,Lower Great Hwy & Rivera St@@@42,,05:35:43,24:35:43,20.0,,20.0,,0,0,0,0,0,1,1
16142,Quintara St & 22nd Ave,66,QUINTARA,3,005B95,FFFFFF,0,Vicente St & 30th Ave@@@86,Vicente St & 30th Ave@@@42,,08:08:38,22:08:01,20.0,,20.0,,0,0,0,0,0,1,1
16143,Quintara St & 22nd Ave,48,QUINTARA-24TH STREET,3,005B95,FFFFFF,1,22nd St Caltrain Station/Iowa@@@108,22nd St Caltrain Station/Iowa@@@42,,05:29:17,24:08:53,20.05,,20.05,,0,0,0,0,0,1,1
16143,Quintara St & 22nd Ave,66,QUINTARA,3,005B95,FFFFFF,1,9th Ave & Judah St@@@86,9th Ave & Judah St@@@42,,08:17:54,22:16:30,20.0,,20.0,,0,0,0,0,0,1,1
16144,Quintara St & 24th Ave,48,QUINTARA-24TH STREET,3,005B95,FFFFFF,0,Lower Great Hwy & Rivera St@@@110,Lower Great Hwy & Rivera St@@@42,,05:36:17,24:36:17,20.0,,20.0,,0,0,0,0,0,1,1
16144,Quintara St & 24th Ave,66,QUINTARA,3,005B95,FFFFFF,0,Vicente St & 30th Ave@@@86,Vicente St & 30th Ave@@@42,,08:09:07,22:08:26,20.0,,20.0,,0,0,0,0,0,1,1
16145,Quintara St & 24th Ave,48,QUINTARA-24TH STREET,3,005B95,FFFFFF,1,22nd St Caltrain Station/Iowa@@@108,22nd St Caltrain Station/Iowa@@@42,,05:28:40,24:08:20,20.0,,20.0,,0,0,0,0,0,1,1
16145,Quintara St & 24th Ave,66,QUINTARA,3,005B95,FFFFFF,1,9th Ave & Judah St@@@86,9th Ave & Judah St@@@42,,08:17:22,22:16:01,20.0,,20.0,,0,0,0,0,0,1,1
16146,Quintara St & 26th Ave,48,QUINTARA-24TH STREET,3,005B95,FFFFFF,0,Lower Great Hwy & Rivera St@@@110,Lower Great Hwy & Rivera St@@@42,,05:36:50,24:36:50,20.05,,20.05,,0,0,0,0,0,1,1
16146,Quintara St & 26th Ave,66,QUINTARA,3,005B95,FFFFFF,0,Vicente St & 30th Ave@@@86,Vicente St & 30th Ave@@@42,,08:09:36,22:08:52,20.0,,20.0,,0,0,0,0,0,1,1
16147,Quintara St & 26th Ave,48,QUINTARA-24TH STREET,3,005B95,FFFFFF,1,22nd St Caltrain Station/Iowa@@@108,22nd St Caltrain Station/Iowa@@@40,,05:28:07,24:07:50,20.05263157894737,,20.05263157894737,,0,0,0,0,0,1,1
16147,Quintara St & 26th Ave,66,QUINTARA,3,005B95,FFFFFF,1,9th Ave & Judah St@@@86,9th Ave & Judah St@@@42,,08:16:53,22:15:36,20.0,,20.0,,0,0,0,0,0,1,1
16148,Quintara St & 27th Ave,48,QUINTARA-24TH STREET,3,005B95,FFFFFF,0,Lower Great Hwy & Rivera St@@@110,Lower Great Hwy & Rivera St@@@42,,05:37:08,24:37:08,20.0,,20.0,,0,0,0,0,0,1,1
16148,Quintara St & 27th Ave,66,QUINTARA,3,005B95,FFFFFF,0,Vicente St & 30th Ave@@@86,Vicente St & 30th Ave@@@42,,08:09:51,22:09:05,20.0,,20.0,,0,0,0,0,0,1,1
16149,Quintara St & 27th Ave,48,QUINTARA-24TH STREET,3,005B95,FFFFFF,1,22nd St Caltrain Station/Iowa@@@108,22nd St Caltrain Station/Iowa@@@42,,05:27:45,24:07:30,20.05,,20.05,,0,0,0,0,0,1,1
16149,Quintara St & 27th Ave,66,QUINTARA,3,005B95,FFFFFF,1,9th Ave & Judah St@@@86,9th Ave & Judah St@@@42,,08:16:34,22:15:19,20.0,,20.0,,0,0,0,0,0,1,1
16150,Quintara St & 28th Ave,48,QUINTARA-24TH STREET,3,005B95,FFFFFF,0,Lower Great Hwy & Rivera St@@@110,Lower Great Hwy & Rivera St@@@42,,05:37:24,24:37:24,20.0,,20.0,,0,0,0,0,0,1,1
16150,Quintara St & 28th Ave,66,QUINTARA,3,005B95,FFFFFF,0,Vicente St & 30th Ave@@@86,Vicente St & 30th Ave@@@42,,08:10:05,22:09:18,20.0,,20.0,,0,0,0,0,0,1,1
16151,Quintara St & 28th Ave,48,QUINTARA-24TH STREET,3,005B95,FFFFFF,1,22nd St Caltrain Station/Iowa@@@108,22nd St Caltrain Station/Iowa@@@42,,05:27:26,24:07:13,20.05,,20.05,,0,0,0,0,0,1,1
16151,Quintara St & 28th Ave,66,QUINTARA,3,005B95,FFFFFF,1,9th Ave & Judah St@@@86,9th Ave & Judah St@@@42,,08:16:18,22:15:04,20.0,,20.0,,0,0,0,0,0,1,1
16152,Quintara St & 29th Ave,48,QUINTARA-24TH STREET,3,005B95,FFFFFF,0,Lower Great Hwy & Rivera St@@@110,Lower Great Hwy & Rivera St@@@42,,05:37:40,24:37:40,20.05,,20.05,,0,0,0,0,0,1,1
16152,Quintara St & 29th Ave,66,QUINTARA,3,005B95,FFFFFF,0,Vicente St & 30th Ave@@@86,Vicente St & 30th Ave@@@42,,08:10:19,22:09:30,20.0,,20.0,,0,0,0,0,0,1,1
16153,Quintara St & 29th Ave,48,QUINTARA-24TH STREET,3,005B95,FFFFFF,1,22nd St Caltrain Station/Iowa@@@108,22nd St Caltrain Station/Iowa@@@42,,05:27:08,24:06:56,20.05,,20.05,,0,0,0,0,0,1,1
16153,Quintara St & 29th Ave,66,QUINTARA,3,005B95,FFFFFF,1,9th Ave & Judah St@@@86,9th Ave & Judah St@@@42,,08:16:02,22:14:50,20.0,,20.0,,0,0,0,0,0,1,1
16154,Quintara St & 31st Ave,48,QUINTARA-24TH STREET,3,005B95,FFFFFF,0,Lower Great Hwy & Rivera St@@@110,Lower Great Hwy & Rivera St@@@42,,05:38:14,24:38:14,20.0,,20.0,,0,0,0,0,0,1,1
16155,Quintara St & 31st Ave,48,QUINTARA-24TH STREET,3,005B95,FFFFFF,1,22nd St Caltrain Station/Iowa@@@108,22nd St Caltrain Station/Iowa@@@42,,05:26:31,24:06:23,20.05,,20.05,,0,0,0,0,0,1,1
16156,Quintara St & 33rd Ave,48,QUINTARA-24TH STREET,3,005B95,FFFFFF,0,Lower Great Hwy & Rivera St@@@110,Lower Great Hwy & Rivera St@@@42,,05:38:47,24:38:47,20.0,,20.0,,0,0,0,0,0,1,1
16157,Quintara St & 33rd Ave,48,QUINTARA-24TH STREET,3,005B95,FFFFFF,1,22nd St Caltrain Station/Iowa@@@108,22nd St Caltrain Station/Iowa@@@42,,05:25:54,24:05:49,20.05,,20.05,,0,0,0,0,0,1,1
16158,Quintara St & 35th Ave,48,QUINTARA-24TH STREET,3,005B95,FFFFFF,0,Lower Great Hwy & Rivera St@@@110,Lower Great Hwy & Rivera St@@@42,,05:39:21,24:39:21,20.0,,20.0,,0,0,0,0,0,1,1
16159,Quintara St & 35th Ave,48,QUINTARA-24TH STREET,3,005B95,FFFFFF,1,22nd St Caltrain Station/Iowa@@@108,22nd St Caltrain Station/Iowa@@@42,,05:25:18,24:05:16,20.05,,20.05,,0,0,0,0,0,1,1
16160,Quintara St & 36th Ave,48,QUINTARA-24TH STREET,3,005B95,FFFFFF,1,22nd St Caltrain Station/Iowa@@@108,22nd St Caltrain Station/Iowa@@@42,,05:25:00,24:05:00,20.05,,20.05,,0,0,0,0,0,1,1
16161,Quintara St & 39th Ave,48,QUINTARA-24TH STREET,3,005B95,FFFFFF,1,22nd St Caltrain Station/Iowa@@@108,22nd St Caltrain Station/Iowa@@@42,,05:23:03,24:03:03,20.05,,20.05,,0,0,0,0,0,1,1
16162,Quintara St & 41st Ave,48,QUINTARA-24TH STREET,3,005B95,FFFFFF,0,Lower Great Hwy & Rivera St@@@110,Lower Great Hwy & Rivera St@@@42,,05:42:17,24:42:45,20.0,,20.0,,0,0,0,0,0,1,1
16163,Quintara St & 41st Ave,48,QUINTARA-24TH STREET,3,005B95,FFFFFF,1,22nd St Caltrain Station/Iowa@@@108,22nd St Caltrain Station/Iowa@@@42,,05:22:31,24:02:31,20.0,,20.0,,0,0,0,0,0,1,1
16165,Quintara St & 44th Ave,48,QUINTARA-24TH STREET,3,005B95,FFFFFF,1,22nd St Caltrain Station/Iowa@@@108,22nd St Caltrain Station/Iowa@@@42,,05:21:43,24:01:43,20.0,,20.0,,0,0,0,0,0,1,1
16166,Quintara St & 46th Ave,48,QUINTARA-24TH STREET,3,005B95,FFFFFF,0,Lower Great Hwy & Rivera St@@@110,Lower Great Hwy & Rivera St@@@42,,05:43:37,24:44:20,20.0,,20.0,,0,0,0,0,0,1,1
16167,Quintara St & 48th Ave,48,QUINTARA-24TH STREET,3,005B95,FFFFFF,0,Lower Great Hwy & Rivera St@@@110,Lower Great Hwy & Rivera St@@@42,,05:44:09,24:44:59,19.95,,19.95,,0,0,0,0,0,1,1
16168,Quintara St & Cragmont Ave,6,HAYES-PARNASSUS,3,005B95,FFFFFF,0,14th Ave & Quintara St@@@114,14th Ave & Quintara St@@@42,,05:40:15,24:27:06,20.6,,20.6,,0,0,0,0,0,1,1
16169,Quintara St & Cragmont Ave,6,HAYES-PARNASSUS,3,005B95,FFFFFF,1,Hyde St & Grove St@@@116,Hyde St & Grove St@@@42,,05:00:49,24:00:49,20.0,,20.0,,0,0,0,0,0,1,1
16170,Quintara St & Funston Ave,6,HAYES-PARNASSUS,3,005B95,FFFFFF,0,14th Ave & Quintara St@@@114,14th Ave & Quintara St@@@40,,05:40:39,24:27:35,20.68421052631579,,20.68421052631579,,0,0,0,0,0,1,1
16171,Quintara St & Funston Ave,6,HAYES-PARNASSUS,3,005B95,FFFFFF,1,Hyde St & Grove St@@@116,Hyde St & Grove St@@@42,,05:00:13,24:00:13,20.0,,20.0,,0,0,0,0,0,1,1
16172,Randolph St & Arch St,M,OCEAN VIEW,0,008547,FFFFFF,1,Metro Embarcadero Station@@@138###The Embarcadero & Folsom St@@@6###Ulloa St & Lenox Way@@@28,Metro Embarcadero Station@@@70,,05:08:23,23:35:23,12.029411764705882,,12.029411764705882,,0,0,0,0,0,1,1
16173,Randolph St & Arch St,M,OCEAN VIEW,0,008547,FFFFFF,0,San Jose Ave & Niagra Ave@@@172,San Jose Ave & Niagra Ave@@@70,,05:52:37,25:01:08,12.147058823529411,,12.147058823529411,,0,0,0,0,0,1,1
16174,Randolph St & Bright St,M,OCEAN VIEW,0,008547,FFFFFF,1,Metro Embarcadero Station@@@138###The Embarcadero & Folsom St@@@6###Ulloa St & Lenox Way@@@28,Metro Embarcadero Station@@@70,,05:07:07,23:34:07,12.029411764705882,,12.029411764705882,,0,0,0,0,0,1,1
16175,Randolph St & Bright St,M,OCEAN VIEW,0,008547,FFFFFF,0,San Jose Ave & Niagra Ave@@@172,San Jose Ave & Niagra Ave@@@68,,05:53:35,25:02:15,12.151515151515152,,12.151515151515152,,0,0,0,0,0,1,1
16181,Richardson Ave & Francisco St,28,19TH AVENUE,3,005B95,FFFFFF,1,Powell St & Beach St@@@170,Powell St & Beach St@@@68,,05:33:16,24:34:16,12.363636363636363,,12.363636363636363,,0,0,0,0,0,1,1
16181,Richardson Ave & Francisco St,91,3RD-19TH AVE OWL,3,666666,FFFFFF,0,Ulloa St & West Portal Ave@@@22,,Ulloa St & West Portal Ave@@@14,24:29:01,29:29:01,,30.0,,30.0,0,0,0,0,0,1,1
16182,Richardson Ave & Francisco St,28,19TH AVENUE,3,005B95,FFFFFF,0,Daly City BART Stop D4@@@168,Daly City BART Stop D4@@@70,,05:11:25,24:15:34,12.029411764705882,,12.029411764705882,,0,0,0,0,0,1,1
16182,Richardson Ave & Francisco St,91,3RD-19TH AVE OWL,3,666666,FFFFFF,1,19th Ave & Holloway/Sf State@@@24,,19th Ave & Holloway/Sf State@@@18,24:57:23,30:27:23,,30.0,,30.0,0,0,0,0,0,1,1
16184,Reddy St & Thornton Ave,54,FELTON,3,005B95,FFFFFF,0,Daly City BART Stop A2@@@94,Daly City BART Stop A2@@@42,,05:59:07,22:10:21,20.0,,20.0,,0,0,0,0,0,1,1
16185,Reddy St & Williams Ave,54,FELTON,3,005B95,FFFFFF,1,Newhall St & Hudson@@@96,Newhall St & Hudson@@@42,,06:08:21,22:32:14,20.2,,20.2,,0,0,0,0,0,1,1
16186,1076 Rhode Island St,19,POLK,3,005B95,FFFFFF,0,Galvez Ave & Hill Ave@@@102,Galvez Ave & Hill Ave@@@42,,05:28:32,22:30:27,20.25,,20.25,,0,0,0,0,0,1,1
16187,Rhode Island St & 15th St,19,POLK,3,005B95,FFFFFF,0,Galvez Ave & Hill Ave@@@102,Galvez Ave & Hill Ave@@@42,,05:24:36,22:25:53,20.25,,20.25,,0,0,0,0,0,1,1
16188,Rhode Island St & 15th St,19,POLK,3,005B95,FFFFFF,1,Beach St & Polk St@@@102,Beach St & Polk St@@@42,,05:30:13,22:19:13,20.05,,20.05,,0,0,0,0,0,1,1
16189,Rhode Island St & 16th St,19,POLK,3,005B95,FFFFFF,1,Beach St & Polk St@@@102,Beach St & Polk St@@@42,,05:29:57,22:18:57,20.05,,20.05,,0,0,0,0,0,1,1
16190,Rhode Island St & 16th St,19,POLK,3,005B95,FFFFFF,0,Galvez Ave & Hill Ave@@@102,Galvez Ave & Hill Ave@@@42,,05:25:03,22:26:24,20.2,,20.2,,0,0,0,0,0,1,1
16191,Rhode Island St & 17th St,19,POLK,3,005B95,FFFFFF,0,Galvez Ave & Hill Ave@@@102,Galvez Ave & Hill Ave@@@42,,05:25:31,22:26:56,20.25,,20.25,,0,0,0,0,0,1,1
16192,Rhode Island St & 18th St,19,POLK,3,005B95,FFFFFF,0,Galvez Ave & Hill Ave@@@102,Galvez Ave & Hill Ave@@@42,,05:26:31,22:28:06,20.2,,20.2,,0,0,0,0,0,1,1
16193,Rhode Island St & 19th St,19,POLK,3,005B95,FFFFFF,0,Galvez Ave & Hill Ave@@@102,Galvez Ave & Hill Ave@@@42,,05:26:54,22:28:33,20.25,,20.25,,0,0,0,0,0,1,1
16195,Rhode Island St & 20th St,19,POLK,3,005B95,FFFFFF,0,Galvez Ave & Hill Ave@@@102,Galvez Ave & Hill Ave@@@42,,05:27:24,22:29:08,20.2,,20.2,,0,0,0,0,0,1,1
16196,Rhode Island St & 22nd St,19,POLK,3,005B95,FFFFFF,0,Galvez Ave & Hill Ave@@@102,Galvez Ave & Hill Ave@@@42,,05:28:17,22:30:10,20.25,,20.25,,0,0,0,0,0,1,1
16197,Rhode Island St & 23rd St,19,POLK,3,005B95,FFFFFF,0,Galvez Ave & Hill Ave@@@102,Galvez Ave & Hill Ave@@@42,,05:29:00,22:31:00,20.25,,20.25,,0,0,0,0,0,1,1
16198,Rhode Island St & 24th St,19,POLK,3,005B95,FFFFFF,0,Galvez Ave & Hill Ave@@@102,Galvez Ave & Hill Ave@@@42,,05:29:16,22:31:21,20.25,,20.25,,0,0,0,0,0,1,1
16198,Rhode Island St & 24th St,48,QUINTARA-24TH STREET,3,005B95,FFFFFF,1,22nd St Caltrain Station/Iowa@@@126,22nd St Caltrain Station/Iowa@@@42,22nd St Caltrain Station/Iowa@@@14,05:59:36,29:06:36,20.15,30.0,20.15,30.0,0,0,0,0,0,1,1
16199,Rhode Island St & 25th St,19,POLK,3,005B95,FFFFFF,0,Galvez Ave & Hill Ave@@@102,Galvez Ave & Hill Ave@@@42,,05:29:46,22:31:57,20.25,,20.25,,0,0,0,0,0,1,1
16199,Rhode Island St & 25th St,48,QUINTARA-24TH STREET,3,005B95,FFFFFF,1,22nd St Caltrain Station/Iowa@@@126,22nd St Caltrain Station/Iowa@@@42,22nd St Caltrain Station/Iowa@@@14,06:00:03,29:07:03,20.15,30.0,20.15,30.0,0,0,0,0,0,1,1
16200,Rhode Island St & 26th St,19,POLK,3,005B95,FFFFFF,0,Galvez Ave & Hill Ave@@@102,Galvez Ave & Hill Ave@@@42,,05:30:14,22:32:33,20.25,,20.25,,0,0,0,0,0,1,1
16200,Rhode Island St & 26th St,48,QUINTARA-24TH STREET,3,005B95,FFFFFF,1,22nd St Caltrain Station/Iowa@@@126,22nd St Caltrain Station/Iowa@@@42,22nd St Caltrain Station/Iowa@@@14,06:00:29,29:07:29,20.15,30.0,20.15,30.0,0,0,0,0,0,1,1
16201,Rhode Island St & Alameda St,19,POLK,3,005B95,FFFFFF,0,Galvez Ave & Hill Ave@@@102,Galvez Ave & Hill Ave@@@42,,05:24:10,22:25:22,20.2,,20.2,,0,0,0,0,0,1,1
16202,Rhode Island St & Alameda St,19,POLK,3,005B95,FFFFFF,1,Beach St & Polk St@@@102,Beach St & Polk St@@@42,,05:30:38,22:19:38,20.05,,20.05,,0,0,0,0,0,1,1
16203,Rhode Island St & Mariposa St,19,POLK,3,005B95,FFFFFF,0,Galvez Ave & Hill Ave@@@102,Galvez Ave & Hill Ave@@@42,,05:26:04,22:27:35,20.25,,20.25,,0,0,0,0,0,1,1
16204,Rhode Island St & Southern Heights Ave,19,POLK,3,005B95,FFFFFF,0,Galvez Ave & Hill Ave@@@102,Galvez Ave & Hill Ave@@@42,,05:27:44,22:29:31,20.25,,20.25,,0,0,0,0,0,1,1
16208,Ripley St & Alabama St,67,BERNAL HEIGHTS,3,005B95,FFFFFF,1,24th St & Mission St@@@98,24th St & Mission St@@@44,,06:19:45,22:16:45,19.952380952380953,,19.952380952380953,,0,0,0,0,0,1,1
16210,Ripley St & Folsom St,67,BERNAL HEIGHTS,3,005B95,FFFFFF,1,24th St & Mission St@@@98,24th St & Mission St@@@42,,06:20:29,22:17:29,19.95,,19.95,,0,0,0,0,0,1,1
16212,Rousseau St & Cayuga Ave,44,O'SHAUGHNESSY,3,005B95,FFFFFF,1,Bosworth St & Diamond St@@@20###California St & 6th Ave@@@170,California St & 6th Ave@@@70,Bosworth St & Diamond St@@@14,05:21:41,29:29:19,12.0,31.666666666666668,12.0,31.666666666666668,0,0,0,0,0,1,1
16212,Rousseau St & Cayuga Ave,52,EXCELSIOR,3,005B95,FFFFFF,1,Laguna Honda Blvd/Forest Hill Sta@@@58,Laguna Honda Blvd/Forest Hill Sta@@@28,,08:09:17,22:08:37,30.307692307692307,,30.307692307692307,,0,0,0,0,0,1,1
16213,Right Of Way/18th St,J,CHURCH,0,A96614,FFFFFF,1,Church St & Duboce Ave@@@30###Metro Embarcadero Station@@@122,Metro Embarcadero Station@@@56,,05:18:28,24:18:28,14.962962962962964,,14.962962962962964,,0,0,0,0,0,1,1
16214,Right Of Way/20th St,J,CHURCH,0,A96614,FFFFFF,0,Balboa Park BART/Mezzanine Level@@@154,Balboa Park BART/Mezzanine Level@@@56,,05:33:22,25:07:22,15.037037037037036,,15.037037037037036,,0,0,0,0,0,1,1
16215,Right Of Way/20th St,J,CHURCH,0,A96614,FFFFFF,1,Church St & Duboce Ave@@@30###Metro Embarcadero Station@@@122,Metro Embarcadero Station@@@56,,05:16:53,24:16:53,14.962962962962964,,14.962962962962964,,0,0,0,0,0,1,1
16216,Right Of Way/21st St,J,CHURCH,0,A96614,FFFFFF,0,Balboa Park BART/Mezzanine Level@@@154,Balboa Park BART/Mezzanine Level@@@56,,05:34:22,25:08:22,15.037037037037036,,15.037037037037036,,0,0,0,0,0,1,1
16217,Right Of Way/21st St,J,CHURCH,0,A96614,FFFFFF,1,Church St & Duboce Ave@@@30###Metro Embarcadero Station@@@122,Metro Embarcadero Station@@@56,,05:15:41,24:15:41,15.0,,15.0,,0,0,0,0,0,1,1
16218,Church St & 22nd St,J,CHURCH,0,A96614,FFFFFF,0,Balboa Park BART/Mezzanine Level@@@154,Balboa Park BART/Mezzanine Level@@@56,,05:35:27,25:09:27,15.074074074074074,,15.074074074074074,,0,0,0,0,0,1,1
16219,Right Of Way/Eucalyptus Dr,M,OCEAN VIEW,0,008547,FFFFFF,0,San Jose Ave & Niagra Ave@@@172,San Jose Ave & Niagra Ave@@@68,,05:45:27,24:53:27,12.090909090909092,,12.090909090909092,,0,0,0,0,0,1,1
16220,Right Of Way/Eucalyptus Dr,M,OCEAN VIEW,0,008547,FFFFFF,1,Metro Embarcadero Station@@@138###The Embarcadero & Folsom St@@@6###Ulloa St & Lenox Way@@@28,Metro Embarcadero Station@@@68,,05:17:02,23:44:02,12.06060606060606,,12.06060606060606,,0,0,0,0,0,1,1
16221,Right Of Way/Liberty St,J,CHURCH,0,A96614,FFFFFF,0,Balboa Park BART/Mezzanine Level@@@154,Balboa Park BART/Mezzanine Level@@@56,,05:33:59,25:07:59,15.037037037037036,,15.037037037037036,,0,0,0,0,0,1,1
16222,Right Of Way/Liberty St,J,CHURCH,0,A96614,FFFFFF,1,Church St & Duboce Ave@@@30###Metro Embarcadero Station@@@122,Metro Embarcadero Station@@@56,,05:16:07,24:16:07,14.962962962962964,,14.962962962962964,,0,0,0,0,0,1,1
16223,Right Of Way/Ocean Ave,M,OCEAN VIEW,0,008547,FFFFFF,0,San Jose Ave & Niagra Ave@@@172,San Jose Ave & Niagra Ave@@@68,,05:45:07,24:53:07,12.090909090909092,,12.090909090909092,,0,0,0,0,0,1,1
16224,Right Of Way/Ocean Ave,M,OCEAN VIEW,0,008547,FFFFFF,1,Metro Embarcadero Station@@@138###The Embarcadero & Folsom St@@@6###Ulloa St & Lenox Way@@@28,Metro Embarcadero Station@@@70,,05:17:25,23:44:25,12.058823529411764,,12.058823529411764,,0,0,0,0,0,1,1
16228,Reposa Way & Myra Way,36,TERESITA,3,005B95,FFFFFF,0,Valencia St & Mission St@@@54,Valencia St & Mission St@@@28,,08:22:36,21:20:24,30.0,,30.0,,0,0,0,0,0,1,1
16228,Reposa Way & Myra Way,36,TERESITA,3,005B95,FFFFFF,1,Laguna Honda Blvd/Forest Hill Sta@@@52,Laguna Honda Blvd/Forest Hill Sta@@@28,,08:43:36,21:11:36,30.0,,30.0,,0,0,0,0,0,1,1
16229,Reposa Way & Teresita Blvd,36,TERESITA,3,005B95,FFFFFF,0,Valencia St & Mission St@@@54,Valencia St & Mission St@@@28,,08:22:00,21:20:00,30.0,,30.0,,0,0,0,0,0,1,1
16229,Reposa Way & Teresita Blvd,36,TERESITA,3,005B95,FFFFFF,1,Laguna Honda Blvd/Forest Hill Sta@@@52,Laguna Honda Blvd/Forest Hill Sta@@@28,,08:43:00,21:11:00,30.0,,30.0,,0,0,0,0,0,1,1
16230,414 Roosevelt Way,37,CORBETT,3,005B95,FFFFFF,1,Masonic Ave & Haight St@@@54,Masonic Ave & Haight St@@@28,,09:14:23,22:12:23,30.0,,30.0,,0,0,0,0,0,1,1
16231,415 Roosevelt Way,37,CORBETT,3,005B95,FFFFFF,0,Parkridge Dr & Burnett Ave@@@54,Parkridge Dr & Burnett Ave@@@28,,09:13:04,22:13:04,30.0,,30.0,,0,0,0,0,0,1,1
16232,Roosevelt Way & 14th St,37,CORBETT,3,005B95,FFFFFF,0,Parkridge Dr & Burnett Ave@@@54,Parkridge Dr & Burnett Ave@@@28,,09:15:32,22:15:32,30.076923076923077,,30.076923076923077,,0,0,0,0,0,1,1
16233,Roosevelt Way & 15th St,37,CORBETT,3,005B95,FFFFFF,0,Parkridge Dr & Burnett Ave@@@54,Parkridge Dr & Burnett Ave@@@28,,09:14:37,22:14:37,30.076923076923077,,30.076923076923077,,0,0,0,0,0,1,1
16234,Roosevelt Way & 17th St,37,CORBETT,3,005B95,FFFFFF,1,Masonic Ave & Haight St@@@54,Masonic Ave & Haight St@@@28,,09:15:39,22:13:39,30.076923076923077,,30.076923076923077,,0,0,0,0,0,1,1
16235,Roosevelt Way & 17th St,37,CORBETT,3,005B95,FFFFFF,0,Parkridge Dr & Burnett Ave@@@54,Parkridge Dr & Burnett Ave@@@28,,09:11:39,22:11:39,30.076923076923077,,30.076923076923077,,0,0,0,0,0,1,1
16236,Roosevelt Way & Clifford Ter,37,CORBETT,3,005B95,FFFFFF,0,Parkridge Dr & Burnett Ave@@@54,Parkridge Dr & Burnett Ave@@@28,,09:12:45,22:12:45,30.076923076923077,,30.076923076923077,,0,0,0,0,0,1,1
16237,Roosevelt Way & Clifford Ter,37,CORBETT,3,005B95,FFFFFF,1,Masonic Ave & Haight St@@@54,Masonic Ave & Haight St@@@28,,09:14:41,22:12:41,30.076923076923077,,30.076923076923077,,0,0,0,0,0,1,1
16238,Roosevelt Way & Lower Ter,37,CORBETT,3,005B95,FFFFFF,1,Masonic Ave & Haight St@@@54,Masonic Ave & Haight St@@@28,,09:14:57,22:12:57,30.076923076923077,,30.076923076923077,,0,0,0,0,0,1,1
16239,Roosevelt Way & Lower Ter,37,CORBETT,3,005B95,FFFFFF,0,Parkridge Dr & Burnett Ave@@@54,Parkridge Dr & Burnett Ave@@@28,,09:12:20,22:12:20,30.0,,30.0,,0,0,0,0,0,1,1
16240,Roosevelt Way & Museum Way/Randall Museum,37,CORBETT,3,005B95,FFFFFF,0,Parkridge Dr & Burnett Ave@@@54,Parkridge Dr & Burnett Ave@@@28,,09:13:57,22:13:57,30.076923076923077,,30.076923076923077,,0,0,0,0,0,1,1
16241,Russia Ave & Moscow St,54,FELTON,3,005B95,FFFFFF,0,Daly City BART Stop A2@@@94,Daly City BART Stop A2@@@40,,06:13:25,22:24:41,20.157894736842106,,20.157894736842106,,0,0,0,0,0,1,1
16243,Rutland St & Leland Ave,56,RUTLAND,3,005B95,FFFFFF,0,50 Thomas Mellon Dr@@@64###San Bruno Ave & Arleta Ave@@@20,50 Thomas Mellon Dr@@@42,,07:26:24,21:06:24,20.0,,20.0,,0,0,0,0,0,1,1
16245,Rivera St & 37th Ave,48,QUINTARA-24TH STREET,3,005B95,FFFFFF,1,22nd St Caltrain Station/Iowa@@@108,22nd St Caltrain Station/Iowa@@@42,,05:24:11,24:04:11,20.0,,20.0,,0,0,0,0,0,1,1
16246,Rivera St & 46th Ave,48,QUINTARA-24TH STREET,3,005B95,FFFFFF,1,22nd St Caltrain Station/Iowa@@@108,22nd St Caltrain Station/Iowa@@@42,,05:20:36,24:00:36,20.0,,20.0,,0,0,0,0,0,1,1
16247,Rivera St & 48th Ave,48,QUINTARA-24TH STREET,3,005B95,FFFFFF,1,22nd St Caltrain Station/Iowa@@@108,22nd St Caltrain Station/Iowa@@@42,,05:20:11,24:00:11,20.0,,20.0,,0,0,0,0,0,1,1
16248,Revere Ave & 3rd St,54,FELTON,3,005B95,FFFFFF,1,Newhall St & Hudson@@@96,Newhall St & Hudson@@@40,,06:14:22,22:38:22,20.210526315789473,,20.210526315789473,,0,0,0,0,0,1,1
16249,Revere Ave & 3rd St,54,FELTON,3,005B95,FFFFFF,0,Daly City BART Stop A2@@@94,Daly City BART Stop A2@@@42,,05:52:51,22:03:12,20.0,,20.0,,0,0,0,0,0,1,1
16250,Revere Ave & Ingalls St,54,FELTON,3,005B95,FFFFFF,0,Daly City BART Stop A2@@@94,Daly City BART Stop A2@@@42,,05:55:03,22:05:41,20.0,,20.0,,0,0,0,0,0,1,1
16251,Revere Ave & Jennings St,54,FELTON,3,005B95,FFFFFF,1,Newhall St & Hudson@@@96,Newhall St & Hudson@@@40,,06:12:40,22:36:40,20.210526315789473,,20.210526315789473,,0,0,0,0,0,1,1
16252,Revere Ave & Jennings St,54,FELTON,3,005B95,FFFFFF,0,Daly City BART Stop A2@@@94,Daly City BART Stop A2@@@42,,05:54:25,22:04:58,20.0,,20.0,,0,0,0,0,0,1,1
16253,Revere Ave & Lane St,54,FELTON,3,005B95,FFFFFF,1,Newhall St & Hudson@@@96,Newhall St & Hudson@@@40,,06:13:55,22:37:55,20.210526315789473,,20.210526315789473,,0,0,0,0,0,1,1
16254,Revere Ave & Lane St,54,FELTON,3,005B95,FFFFFF,0,Daly City BART Stop A2@@@94,Daly City BART Stop A2@@@42,,05:53:10,22:03:33,20.0,,20.0,,0,0,0,0,0,1,1
16257,San Jose Ave & Farallones St,M,OCEAN VIEW,0,008547,FFFFFF,1,Metro Embarcadero Station@@@138###The Embarcadero & Folsom St@@@6###Ulloa St & Lenox Way@@@28,Metro Embarcadero Station@@@70,,05:03:06,23:29:49,12.058823529411764,,12.058823529411764,,0,0,0,0,0,1,1
16259,San Jose Ave & Farallones St,M,OCEAN VIEW,0,008547,FFFFFF,0,San Jose Ave & Niagra Ave@@@172,San Jose Ave & Niagra Ave@@@70,,05:57:19,25:06:32,12.147058823529411,,12.147058823529411,,0,0,0,0,0,1,1
16260,San Jose Ave & Geneva Ave,KBUS,INGLESIDE BUS,3,437C93,FFFFFF,1,Steuart St & Mission St@@@24,,,05:00:00,24:00:00,,,,,0,0,0,0,0,1,1
16262,San Jose Ave & Geneva Ave,M,OCEAN VIEW,0,008547,FFFFFF,1,Metro Embarcadero Station@@@138###The Embarcadero & Folsom St@@@6###Ulloa St & Lenox Way@@@28,Metro Embarcadero Station@@@70,,05:01:00,23:27:00,12.058823529411764,,12.058823529411764,,0,0,0,0,0,1,1
16265,San Jose Ave & Lakeview Ave,M,OCEAN VIEW,0,008547,FFFFFF,1,Metro Embarcadero Station@@@138###The Embarcadero & Folsom St@@@6###Ulloa St & Lenox Way@@@28,Metro Embarcadero Station@@@70,,05:02:20,23:28:47,12.058823529411764,,12.058823529411764,,0,0,0,0,0,1,1
16266,San Jose Ave & Lakeview Ave,M,OCEAN VIEW,0,008547,FFFFFF,0,San Jose Ave & Niagra Ave@@@172,San Jose Ave & Niagra Ave@@@70,,05:58:20,25:07:44,12.147058823529411,,12.147058823529411,,0,0,0,0,0,1,1
16274,San Jose Ave & Ocean Ave,J,CHURCH,0,A96614,FFFFFF,0,Balboa Park BART/Mezzanine Level@@@154,Balboa Park BART/Mezzanine Level@@@56,,05:49:55,25:23:55,15.11111111111111,,15.11111111111111,,0,0,0,0,0,1,1
16275,San Jose Ave & Ocean Ave,J,CHURCH,0,A96614,FFFFFF,1,Church St & Duboce Ave@@@30###Metro Embarcadero Station@@@122,Metro Embarcadero Station@@@56,,05:00:34,24:00:34,14.925925925925926,,14.925925925925926,,0,0,0,0,0,1,1
16277,San Jose Ave & Randall St,J,CHURCH,0,A96614,FFFFFF,1,Church St & Duboce Ave@@@30###Metro Embarcadero Station@@@122,Metro Embarcadero Station@@@56,,05:07:26,24:07:26,14.962962962962964,,14.962962962962964,,0,0,0,0,0,1,1
16280,San Jose Ave & Randall St,J,CHURCH,0,A96614,FFFFFF,0,Balboa Park BART/Mezzanine Level@@@154,Balboa Park BART/Mezzanine Level@@@56,,05:42:05,25:16:05,15.074074074074074,,15.074074074074074,,0,0,0,0,0,1,1
16284,San Jose Ave & Santa Rosa Ave,J,CHURCH,0,A96614,FFFFFF,1,Church St & Duboce Ave@@@30###Metro Embarcadero Station@@@122,Metro Embarcadero Station@@@56,,05:02:37,24:02:37,14.962962962962964,,14.962962962962964,,0,0,0,0,0,1,1
16285,San Jose Ave & Santa Rosa Ave,J,CHURCH,0,A96614,FFFFFF,0,Balboa Park BART/Mezzanine Level@@@154,Balboa Park BART/Mezzanine Level@@@56,,05:47:37,25:21:37,15.11111111111111,,15.11111111111111,,0,0,0,0,0,1,1
16287,San Jose Ave & Santa Ynez Ave,J,CHURCH,0,A96614,FFFFFF,0,Balboa Park BART/Mezzanine Level@@@154,Balboa Park BART/Mezzanine Level@@@56,,05:48:49,25:22:49,15.11111111111111,,15.11111111111111,,0,0,0,0,0,1,1
16288,San Jose Ave & Santa Ynez Ave,J,CHURCH,0,A96614,FFFFFF,1,Church St & Duboce Ave@@@30###Metro Embarcadero Station@@@122,Metro Embarcadero Station@@@56,,05:01:31,24:01:31,14.925925925925926,,14.925925925925926,,0,0,0,0,0,1,1
16290,Sacramento St & Battery St,1,CALIFORNIA,3,005B95,FFFFFF,0,Geary Blvd & 33rd Ave@@@206###Sacramento St & Presidio Ave@@@6,Geary Blvd & 33rd Ave@@@86,,05:16:50,24:26:50,9.928571428571429,,9.928571428571429,,0,0,0,0,0,1,1
16290,Sacramento St & Battery St,12,FOLSOM-PACIFIC,3,005B95,FFFFFF,1,Jackson St & Van Ness Ave@@@152,Jackson St & Van Ness Ave@@@82,,06:40:14,22:43:14,10.25,,10.25,,0,0,0,0,0,1,1
16291,Sacramento St & Buchanan St,1,CALIFORNIA,3,005B95,FFFFFF,0,Geary Blvd & 33rd Ave@@@206###Sacramento St & Presidio Ave@@@6,Geary Blvd & 33rd Ave@@@84,,05:27:58,24:36:58,10.0,,10.0,,0,0,0,0,0,1,1
16292,Sacramento St & Buchanan St,1,CALIFORNIA,3,005B95,FFFFFF,1,Clay St & Drumm St@@@212,Clay St & Drumm St@@@84,,04:53:13,24:07:01,9.926829268292684,,9.926829268292684,,0,0,0,0,0,1,1
16293,Sacramento St & Cherry St,33,ASHBURY-18TH ST,3,005B95,FFFFFF,0,25th St & Potrero Ave@@@84,25th St & Potrero Ave@@@38,,06:44:00,21:50:00,21.38888888888889,,21.38888888888889,,0,0,0,0,0,1,1
16294,Sacramento St & Davis St,1,CALIFORNIA,3,005B95,FFFFFF,0,Geary Blvd & 33rd Ave@@@206###Sacramento St & Presidio Ave@@@6,Geary Blvd & 33rd Ave@@@84,,05:15:51,24:25:51,9.926829268292684,,9.926829268292684,,0,0,0,0,0,1,1
16294,Sacramento St & Davis St,12,FOLSOM-PACIFIC,3,005B95,FFFFFF,1,Jackson St & Van Ness Ave@@@152,Jackson St & Van Ness Ave@@@82,,06:39:00,22:42:00,10.25,,10.25,,0,0,0,0,0,1,1
16295,Sacramento St & Fillmore St,1,CALIFORNIA,3,005B95,FFFFFF,0,Geary Blvd & 33rd Ave@@@206###Sacramento St & Presidio Ave@@@6,Geary Blvd & 33rd Ave@@@84,,05:29:00,24:38:00,10.0,,10.0,,0,0,0,0,0,1,1
16296,Sacramento St & Fillmore St,1,CALIFORNIA,3,005B95,FFFFFF,1,Clay St & Drumm St@@@212,Clay St & Drumm St@@@84,,04:52:00,24:06:00,9.926829268292684,,9.926829268292684,,0,0,0,0,0,1,1
16297,Sacramento St & Franklin St,1,CALIFORNIA,3,005B95,FFFFFF,0,Geary Blvd & 33rd Ave@@@206###Sacramento St & Presidio Ave@@@6,Geary Blvd & 33rd Ave@@@84,,05:25:54,24:34:54,9.975609756097562,,9.975609756097562,,0,0,0,0,0,1,1
16298,Sacramento St & Gough St,1,CALIFORNIA,3,005B95,FFFFFF,0,Geary Blvd & 33rd Ave@@@206###Sacramento St & Presidio Ave@@@6,Geary Blvd & 33rd Ave@@@84,,05:26:33,24:35:33,10.0,,10.0,,0,0,0,0,0,1,1
16299,Sacramento St & Grant Ave/Chinatown,1,CALIFORNIA,3,005B95,FFFFFF,0,Geary Blvd & 33rd Ave@@@206###Sacramento St & Presidio Ave@@@6,Geary Blvd & 33rd Ave@@@84,,05:19:41,24:29:01,9.951219512195122,,9.951219512195122,,0,0,0,0,0,1,1
16300,Sacramento St & Hyde St,1,CALIFORNIA,3,005B95,FFFFFF,0,Geary Blvd & 33rd Ave@@@206###Sacramento St & Presidio Ave@@@6,Geary Blvd & 33rd Ave@@@84,,05:23:36,24:32:36,9.951219512195122,,9.951219512195122,,0,0,0,0,0,1,1
16301,Sacramento St & Jones St,1,CALIFORNIA,3,005B95,FFFFFF,0,Geary Blvd & 33rd Ave@@@206###Sacramento St & Presidio Ave@@@6,Geary Blvd & 33rd Ave@@@84,,05:22:33,24:31:33,9.975609756097562,,9.975609756097562,,0,0,0,0,0,1,1
16302,Sacramento St & Kearny St,1,CALIFORNIA,3,005B95,FFFFFF,0,Geary Blvd & 33rd Ave@@@206###Sacramento St & Presidio Ave@@@6,Geary Blvd & 33rd Ave@@@84,,05:18:51,24:28:23,9.926829268292684,,9.926829268292684,,0,0,0,0,0,1,1
16303,Sacramento St & Larkin St,1,CALIFORNIA,3,005B95,FFFFFF,0,Geary Blvd & 33rd Ave@@@206###Sacramento St & Presidio Ave@@@6,Geary Blvd & 33rd Ave@@@86,,05:24:14,24:33:14,9.952380952380953,,9.952380952380953,,0,0,0,0,0,1,1
16304,Sacramento St & Leavenworth St,1,CALIFORNIA,3,005B95,FFFFFF,0,Geary Blvd & 33rd Ave@@@206###Sacramento St & Presidio Ave@@@6,Geary Blvd & 33rd Ave@@@84,,05:23:05,24:32:05,9.975609756097562,,9.975609756097562,,0,0,0,0,0,1,1
16305,Sacramento St & Laguna St,1,CALIFORNIA,3,005B95,FFFFFF,0,Geary Blvd & 33rd Ave@@@206###Sacramento St & Presidio Ave@@@6,Geary Blvd & 33rd Ave@@@84,,05:27:26,24:36:26,9.975609756097562,,9.975609756097562,,0,0,0,0,0,1,1
16306,Sacramento St & Laguna St,1,CALIFORNIA,3,005B95,FFFFFF,1,Clay St & Drumm St@@@212,Clay St & Drumm St@@@84,,04:53:52,24:07:33,9.926829268292684,,9.926829268292684,,0,0,0,0,0,1,1
16307,Sacramento St & Montgomery St,1,CALIFORNIA,3,005B95,FFFFFF,0,Geary Blvd & 33rd Ave@@@206###Sacramento St & Presidio Ave@@@6,Geary Blvd & 33rd Ave@@@86,,05:17:55,24:27:41,9.928571428571429,,9.928571428571429,,0,0,0,0,0,1,1
16309,Sacramento St & Octavia St,1,CALIFORNIA,3,005B95,FFFFFF,0,Geary Blvd & 33rd Ave@@@206###Sacramento St & Presidio Ave@@@6,Geary Blvd & 33rd Ave@@@84,,05:26:59,24:35:59,9.975609756097562,,9.975609756097562,,0,0,0,0,0,1,1
16310,Sacramento St & Octavia St,1,CALIFORNIA,3,005B95,FFFFFF,1,Clay St & Drumm St@@@212,Clay St & Drumm St@@@86,,04:54:34,24:08:09,9.857142857142858,,9.857142857142858,,0,0,0,0,0,1,1
16311,Sacramento St & Polk St,1,CALIFORNIA,3,005B95,FFFFFF,0,Geary Blvd & 33rd Ave@@@206###Sacramento St & Presidio Ave@@@6,Geary Blvd & 33rd Ave@@@86,,05:25:00,24:34:00,9.976190476190476,,9.976190476190476,,0,0,0,0,0,1,1
16312,Sacramento St & Powell St,1,CALIFORNIA,3,005B95,FFFFFF,0,Geary Blvd & 33rd Ave@@@206###Sacramento St & Presidio Ave@@@6,Geary Blvd & 33rd Ave@@@84,,05:21:00,24:30:00,9.951219512195122,,9.951219512195122,,0,0,0,0,0,1,1
16314,Sacramento St & Sansome St,1,CALIFORNIA,3,005B95,FFFFFF,0,Geary Blvd & 33rd Ave@@@206###Sacramento St & Presidio Ave@@@6,Geary Blvd & 33rd Ave@@@86,,05:17:00,24:27:00,9.928571428571429,,9.928571428571429,,0,0,0,0,0,1,1
16315,Sacramento St & Sproule Ln,1,CALIFORNIA,3,005B95,FFFFFF,0,Geary Blvd & 33rd Ave@@@206###Sacramento St & Presidio Ave@@@6,Geary Blvd & 33rd Ave@@@84,,05:21:50,24:30:50,9.951219512195122,,9.951219512195122,,0,0,0,0,0,1,1
16316,Sacramento St & Stockton St/Chinatown,1,CALIFORNIA,3,005B95,FFFFFF,0,Geary Blvd & 33rd Ave@@@206###Sacramento St & Presidio Ave@@@6,Geary Blvd & 33rd Ave@@@84,,05:20:22,24:29:31,9.951219512195122,,9.951219512195122,,0,0,0,0,0,1,1
16317,Sacramento St & Van Ness Ave,1,CALIFORNIA,3,005B95,FFFFFF,0,Geary Blvd & 33rd Ave@@@206###Sacramento St & Presidio Ave@@@6,Geary Blvd & 33rd Ave@@@84,,05:25:20,24:34:20,9.975609756097562,,9.975609756097562,,0,0,0,0,0,1,1
16319,Sacramento St & Webster St,1,CALIFORNIA,3,005B95,FFFFFF,0,Geary Blvd & 33rd Ave@@@206###Sacramento St & Presidio Ave@@@6,Geary Blvd & 33rd Ave@@@84,,05:28:29,24:37:29,10.0,,10.0,,0,0,0,0,0,1,1
16320,Sacramento St & Webster St,1,CALIFORNIA,3,005B95,FFFFFF,1,Clay St & Drumm St@@@212,Clay St & Drumm St@@@84,,04:52:32,24:06:27,9.926829268292684,,9.926829268292684,,0,0,0,0,0,1,1
16321,274 Sagamore St,54,FELTON,3,005B95,FFFFFF,0,Daly City BART Stop A2@@@94,Daly City BART Stop A2@@@42,,06:26:40,22:38:40,20.25,,20.25,,0,0,0,0,0,1,1
16322,Sagamore St & Capitol Ave,54,FELTON,3,005B95,FFFFFF,0,Daly City BART Stop A2@@@94,Daly City BART Stop A2@@@42,,06:25:56,22:37:56,20.25,,20.25,,0,0,0,0,0,1,1
16323,Sagamore St & Capitol Ave,54,FELTON,3,005B95,FFFFFF,1,Newhall St & Hudson@@@96,Newhall St & Hudson@@@42,,05:40:01,22:00:01,20.0,,20.0,,0,0,0,0,0,1,1
16324,Sagamore St & Orizaba Ave,54,FELTON,3,005B95,FFFFFF,1,Newhall St & Hudson@@@96,Newhall St & Hudson@@@42,,05:39:19,21:59:19,20.0,,20.0,,0,0,0,0,0,1,1
16333,Sansome St & Sacramento St,12,FOLSOM-PACIFIC,3,005B95,FFFFFF,1,Jackson St & Van Ness Ave@@@152,Jackson St & Van Ness Ave@@@82,,06:41:00,22:44:00,10.25,,10.25,,0,0,0,0,0,1,1
16337,Sansome St & Washington St,12,FOLSOM-PACIFIC,3,005B95,FFFFFF,1,Jackson St & Van Ness Ave@@@152,Jackson St & Van Ness Ave@@@82,,06:42:14,22:45:14,10.25,,10.25,,0,0,0,0,0,1,1
16348,3800 San Bruno Ave,8,BAYSHORE,3,005B95,FFFFFF,0,City College Terminal@@@260,City College Terminal@@@116,,05:29:59,24:33:55,7.175438596491228,,7.175438596491228,,0,0,0,0,0,1,1
16348,3800 San Bruno Ave,9,SAN BRUNO,3,005B95,FFFFFF,0,Sunnydale Ave / Mclaren School@@@190,Sunnydale Ave / Mclaren School@@@82,,05:54:51,24:48:51,10.35,,10.35,,0,0,0,0,0,1,1
16348,3800 San Bruno Ave,90,SAN BRUNO OWL,3,666666,FFFFFF,0,Bayshore Blvd & Arleta Ave@@@22,,Bayshore Blvd & Arleta Ave@@@16,24:50:24,29:50:24,,30.0,,30.0,0,0,0,0,0,1,1
16350,3801 San Bruno Ave,56,RUTLAND,3,005B95,FFFFFF,1,Visitacion Valley Middle School@@@86,Visitacion Valley Middle School@@@42,,07:06:07,21:06:15,20.0,,20.0,,0,0,0,0,0,1,1
16350,3801 San Bruno Ave,8,BAYSHORE,3,005B95,FFFFFF,1,Kearny St & North Point St@@@264,Kearny St & North Point St@@@120,,05:17:11,24:18:56,7.0,,7.0,,0,0,0,0,0,1,1
16350,3801 San Bruno Ave,9,SAN BRUNO,3,005B95,FFFFFF,1,Market St & Steuart St@@@184,Market St & Steuart St@@@84,,05:13:09,24:00:09,10.0,,10.0,,0,0,0,0,0,1,1
16350,3801 San Bruno Ave,90,SAN BRUNO OWL,3,666666,FFFFFF,1,Van Ness Ave & North Point St@@@20,,Van Ness Ave & North Point St@@@12,24:10:58,28:40:58,,30.0,,30.0,0,0,0,0,0,1,1
16352,San Bruno Ave & Arleta Ave,56,RUTLAND,3,005B95,FFFFFF,1,Visitacion Valley Middle School@@@86,Visitacion Valley Middle School@@@42,,07:05:00,21:05:00,20.0,,20.0,,0,0,0,0,0,1,1
16352,San Bruno Ave & Arleta Ave,8,BAYSHORE,3,005B95,FFFFFF,1,Kearny St & North Point St@@@264,Kearny St & North Point St@@@120,,05:15:52,24:17:46,7.016949152542373,,7.016949152542373,,0,0,0,0,0,1,1
16352,San Bruno Ave & Arleta Ave,9,SAN BRUNO,3,005B95,FFFFFF,1,Market St & Steuart St@@@184,Market St & Steuart St@@@84,,05:12:00,23:59:00,10.0,,10.0,,0,0,0,0,0,1,1
16352,San Bruno Ave & Arleta Ave,90,SAN BRUNO OWL,3,666666,FFFFFF,1,Van Ness Ave & North Point St@@@20,,Van Ness Ave & North Point St@@@12,24:10:00,28:40:00,,30.0,,30.0,0,0,0,0,0,1,1
16355,San Bruno Ave & Bacon St,8,BAYSHORE,3,005B95,FFFFFF,1,Kearny St & North Point St@@@264,Kearny St & North Point St@@@120,,05:22:11,24:23:23,7.016949152542373,,7.016949152542373,,0,0,0,0,0,1,1
16355,San Bruno Ave & Bacon St,9,SAN BRUNO,3,005B95,FFFFFF,1,Market St & Steuart St@@@184,Market St & Steuart St@@@84,,05:17:34,24:04:34,10.0,,10.0,,0,0,0,0,0,1,1
16355,San Bruno Ave & Bacon St,90,SAN BRUNO OWL,3,666666,FFFFFF,1,Van Ness Ave & North Point St@@@20,,Van Ness Ave & North Point St@@@12,24:14:07,28:44:07,,30.0,,30.0,0,0,0,0,0,1,1
16357,San Bruno Ave & Bacon St,8,BAYSHORE,3,005B95,FFFFFF,0,City College Terminal@@@260,City College Terminal@@@118,,05:27:31,24:31:15,7.155172413793103,,7.155172413793103,,0,0,0,0,0,1,1
16357,San Bruno Ave & Bacon St,9,SAN BRUNO,3,005B95,FFFFFF,0,Sunnydale Ave / Mclaren School@@@190,Sunnydale Ave / Mclaren School@@@82,,05:51:16,24:45:16,10.3,,10.3,,0,0,0,0,0,1,1
16357,San Bruno Ave & Bacon St,90,SAN BRUNO OWL,3,666666,FFFFFF,0,Bayshore Blvd & Arleta Ave@@@22,,Bayshore Blvd & Arleta Ave@@@16,24:47:53,29:47:53,,30.0,,30.0,0,0,0,0,0,1,1
16358,San Bruno Ave & Dwight St,8,BAYSHORE,3,005B95,FFFFFF,0,City College Terminal@@@260,City College Terminal@@@116,,05:28:10,24:31:57,7.175438596491228,,7.175438596491228,,0,0,0,0,0,1,1
16358,San Bruno Ave & Dwight St,9,SAN BRUNO,3,005B95,FFFFFF,0,Sunnydale Ave / Mclaren School@@@190,Sunnydale Ave / Mclaren School@@@82,,05:52:12,24:46:12,10.325,,10.325,,0,0,0,0,0,1,1
16358,San Bruno Ave & Dwight St,90,SAN BRUNO OWL,3,666666,FFFFFF,0,Bayshore Blvd & Arleta Ave@@@22,,Bayshore Blvd & Arleta Ave@@@16,24:48:33,29:48:33,,30.0,,30.0,0,0,0,0,0,1,1
16360,San Bruno Ave & Mansell St,8,BAYSHORE,3,005B95,FFFFFF,1,Kearny St & North Point St@@@264,Kearny St & North Point St@@@120,,05:19:32,24:21:02,7.016949152542373,,7.016949152542373,,0,0,0,0,0,1,1
16360,San Bruno Ave & Mansell St,9,SAN BRUNO,3,005B95,FFFFFF,1,Market St & Steuart St@@@184,Market St & Steuart St@@@84,,05:15:14,24:02:14,10.0,,10.0,,0,0,0,0,0,1,1
16360,San Bruno Ave & Mansell St,90,SAN BRUNO OWL,3,666666,FFFFFF,1,Van Ness Ave & North Point St@@@20,,Van Ness Ave & North Point St@@@12,24:12:27,28:42:27,,30.0,,30.0,0,0,0,0,0,1,1
16361,San Bruno Ave & Mansell St,8,BAYSHORE,3,005B95,FFFFFF,0,City College Terminal@@@260,City College Terminal@@@116,,05:28:36,24:32:25,7.157894736842105,,7.157894736842105,,0,0,0,0,0,1,1
16361,San Bruno Ave & Mansell St,9,SAN BRUNO,3,005B95,FFFFFF,0,Sunnydale Ave / Mclaren School@@@190,Sunnydale Ave / Mclaren School@@@82,,05:52:51,24:46:51,10.325,,10.325,,0,0,0,0,0,1,1
16361,San Bruno Ave & Mansell St,90,SAN BRUNO OWL,3,666666,FFFFFF,0,Bayshore Blvd & Arleta Ave@@@22,,Bayshore Blvd & Arleta Ave@@@16,24:49:00,29:49:00,,30.0,,30.0,0,0,0,0,0,1,1
16362,San Bruno Ave & Paul Ave,8,BAYSHORE,3,005B95,FFFFFF,1,Kearny St & North Point St@@@264,Kearny St & North Point St@@@120,,05:20:43,24:22:05,7.016949152542373,,7.016949152542373,,0,0,0,0,0,1,1
16362,San Bruno Ave & Paul Ave,9,SAN BRUNO,3,005B95,FFFFFF,1,Market St & Steuart St@@@184,Market St & Steuart St@@@84,,05:16:16,24:03:16,9.975609756097562,,9.975609756097562,,0,0,0,0,0,1,1
16362,San Bruno Ave & Paul Ave,90,SAN BRUNO OWL,3,666666,FFFFFF,1,Van Ness Ave & North Point St@@@20,,Van Ness Ave & North Point St@@@12,24:13:12,28:43:12,,30.0,,30.0,0,0,0,0,0,1,1
16363,San Bruno Ave & Paul Ave,29,SUNSET,3,005B95,FFFFFF,0,Fitzgerald Ave & Keith St@@@168,Fitzgerald Ave & Keith St@@@68,,05:44:47,24:43:47,12.424242424242424,,12.424242424242424,,0,0,0,0,0,1,1
16364,San Bruno Ave & Silver Ave,8,BAYSHORE,3,005B95,FFFFFF,1,Kearny St & North Point St@@@264,Kearny St & North Point St@@@120,,05:24:00,24:25:00,7.016949152542373,,7.016949152542373,,0,0,0,0,0,1,1
16364,San Bruno Ave & Silver Ave,9,SAN BRUNO,3,005B95,FFFFFF,1,Market St & Steuart St@@@184,Market St & Steuart St@@@84,,05:19:00,24:06:00,9.975609756097562,,9.975609756097562,,0,0,0,0,0,1,1
16364,San Bruno Ave & Silver Ave,90,SAN BRUNO OWL,3,666666,FFFFFF,1,Van Ness Ave & North Point St@@@20,,Van Ness Ave & North Point St@@@12,24:15:00,28:45:00,,30.0,,30.0,0,0,0,0,0,1,1
16365,San Bruno Ave & Silver Ave,9,SAN BRUNO,3,005B95,FFFFFF,0,Sunnydale Ave / Mclaren School@@@190,Sunnydale Ave / Mclaren School@@@80,,05:50:00,24:44:00,10.23076923076923,,10.23076923076923,,0,0,0,0,0,1,1
16365,San Bruno Ave & Silver Ave,90,SAN BRUNO OWL,3,666666,FFFFFF,0,Bayshore Blvd & Arleta Ave@@@22,,Bayshore Blvd & Arleta Ave@@@16,24:47:00,29:47:00,,30.0,,30.0,0,0,0,0,0,1,1
16366,San Bruno Ave & Somerset St,8,BAYSHORE,3,005B95,FFFFFF,0,City College Terminal@@@260,City College Terminal@@@116,,05:30:17,24:34:14,7.175438596491228,,7.175438596491228,,0,0,0,0,0,1,1
16366,San Bruno Ave & Somerset St,9,SAN BRUNO,3,005B95,FFFFFF,0,Sunnydale Ave / Mclaren School@@@190,Sunnydale Ave / Mclaren School@@@82,,05:55:17,24:49:17,10.325,,10.325,,0,0,0,0,0,1,1
16366,San Bruno Ave & Somerset St,90,SAN BRUNO OWL,3,666666,FFFFFF,0,Bayshore Blvd & Arleta Ave@@@22,,Bayshore Blvd & Arleta Ave@@@16,24:50:42,29:50:42,,30.0,,30.0,0,0,0,0,0,1,1
16367,San Bruno Ave & Thornton Ave,8,BAYSHORE,3,005B95,FFFFFF,1,Kearny St & North Point St@@@264,Kearny St & North Point St@@@118,,05:23:04,24:24:10,7.017241379310345,,7.017241379310345,,0,0,0,0,0,1,1
16367,San Bruno Ave & Thornton Ave,9,SAN BRUNO,3,005B95,FFFFFF,1,Market St & Steuart St@@@184,Market St & Steuart St@@@84,,05:18:20,24:05:20,9.975609756097562,,9.975609756097562,,0,0,0,0,0,1,1
16367,San Bruno Ave & Thornton Ave,90,SAN BRUNO OWL,3,666666,FFFFFF,1,Van Ness Ave & North Point St@@@20,,Van Ness Ave & North Point St@@@12,24:14:40,28:44:40,,30.0,,30.0,0,0,0,0,0,1,1
16369,San Bruno Ave & Ward St,8,BAYSHORE,3,005B95,FFFFFF,0,City College Terminal@@@260,City College Terminal@@@116,,05:29:06,24:32:57,7.175438596491228,,7.175438596491228,,0,0,0,0,0,1,1
16369,San Bruno Ave & Ward St,9,SAN BRUNO,3,005B95,FFFFFF,0,Sunnydale Ave / Mclaren School@@@190,Sunnydale Ave / Mclaren School@@@82,,05:53:34,24:47:34,10.325,,10.325,,0,0,0,0,0,1,1
16369,San Bruno Ave & Ward St,90,SAN BRUNO OWL,3,666666,FFFFFF,0,Bayshore Blvd & Arleta Ave@@@22,,Bayshore Blvd & Arleta Ave@@@16,24:49:30,29:49:30,,30.0,,30.0,0,0,0,0,0,1,1
16371,San Bruno Ave & Wilde Ave,8,BAYSHORE,3,005B95,FFFFFF,0,City College Terminal@@@260,City College Terminal@@@116,,05:29:31,24:33:24,7.157894736842105,,7.157894736842105,,0,0,0,0,0,1,1
16371,San Bruno Ave & Wilde Ave,9,SAN BRUNO,3,005B95,FFFFFF,0,Sunnydale Ave / Mclaren School@@@190,Sunnydale Ave / Mclaren School@@@82,,05:54:10,24:48:10,10.35,,10.35,,0,0,0,0,0,1,1
16371,San Bruno Ave & Wilde Ave,90,SAN BRUNO OWL,3,666666,FFFFFF,0,Bayshore Blvd & Arleta Ave@@@22,,Bayshore Blvd & Arleta Ave@@@16,24:49:55,29:49:55,,30.0,,30.0,0,0,0,0,0,1,1
16372,San Bruno Ave & Woolsey St,9,SAN BRUNO,3,005B95,FFFFFF,0,Sunnydale Ave / Mclaren School@@@190,Sunnydale Ave / Mclaren School@@@82,,05:51:53,24:45:53,10.3,,10.3,,0,0,0,0,0,1,1
16372,San Bruno Ave & Woolsey St,90,SAN BRUNO OWL,3,666666,FFFFFF,0,Bayshore Blvd & Arleta Ave@@@22,,Bayshore Blvd & Arleta Ave@@@16,24:48:19,29:48:19,,30.0,,30.0,0,0,0,0,0,1,1
16373,San Bruno Ave & Wayland St,8,BAYSHORE,3,005B95,FFFFFF,1,Kearny St & North Point St@@@264,Kearny St & North Point St@@@120,,05:21:34,24:22:50,7.016949152542373,,7.016949152542373,,0,0,0,0,0,1,1
16373,San Bruno Ave & Wayland St,9,SAN BRUNO,3,005B95,FFFFFF,1,Market St & Steuart St@@@184,Market St & Steuart St@@@84,,05:17:01,24:04:01,9.975609756097562,,9.975609756097562,,0,0,0,0,0,1,1
16373,San Bruno Ave & Wayland St,90,SAN BRUNO OWL,3,666666,FFFFFF,1,Van Ness Ave & North Point St@@@20,,Van Ness Ave & North Point St@@@12,24:13:44,28:43:44,,30.0,,30.0,0,0,0,0,0,1,1
16374,Santa Clara Ave & Monterey Blvd,23,MONTEREY,3,005B95,FFFFFF,1,Palou Ave & 3rd St@@@66,Palou Ave & 3rd St@@@28,,06:16:59,22:16:59,30.076923076923077,,30.076923076923077,,0,0,0,0,0,1,1
16375,Santa Clara Ave & Saint Francis Blvd,23,MONTEREY,3,005B95,FFFFFF,0,Sloat Blvd & 47th Ave@@@66,Sloat Blvd & 47th Ave@@@28,,06:35:44,22:33:57,30.0,,30.0,,0,0,0,0,0,1,1
16382,Schwerin St & Garrison Ave,9,SAN BRUNO,3,005B95,FFFFFF,0,Sunnydale Ave / Mclaren School@@@190,Sunnydale Ave / Mclaren School@@@80,,05:58:48,24:52:48,10.35897435897436,,10.35897435897436,,0,0,0,0,0,1,1
16383,Schwerin St & Garrison Ave,9,SAN BRUNO,3,005B95,FFFFFF,1,Market St & Steuart St@@@184,Market St & Steuart St@@@84,,05:07:48,23:55:30,10.0,,10.0,,0,0,0,0,0,1,1
16384,Schwerin St & Geneva Ave,9,SAN BRUNO,3,005B95,FFFFFF,0,Sunnydale Ave / Mclaren School@@@190,Sunnydale Ave / Mclaren School@@@80,,05:59:37,24:53:37,10.35897435897436,,10.35897435897436,,0,0,0,0,0,1,1
16385,Schwerin St & Macdonald Ave,9,SAN BRUNO,3,005B95,FFFFFF,1,Market St & Steuart St@@@184,Market St & Steuart St@@@84,,05:06:54,23:54:45,10.0,,10.0,,0,0,0,0,0,1,1
16386,Schwerin St & Sunnydale Ave,8,BAYSHORE,3,005B95,FFFFFF,1,Kearny St & North Point St@@@264,Kearny St & North Point St@@@118,,05:12:10,24:14:10,7.017241379310345,,7.017241379310345,,0,0,0,0,0,1,1
16386,Schwerin St & Sunnydale Ave,9,SAN BRUNO,3,005B95,FFFFFF,1,Market St & Steuart St@@@184,Market St & Steuart St@@@84,,05:08:20,23:55:57,10.0,,10.0,,0,0,0,0,0,1,1
16387,Schwerin St & Sunnydale Ave,8,BAYSHORE,3,005B95,FFFFFF,0,City College Terminal@@@260,City College Terminal@@@116,,05:35:28,24:40:18,7.2105263157894735,,7.2105263157894735,,0,0,0,0,0,1,1
16387,Schwerin St & Sunnydale Ave,9,SAN BRUNO,3,005B95,FFFFFF,0,Sunnydale Ave / Mclaren School@@@190,Sunnydale Ave / Mclaren School@@@80,,05:58:30,24:52:30,10.384615384615385,,10.384615384615385,,0,0,0,0,0,1,1
16388,Schwerin St & Velasco Ave,9,SAN BRUNO,3,005B95,FFFFFF,1,Market St & Steuart St@@@184,Market St & Steuart St@@@84,,05:07:27,23:55:12,10.0,,10.0,,0,0,0,0,0,1,1
16389,Schwerin St & Velasco Ave,9,SAN BRUNO,3,005B95,FFFFFF,0,Sunnydale Ave / Mclaren School@@@190,Sunnydale Ave / Mclaren School@@@80,,05:59:09,24:53:09,10.384615384615385,,10.384615384615385,,0,0,0,0,0,1,1
16393,Silver Ave & Alemany Blvd,44,O'SHAUGHNESSY,3,005B95,FFFFFF,1,Bosworth St & Diamond St@@@20###California St & 6th Ave@@@170,California St & 6th Ave@@@70,Bosworth St & Diamond St@@@14,05:20:35,29:28:27,12.0,31.666666666666668,12.0,31.666666666666668,0,0,0,0,0,1,1
16393,Silver Ave & Alemany Blvd,52,EXCELSIOR,3,005B95,FFFFFF,1,Laguna Honda Blvd/Forest Hill Sta@@@58,Laguna Honda Blvd/Forest Hill Sta@@@28,,08:07:51,22:07:29,30.307692307692307,,30.307692307692307,,0,0,0,0,0,1,1
16394,Silver Ave & Alemany Blvd,44,O'SHAUGHNESSY,3,005B95,FFFFFF,0,Hudson Ave & 3rd St@@@186,Hudson Ave & 3rd St@@@68,Hudson Ave & 3rd St@@@14,06:19:26,29:37:11,12.090909090909092,32.166666666666664,12.090909090909092,32.166666666666664,0,0,0,0,0,1,1
16394,Silver Ave & Alemany Blvd,52,EXCELSIOR,3,005B95,FFFFFF,0,Dublin St & La Grande Ave@@@58,Dublin St & La Grande Ave@@@28,,08:24:10,22:24:42,30.076923076923077,,30.076923076923077,,0,0,0,0,0,1,1
16395,Silver Ave & Augusta St,44,O'SHAUGHNESSY,3,005B95,FFFFFF,1,Bosworth St & Diamond St@@@20###California St & 6th Ave@@@170,California St & 6th Ave@@@70,Bosworth St & Diamond St@@@14,05:12:49,29:22:03,12.0,31.666666666666668,12.0,31.666666666666668,0,0,0,0,0,1,1
16396,Silver Ave & Boylston St,44,O'SHAUGHNESSY,3,005B95,FFFFFF,1,Bosworth St & Diamond St@@@20###California St & 6th Ave@@@170,California St & 6th Ave@@@70,Bosworth St & Diamond St@@@14,05:15:17,29:24:04,12.0,31.666666666666668,12.0,31.666666666666668,0,0,0,0,0,1,1
16397,Silver Ave & Bay Shore Blvd,44,O'SHAUGHNESSY,3,005B95,FFFFFF,0,Hudson Ave & 3rd St@@@186,Hudson Ave & 3rd St@@@70,Hudson Ave & 3rd St@@@16,06:26:29,29:44:24,12.205882352941176,31.857142857142858,12.205882352941176,31.857142857142858,0,0,0,0,0,1,1
16398,Silver Ave & Cambridge St,44,O'SHAUGHNESSY,3,005B95,FFFFFF,1,Bosworth St & Diamond St@@@20###California St & 6th Ave@@@170,California St & 6th Ave@@@72,Bosworth St & Diamond St@@@14,05:17:26,29:25:51,12.0,31.666666666666668,12.0,31.666666666666668,0,0,0,0,0,1,1
16399,Silver Ave & Cambridge St,44,O'SHAUGHNESSY,3,005B95,FFFFFF,0,Hudson Ave & 3rd St@@@186,Hudson Ave & 3rd St@@@68,Hudson Ave & 3rd St@@@14,06:22:49,29:40:49,12.121212121212121,32.166666666666664,12.121212121212121,32.166666666666664,0,0,0,0,0,1,1
16400,Silver Ave & Charter Oak Ave,44,O'SHAUGHNESSY,3,005B95,FFFFFF,1,Bosworth St & Diamond St@@@20###California St & 6th Ave@@@170,California St & 6th Ave@@@70,Bosworth St & Diamond St@@@14,05:13:25,29:22:32,12.0,31.666666666666668,12.0,31.666666666666668,0,0,0,0,0,1,1
16401,Silver Ave & Congdon St,44,O'SHAUGHNESSY,3,005B95,FFFFFF,1,Bosworth St & Diamond St@@@20###California St & 6th Ave@@@170,California St & 6th Ave@@@70,Bosworth St & Diamond St@@@14,05:18:57,29:27:07,12.0,31.666666666666668,12.0,31.666666666666668,0,0,0,0,0,1,1
16402,Silver Ave & Congdon St,44,O'SHAUGHNESSY,3,005B95,FFFFFF,0,Hudson Ave & 3rd St@@@186,Hudson Ave & 3rd St@@@68,Hudson Ave & 3rd St@@@14,06:21:12,29:39:12,12.121212121212121,32.166666666666664,12.121212121212121,32.166666666666664,0,0,0,0,0,1,1
16404,Silver Ave & Dartmouth St,44,O'SHAUGHNESSY,3,005B95,FFFFFF,0,Hudson Ave & 3rd St@@@186,Hudson Ave & 3rd St@@@70,Hudson Ave & 3rd St@@@14,06:24:21,29:42:21,12.205882352941176,32.166666666666664,12.205882352941176,32.166666666666664,0,0,0,0,0,1,1
16405,Silver Ave & Dartmouth St,44,O'SHAUGHNESSY,3,005B95,FFFFFF,1,Bosworth St & Diamond St@@@20###California St & 6th Ave@@@170,California St & 6th Ave@@@70,Bosworth St & Diamond St@@@14,05:16:00,29:24:40,12.0,31.666666666666668,12.0,31.666666666666668,0,0,0,0,0,1,1
16406,Silver Ave & Gambier St,44,O'SHAUGHNESSY,3,005B95,FFFFFF,1,Bosworth St & Diamond St@@@20###California St & 6th Ave@@@170,California St & 6th Ave@@@70,Bosworth St & Diamond St@@@14,05:18:11,29:26:29,12.0,31.666666666666668,12.0,31.666666666666668,0,0,0,0,0,1,1
16407,Silver Ave & Gambier St,44,O'SHAUGHNESSY,3,005B95,FFFFFF,0,Hudson Ave & 3rd St@@@186,Hudson Ave & 3rd St@@@68,Hudson Ave & 3rd St@@@14,06:21:58,29:39:58,12.121212121212121,32.166666666666664,12.121212121212121,32.166666666666664,0,0,0,0,0,1,1
16408,Silver Ave & Holyoke St,44,O'SHAUGHNESSY,3,005B95,FFFFFF,0,Hudson Ave & 3rd St@@@186,Hudson Ave & 3rd St@@@70,Hudson Ave & 3rd St@@@16,06:25:04,29:43:04,12.205882352941176,31.857142857142858,12.205882352941176,31.857142857142858,0,0,0,0,0,1,1
16410,Silver Ave & Lisbon St,44,O'SHAUGHNESSY,3,005B95,FFFFFF,0,Hudson Ave & 3rd St@@@186,Hudson Ave & 3rd St@@@68,Hudson Ave & 3rd St@@@14,06:20:34,29:38:34,12.121212121212121,32.166666666666664,12.121212121212121,32.166666666666664,0,0,0,0,0,1,1
16411,Silver Ave & Merrill St,44,O'SHAUGHNESSY,3,005B95,FFFFFF,1,Bosworth St & Diamond St@@@20###California St & 6th Ave@@@170,California St & 6th Ave@@@70,Bosworth St & Diamond St@@@14,05:14:47,29:23:39,12.0,31.666666666666668,12.0,31.666666666666668,0,0,0,0,0,1,1
16412,Silver Ave & Merrill St,44,O'SHAUGHNESSY,3,005B95,FFFFFF,0,Hudson Ave & 3rd St@@@186,Hudson Ave & 3rd St@@@70,Hudson Ave & 3rd St@@@16,06:25:22,29:43:22,12.205882352941176,31.857142857142858,12.205882352941176,31.857142857142858,0,0,0,0,0,1,1
16413,Silver Ave & Mission St,52,EXCELSIOR,3,005B95,FFFFFF,1,Laguna Honda Blvd/Forest Hill Sta@@@58,Laguna Honda Blvd/Forest Hill Sta@@@28,,08:07:12,22:06:57,30.307692307692307,,30.307692307692307,,0,0,0,0,0,1,1
16414,Silver Ave & Mission St,44,O'SHAUGHNESSY,3,005B95,FFFFFF,1,Bosworth St & Diamond St@@@20###California St & 6th Ave@@@170,California St & 6th Ave@@@70,Bosworth St & Diamond St@@@14,05:20:00,29:28:00,12.0,31.666666666666668,12.0,31.666666666666668,0,0,0,0,0,1,1
16415,Silver Ave & Mission St,44,O'SHAUGHNESSY,3,005B95,FFFFFF,0,Hudson Ave & 3rd St@@@186,Hudson Ave & 3rd St@@@68,Hudson Ave & 3rd St@@@14,06:20:00,29:38:00,12.121212121212121,32.166666666666664,12.121212121212121,32.166666666666664,0,0,0,0,0,1,1
16416,Silver Ave & Palou Ave,44,O'SHAUGHNESSY,3,005B95,FFFFFF,0,Hudson Ave & 3rd St@@@186,Hudson Ave & 3rd St@@@68,Hudson Ave & 3rd St@@@16,06:29:34,29:46:58,12.212121212121213,31.857142857142858,12.212121212121213,31.857142857142858,0,0,0,0,0,1,1
16417,Silver Ave & Princeton St,44,O'SHAUGHNESSY,3,005B95,FFFFFF,1,Bosworth St & Diamond St@@@20###California St & 6th Ave@@@170,California St & 6th Ave@@@70,Bosworth St & Diamond St@@@14,05:16:38,29:25:12,12.0,31.666666666666668,12.0,31.666666666666668,0,0,0,0,0,1,1
16418,Silver Ave & Princeton St,44,O'SHAUGHNESSY,3,005B95,FFFFFF,0,Hudson Ave & 3rd St@@@186,Hudson Ave & 3rd St@@@68,Hudson Ave & 3rd St@@@14,06:23:31,29:41:31,12.121212121212121,32.166666666666664,12.121212121212121,32.166666666666664,0,0,0,0,0,1,1
16419,Silver Ave & Revere Ave,44,O'SHAUGHNESSY,3,005B95,FFFFFF,0,Hudson Ave & 3rd St@@@186,Hudson Ave & 3rd St@@@70,Hudson Ave & 3rd St@@@16,06:28:49,29:46:21,12.205882352941176,31.857142857142858,12.205882352941176,31.857142857142858,0,0,0,0,0,1,1
16420,Silver Ave & Revere Ave,44,O'SHAUGHNESSY,3,005B95,FFFFFF,1,Bosworth St & Diamond St@@@20###California St & 6th Ave@@@170,California St & 6th Ave@@@70,Bosworth St & Diamond St@@@14,05:11:36,29:21:04,12.0,31.666666666666668,12.0,31.666666666666668,0,0,0,0,0,1,1
16421,Silver Ave & San Bruno Ave,44,O'SHAUGHNESSY,3,005B95,FFFFFF,0,Hudson Ave & 3rd St@@@186,Hudson Ave & 3rd St@@@70,Hudson Ave & 3rd St@@@16,06:26:00,29:44:00,12.205882352941176,31.857142857142858,12.205882352941176,31.857142857142858,0,0,0,0,0,1,1
16422,Silver Ave & San Bruno Ave,44,O'SHAUGHNESSY,3,005B95,FFFFFF,1,Bosworth St & Diamond St@@@20###California St & 6th Ave@@@170,California St & 6th Ave@@@70,Bosworth St & Diamond St@@@14,05:14:00,29:23:00,12.0,31.666666666666668,12.0,31.666666666666668,0,0,0,0,0,1,1
16424,Silver Ave & Topeka Ave,44,O'SHAUGHNESSY,3,005B95,FFFFFF,1,Bosworth St & Diamond St@@@20###California St & 6th Ave@@@170,California St & 6th Ave@@@70,Bosworth St & Diamond St@@@14,05:12:18,29:21:38,12.0,31.666666666666668,12.0,31.666666666666668,0,0,0,0,0,1,1
16425,Starr King Way & Gough St,38,GEARY,3,005B95,FFFFFF,1,Transit Center Bay D@@@228,Transit Center Bay D@@@82,Transit Center Bay D@@@16,05:56:44,29:38:59,10.05,30.0,10.05,30.0,0,0,0,0,0,1,1
16426,Skyview Way & Aquavista Way,36,TERESITA,3,005B95,FFFFFF,1,Laguna Honda Blvd/Forest Hill Sta@@@58,Laguna Honda Blvd/Forest Hill Sta@@@28,,08:57:17,22:49:17,30.0,,30.0,,0,0,0,0,0,1,1
16427,Skyview Way & City View Way,36,TERESITA,3,005B95,FFFFFF,1,Laguna Honda Blvd/Forest Hill Sta@@@58,Laguna Honda Blvd/Forest Hill Sta@@@28,,08:57:50,22:49:50,30.0,,30.0,,0,0,0,0,0,1,1
16428,Skyview Way & Gladeview Dr,36,TERESITA,3,005B95,FFFFFF,1,Laguna Honda Blvd/Forest Hill Sta@@@58,Laguna Honda Blvd/Forest Hill Sta@@@28,,08:57:35,22:49:35,30.0,,30.0,,0,0,0,0,0,1,1
16429,Skyline Blvd & Zoo Rd,58,LAKE MERCED,3,005B95,FFFFFF,1,Buckingham Ave & 19th Ave@@@66,Buckingham Ave & 19th Ave@@@28,,06:24:53,22:24:53,30.0,,30.0,,0,0,0,0,0,1,1
16431,Skyline Blvd & Harding Rd,58,LAKE MERCED,3,005B95,FFFFFF,1,Buckingham Ave & 19th Ave@@@66,Buckingham Ave & 19th Ave@@@28,,06:24:20,22:24:20,30.0,,30.0,,0,0,0,0,0,1,1
16432,Skyline Blvd & Lake Merced Blvd,58,LAKE MERCED,3,005B95,FFFFFF,1,Buckingham Ave & 19th Ave@@@66,Buckingham Ave & 19th Ave@@@28,,06:25:54,22:25:54,30.0,,30.0,,0,0,0,0,0,1,1
16433,Skyline Blvd & Sloat Blvd,18,46TH AVENUE,3,005B95,FFFFFF,1,33rd Ave & Geary Blvd@@@22###Legion Of Honor@@@74,Legion Of Honor@@@42,,06:15:39,22:05:39,20.05,,20.05,,0,0,0,0,0,1,1
16434,Skyline Blvd & Sloat Blvd,18,46TH AVENUE,3,005B95,FFFFFF,0,19th Ave & Buckingham/Stonestown@@@96,19th Ave & Buckingham/Stonestown@@@42,,06:23:44,22:24:59,20.05,,20.05,,0,0,0,0,0,1,1
16434,Skyline Blvd & Sloat Blvd,58,LAKE MERCED,3,005B95,FFFFFF,0,Mission St & Flournoy@@@66,Mission St & Flournoy@@@28,,06:09:01,22:09:01,30.0,,30.0,,0,0,0,0,0,1,1
16435,Sloat Blvd & 19th Ave,23,MONTEREY,3,005B95,FFFFFF,0,Sloat Blvd & 47th Ave@@@66,Sloat Blvd & 47th Ave@@@28,,06:37:28,22:35:28,30.0,,30.0,,0,0,0,0,0,1,1
16436,Sloat Blvd & 19th Ave,23,MONTEREY,3,005B95,FFFFFF,1,Palou Ave & 3rd St@@@66,Palou Ave & 3rd St@@@28,,06:14:24,22:14:24,30.076923076923077,,30.076923076923077,,0,0,0,0,0,1,1
16437,Sloat Blvd & 21st Ave,23,MONTEREY,3,005B95,FFFFFF,0,Sloat Blvd & 47th Ave@@@66,Sloat Blvd & 47th Ave@@@28,,06:38:00,22:36:00,30.0,,30.0,,0,0,0,0,0,1,1
16438,Sloat Blvd & 21st Ave,23,MONTEREY,3,005B95,FFFFFF,1,Palou Ave & 3rd St@@@66,Palou Ave & 3rd St@@@28,,06:14:01,22:14:01,30.076923076923077,,30.076923076923077,,0,0,0,0,0,1,1
16439,Sloat Blvd & 23rd Ave,23,MONTEREY,3,005B95,FFFFFF,1,Palou Ave & 3rd St@@@66,Palou Ave & 3rd St@@@28,,06:13:34,22:13:34,30.076923076923077,,30.076923076923077,,0,0,0,0,0,1,1
16440,Sloat Blvd & 26th Ave,23,MONTEREY,3,005B95,FFFFFF,1,Palou Ave & 3rd St@@@66,Palou Ave & 3rd St@@@28,,06:13:05,22:13:05,30.076923076923077,,30.076923076923077,,0,0,0,0,0,1,1
16441,Sloat Blvd & 34th Ave,23,MONTEREY,3,005B95,FFFFFF,0,Sloat Blvd & 47th Ave@@@66,Sloat Blvd & 47th Ave@@@28,,06:40:36,22:38:36,30.0,,30.0,,0,0,0,0,0,1,1
16442,Sloat Blvd & 36th Ave,23,MONTEREY,3,005B95,FFFFFF,0,Sloat Blvd & 47th Ave@@@66,Sloat Blvd & 47th Ave@@@28,,06:40:56,22:38:56,30.076923076923077,,30.076923076923077,,0,0,0,0,0,1,1
16442,Sloat Blvd & 36th Ave,58,LAKE MERCED,3,005B95,FFFFFF,0,Mission St & Flournoy@@@66,Mission St & Flournoy@@@28,,06:07:57,22:07:57,30.0,,30.0,,0,0,0,0,0,1,1
16443,Sloat Blvd & 36th Ave,23,MONTEREY,3,005B95,FFFFFF,1,Palou Ave & 3rd St@@@66,Palou Ave & 3rd St@@@28,,06:10:55,22:10:55,30.0,,30.0,,0,0,0,0,0,1,1
16445,Sloat Blvd & 39th Ave,23,MONTEREY,3,005B95,FFFFFF,0,Sloat Blvd & 47th Ave@@@66,Sloat Blvd & 47th Ave@@@28,,06:41:33,22:39:33,30.076923076923077,,30.076923076923077,,0,0,0,0,0,1,1
16446,Sloat Blvd & 41st Ave,18,46TH AVENUE,3,005B95,FFFFFF,1,33rd Ave & Geary Blvd@@@22###Legion Of Honor@@@74,Legion Of Honor@@@42,,06:16:08,22:06:08,20.05,,20.05,,0,0,0,0,0,1,1
16446,Sloat Blvd & 41st Ave,23,MONTEREY,3,005B95,FFFFFF,0,Sloat Blvd & 47th Ave@@@66,Sloat Blvd & 47th Ave@@@28,,06:42:04,22:40:04,30.076923076923077,,30.076923076923077,,0,0,0,0,0,1,1
16447,Sloat Blvd & 41st Ave,18,46TH AVENUE,3,005B95,FFFFFF,0,19th Ave & Buckingham/Stonestown@@@96,19th Ave & Buckingham/Stonestown@@@42,,06:23:11,22:24:21,20.05,,20.05,,0,0,0,0,0,1,1
16447,Sloat Blvd & 41st Ave,23,MONTEREY,3,005B95,FFFFFF,1,Palou Ave & 3rd St@@@66,Palou Ave & 3rd St@@@28,,06:09:51,22:09:51,30.0,,30.0,,0,0,0,0,0,1,1
16450,Sloat Blvd & 45th Ave,18,46TH AVENUE,3,005B95,FFFFFF,1,33rd Ave & Geary Blvd@@@22###Legion Of Honor@@@74,Legion Of Honor@@@42,,06:16:49,22:06:49,20.05,,20.05,,0,0,0,0,0,1,1
16450,Sloat Blvd & 45th Ave,23,MONTEREY,3,005B95,FFFFFF,0,Sloat Blvd & 47th Ave@@@66,Sloat Blvd & 47th Ave@@@28,,06:42:51,22:40:51,30.076923076923077,,30.076923076923077,,0,0,0,0,0,1,1
16451,Sloat Blvd & 45th Ave,18,46TH AVENUE,3,005B95,FFFFFF,0,19th Ave & Buckingham/Stonestown@@@96,19th Ave & Buckingham/Stonestown@@@42,,06:22:30,22:23:35,20.05,,20.05,,0,0,0,0,0,1,1
16451,Sloat Blvd & 45th Ave,23,MONTEREY,3,005B95,FFFFFF,1,Palou Ave & 3rd St@@@66,Palou Ave & 3rd St@@@28,,06:09:02,22:09:02,30.0,,30.0,,0,0,0,0,0,1,1
16453,Sloat Blvd & 47th Ave,23,MONTEREY,3,005B95,FFFFFF,1,Palou Ave & 3rd St@@@66,Palou Ave & 3rd St@@@28,,06:08:00,22:08:00,30.0,,30.0,,0,0,0,0,0,1,1
16454,Sloat Blvd & Clearfield Dr,23,MONTEREY,3,005B95,FFFFFF,1,Palou Ave & 3rd St@@@66,Palou Ave & 3rd St@@@28,,06:11:16,22:11:16,30.076923076923077,,30.076923076923077,,0,0,0,0,0,1,1
16455,Sloat Blvd & Constanso Way,23,MONTEREY,3,005B95,FFFFFF,0,Sloat Blvd & 47th Ave@@@66,Sloat Blvd & 47th Ave@@@28,,06:40:10,22:38:10,30.076923076923077,,30.076923076923077,,0,0,0,0,0,1,1
16456,Sloat Blvd & Crestlake Dr,23,MONTEREY,3,005B95,FFFFFF,0,Sloat Blvd & 47th Ave@@@66,Sloat Blvd & 47th Ave@@@28,,06:38:29,22:36:29,30.0,,30.0,,0,0,0,0,0,1,1
16457,Sloat Blvd & El Mirasol Pl,23,MONTEREY,3,005B95,FFFFFF,0,Sloat Blvd & 47th Ave@@@66,Sloat Blvd & 47th Ave@@@28,,06:39:37,22:37:37,30.0,,30.0,,0,0,0,0,0,1,1
16458,Sloat Blvd & Everglade Dr,23,MONTEREY,3,005B95,FFFFFF,1,Palou Ave & 3rd St@@@66,Palou Ave & 3rd St@@@28,,06:11:39,22:11:39,30.0,,30.0,,0,0,0,0,0,1,1
16459,Sloat Blvd & Forest View Dr,23,MONTEREY,3,005B95,FFFFFF,1,Palou Ave & 3rd St@@@66,Palou Ave & 3rd St@@@28,,06:12:45,22:12:45,30.076923076923077,,30.076923076923077,,0,0,0,0,0,1,1
16460,Sloat Blvd & Paraiso Pl,23,MONTEREY,3,005B95,FFFFFF,0,Sloat Blvd & 47th Ave@@@66,Sloat Blvd & 47th Ave@@@28,,06:38:53,22:36:53,30.0,,30.0,,0,0,0,0,0,1,1
16461,Sloat Blvd & Skyline Blvd,23,MONTEREY,3,005B95,FFFFFF,1,Palou Ave & 3rd St@@@66,Palou Ave & 3rd St@@@28,,06:10:20,22:10:20,30.076923076923077,,30.076923076923077,,0,0,0,0,0,1,1
16462,Sloat Blvd & Sylvan Dr,23,MONTEREY,3,005B95,FFFFFF,1,Palou Ave & 3rd St@@@66,Palou Ave & 3rd St@@@28,,06:12:23,22:12:23,30.0,,30.0,,0,0,0,0,0,1,1
16463,Sloat Blvd & Vale Ave,23,MONTEREY,3,005B95,FFFFFF,0,Sloat Blvd & 47th Ave@@@66,Sloat Blvd & 47th Ave@@@28,,06:39:12,22:37:12,30.0,,30.0,,0,0,0,0,0,1,1
16464,Sloat Blvd & West Portal Ave,23,MONTEREY,3,005B95,FFFFFF,0,Sloat Blvd & 47th Ave@@@66,Sloat Blvd & 47th Ave@@@28,,06:37:00,22:35:00,30.0,,30.0,,0,0,0,0,0,1,1
16465,Sloat Blvd & West Portal Ave,23,MONTEREY,3,005B95,FFFFFF,1,Palou Ave & 3rd St@@@66,Palou Ave & 3rd St@@@28,,06:15:00,22:15:00,30.076923076923077,,30.076923076923077,,0,0,0,0,0,1,1
16467,Santiago St & 14th Ave,48,QUINTARA-24TH STREET,3,005B95,FFFFFF,1,22nd St Caltrain Station/Iowa@@@108,22nd St Caltrain Station/Iowa@@@42,,05:33:07,24:12:23,20.05,,20.05,,0,0,0,0,0,1,1
16468,Santiago St & 17th Ave,48,QUINTARA-24TH STREET,3,005B95,FFFFFF,0,Lower Great Hwy & Rivera St@@@110,Lower Great Hwy & Rivera St@@@42,,05:33:05,24:33:05,20.0,,20.0,,0,0,0,0,0,1,1
16469,South Hill Blvd & Chicago Way,43,MASONIC,3,005B95,FFFFFF,1,Marina Blvd & Laguna St@@@112,Marina Blvd & Laguna St@@@42,,05:01:08,23:51:08,19.95,,19.95,,0,0,0,0,0,1,1
16470,South Hill Blvd & Prague St,43,MASONIC,3,005B95,FFFFFF,0,Munich St & Geneva Ave@@@112,Munich St & Geneva Ave@@@42,,05:56:33,24:49:33,20.75,,20.75,,0,0,0,0,0,1,1
16471,South Hill Blvd & Rolph St,43,MASONIC,3,005B95,FFFFFF,0,Munich St & Geneva Ave@@@112,Munich St & Geneva Ave@@@42,,05:56:11,24:49:11,20.7,,20.7,,0,0,0,0,0,1,1
16472,South Hill Blvd & Rolph St,43,MASONIC,3,005B95,FFFFFF,1,Marina Blvd & Laguna St@@@112,Marina Blvd & Laguna St@@@42,,05:00:44,23:50:44,19.95,,19.95,,0,0,0,0,0,1,1
16475,Spear St & Market St,12,FOLSOM-PACIFIC,3,005B95,FFFFFF,0,Main St & Howard St@@@54###Valencia St & Cesar Chavez St@@@98,Main St & Howard St@@@40###Valencia St & Cesar Chavez St@@@42,,06:14:34,22:16:13,10.0,,10.0,,0,0,0,0,0,1,1
16475,Spear St & Market St,2,SUTTER,3,005B95,FFFFFF,1,Steuart St & Mission St@@@76,Steuart St & Mission St@@@42,,06:46:14,19:10:02,19.95,,19.95,,0,0,0,0,0,1,1
16475,Spear St & Market St,9,SAN BRUNO,3,005B95,FFFFFF,1,Market St & Steuart St@@@184,Market St & Steuart St@@@82,,05:46:14,24:33:14,10.1,,10.1,,0,0,0,0,0,1,1
16475,Spear St & Market St,KBUS,INGLESIDE BUS,3,437C93,FFFFFF,1,Steuart St & Mission St@@@24,,,05:49:04,24:49:04,,,,,0,0,0,0,0,1,1
16478,Stanyan St & Frederick St,7,HAIGHT-NORIEGA,3,005B95,FFFFFF,1,Transit Center Bay E@@@156,Transit Center Bay E@@@68,,05:17:20,24:19:40,12.181818181818182,,12.181818181818182,,0,0,0,0,0,1,1
16479,Stanyan St & Fulton St,33,ASHBURY-18TH ST,3,005B95,FFFFFF,0,25th St & Potrero Ave@@@98,25th St & Potrero Ave@@@42,,05:20:47,21:59:27,19.3,,19.3,,0,0,0,0,0,1,1
16480,Stanyan St & Hayes St,33,ASHBURY-18TH ST,3,005B95,FFFFFF,1,Arguello Blvd & California St@@@14###Sacramento St & Cherry St@@@84,Sacramento St & Cherry St@@@40,,06:28:15,23:15:53,21.05263157894737,,21.05263157894737,,0,0,0,0,0,1,1
16481,Stanyan St & Hayes St,33,ASHBURY-18TH ST,3,005B95,FFFFFF,0,25th St & Potrero Ave@@@98,25th St & Potrero Ave@@@42,,05:21:26,22:00:17,19.3,,19.3,,0,0,0,0,0,1,1
16482,Stanyan St & Oak St,33,ASHBURY-18TH ST,3,005B95,FFFFFF,1,Arguello Blvd & California St@@@14###Sacramento St & Cherry St@@@84,Sacramento St & Cherry St@@@40,,06:27:40,23:15:00,21.05263157894737,,21.05263157894737,,0,0,0,0,0,1,1
16483,Stanyan St & Waller St,7,HAIGHT-NORIEGA,3,005B95,FFFFFF,0,Ortega St & 48th Ave@@@158,Ortega St & 48th Ave@@@70,,05:22:00,24:26:31,12.147058823529411,,12.147058823529411,,0,0,0,0,0,1,1
16484,St Charles Ave & Alemany Blvd,54,FELTON,3,005B95,FFFFFF,0,Daly City BART Stop A2@@@94,Daly City BART Stop A2@@@40,,06:28:51,22:40:51,20.263157894736842,,20.263157894736842,,0,0,0,0,0,1,1
16485,St Charles Ave & Belle Ave,54,FELTON,3,005B95,FFFFFF,0,Daly City BART Stop A2@@@94,Daly City BART Stop A2@@@40,,06:29:23,22:41:23,20.263157894736842,,20.263157894736842,,0,0,0,0,0,1,1
16486,Steiner St & California St,1,CALIFORNIA,3,005B95,FFFFFF,0,Geary Blvd & 33rd Ave@@@206###Sacramento St & Presidio Ave@@@6,Geary Blvd & 33rd Ave@@@84,,05:29:39,24:38:49,10.024390243902438,,10.024390243902438,,0,0,0,0,0,1,1
16487,Steiner St & Green St,22,FILLMORE,3,005B95,FFFFFF,1,Fillmore St & Bay St@@@282,Fillmore St & Bay St@@@112,Fillmore St & Bay St@@@16,05:22:33,29:30:09,7.527272727272727,30.0,7.527272727272727,30.0,0,0,0,0,0,1,1
16488,Steiner St & Green St,22,FILLMORE,3,005B95,FFFFFF,0,Fillmore St & Sutter St@@@16###Mission Bay North & 4th St@@@266,Mission Bay North & 4th St@@@108,Fillmore St & Sutter St@@@2###Mission Bay North & 4th St@@@14,05:38:20,29:46:20,7.679245283018868,28.428571428571427,7.679245283018868,28.428571428571427,0,0,0,0,0,1,1
16489,Steiner St & Sacramento St,1,CALIFORNIA,3,005B95,FFFFFF,1,Clay St & Drumm St@@@212,Clay St & Drumm St@@@84,,04:51:10,24:05:22,9.926829268292684,,9.926829268292684,,0,0,0,0,0,1,1
16490,Steiner St & Union St,22,FILLMORE,3,005B95,FFFFFF,1,Fillmore St & Bay St@@@282,Fillmore St & Bay St@@@114,Fillmore St & Bay St@@@16,05:23:00,29:31:00,7.464285714285714,30.0,7.464285714285714,30.0,0,0,0,0,0,1,1
16491,Steiner St & Union St,22,FILLMORE,3,005B95,FFFFFF,0,Fillmore St & Sutter St@@@16###Mission Bay North & 4th St@@@266,Mission Bay North & 4th St@@@110,Fillmore St & Sutter St@@@2###Mission Bay North & 4th St@@@14,05:38:00,29:46:00,7.666666666666667,28.428571428571427,7.666666666666667,28.428571428571427,0,0,0,0,0,1,1
16492,Steiner St & Vallejo St,22,FILLMORE,3,005B95,FFFFFF,1,Fillmore St & Bay St@@@282,Fillmore St & Bay St@@@112,Fillmore St & Bay St@@@14,05:22:03,29:29:38,7.509090909090909,30.0,7.509090909090909,30.0,0,0,0,0,0,1,1
16493,Steiner St & Vallejo St,22,FILLMORE,3,005B95,FFFFFF,0,Fillmore St & Sutter St@@@16###Mission Bay North & 4th St@@@266,Mission Bay North & 4th St@@@108,Fillmore St & Sutter St@@@2###Mission Bay North & 4th St@@@14,05:38:58,29:46:58,7.69811320754717,28.428571428571427,7.69811320754717,28.428571428571427,0,0,0,0,0,1,1
16497,Steuart St & Mission St,2,SUTTER,3,005B95,FFFFFF,0,Presidio Ave & California St@@@76,Presidio Ave & California St@@@42,,07:01:00,19:24:00,20.1,,20.1,,0,0,0,0,0,1,1
16497,Steuart St & Mission St,KBUS,INGLESIDE BUS,3,437C93,FFFFFF,0,San Jose Ave & Geneva Ave@@@24,,,05:00:00,07:45:00,,,,,0,0,0,0,0,1,1
16498,Steuart St & Mission St,14,MISSION,3,005B95,FFFFFF,0,Mission St & San Jose Ave@@@310,Mission St & San Jose Ave@@@108,Mission St & San Jose Ave@@@28,05:10:00,29:00:00,7.886792452830188,13.384615384615385,7.886792452830188,13.384615384615385,0,0,0,0,0,1,1
16498,Steuart St & Mission St,14R,MISSION RAPID,3,BF2B45,FFFFFF,1,Mission St & Main St@@@184,Mission St & Main St@@@82,,05:45:59,22:52:53,10.2,,10.2,,0,0,0,0,0,1,1
16498,Steuart St & Mission St,NOWL,OWL JUDAH,3,666666,FFFFFF,1,Townsend St & 5th St/Caltrain@@@22,,Townsend St & 5th St/Caltrain@@@18,25:00:00,30:00:00,,30.0,,30.0,0,0,0,0,0,1,1
16501,Steuart St & Market St,2,SUTTER,3,005B95,FFFFFF,0,Presidio Ave & California St@@@76,Presidio Ave & California St@@@42,,07:01:02,19:24:02,20.1,,20.1,,0,0,0,0,0,1,1
16501,Steuart St & Market St,KBUS,INGLESIDE BUS,3,437C93,FFFFFF,0,San Jose Ave & Geneva Ave@@@24,,,05:00:14,07:45:14,,,,,0,0,0,0,0,1,1
16501,Steuart St & Market St,LOWL,OWL TARAVAL,3,666666,FFFFFF,0,Wawona/46th Ave /Sf Zoo@@@28,,Wawona/46th Ave /Sf Zoo@@@16,23:50:32,29:15:32,,25.0,,25.0,0,0,0,0,0,1,1
16501,Steuart St & Market St,NBUS,JUDAH BUS,3,005B95,FFFFFF,0,Judah/La Playa/Ocean Beach@@@18,,,05:26:43,07:42:43,,,,,0,0,0,0,0,1,1
16501,Steuart St & Market St,NOWL,OWL JUDAH,3,666666,FFFFFF,0,Judah/La Playa/Ocean Beach@@@24,,Judah/La Playa/Ocean Beach@@@16,24:07:29,29:37:29,,30.0,,30.0,0,0,0,0,0,1,1
16503,West Portal/Sloat/St Francis Circle,91,3RD-19TH AVE OWL,3,666666,FFFFFF,1,19th Ave & Holloway/Sf State@@@24,,19th Ave & Holloway/Sf State@@@14,23:48:50,29:18:50,,30.0,,30.0,0,0,0,0,0,1,1
16503,West Portal/Sloat/St Francis Circle,K,INGLESIDE,0,437C93,FFFFFF,0,Balboa Park BART/Mezzanine Level@@@146,Balboa Park BART/Mezzanine Level@@@70,,08:04:00,24:19:00,12.058823529411764,,12.058823529411764,,0,0,0,0,0,1,1
16503,West Portal/Sloat/St Francis Circle,KBUS,INGLESIDE BUS,3,437C93,FFFFFF,0,San Jose Ave & Geneva Ave@@@24,,,05:40:00,08:25:00,,,,,0,0,0,0,0,1,1
16503,West Portal/Sloat/St Francis Circle,M,OCEAN VIEW,0,008547,FFFFFF,0,San Jose Ave & Niagra Ave@@@172,San Jose Ave & Niagra Ave@@@70,,05:44:00,24:52:00,12.088235294117647,,12.088235294117647,,0,0,0,0,0,1,1
16504,Saint Francis Blvd & Santa Clara Ave,23,MONTEREY,3,005B95,FFFFFF,1,Palou Ave & 3rd St@@@66,Palou Ave & 3rd St@@@28,,06:16:23,22:16:23,30.076923076923077,,30.076923076923077,,0,0,0,0,0,1,1
16505,Saint Francis Blvd & Santa Ana Ave,23,MONTEREY,3,005B95,FFFFFF,0,Sloat Blvd & 47th Ave@@@66,Sloat Blvd & 47th Ave@@@28,,06:36:09,22:34:18,30.0,,30.0,,0,0,0,0,0,1,1
16506,Saint Francis Blvd & Santa Ana Ave,23,MONTEREY,3,005B95,FFFFFF,1,Palou Ave & 3rd St@@@66,Palou Ave & 3rd St@@@28,,06:15:58,22:15:58,30.076923076923077,,30.076923076923077,,0,0,0,0,0,1,1
16507,Saint Francis Blvd & San Fernando Way,23,MONTEREY,3,005B95,FFFFFF,0,Sloat Blvd & 47th Ave@@@66,Sloat Blvd & 47th Ave@@@28,,06:36:35,22:34:39,30.0,,30.0,,0,0,0,0,0,1,1
16508,Saint Francis Blvd & San Fernando Way,23,MONTEREY,3,005B95,FFFFFF,1,Palou Ave & 3rd St@@@66,Palou Ave & 3rd St@@@28,,06:15:31,22:15:31,30.076923076923077,,30.076923076923077,,0,0,0,0,0,1,1
16509,Still St & Lyell St,44,O'SHAUGHNESSY,3,005B95,FFFFFF,1,Bosworth St & Diamond St@@@20###California St & 6th Ave@@@170,California St & 6th Ave@@@70,Bosworth St & Diamond St@@@14,05:22:13,29:29:43,12.0,31.666666666666668,12.0,31.666666666666668,0,0,0,0,0,1,1
16509,Still St & Lyell St,52,EXCELSIOR,3,005B95,FFFFFF,1,Laguna Honda Blvd/Forest Hill Sta@@@58,Laguna Honda Blvd/Forest Hill Sta@@@28,,08:09:58,22:09:10,30.307692307692307,,30.307692307692307,,0,0,0,0,0,1,1
16511,Stockton St & Clay St/Chinatown,30,STOCKTON,3,005B95,FFFFFF,0,Crissy Field Terminal@@@104###Divisadero St & Chestnut St@@@36###Van Ness Ave & North Point St@@@54,Crissy Field Terminal@@@56###Van Ness Ave & North Point St@@@42,,05:16:15,24:10:55,8.5625,,8.5625,,0,0,0,0,0,1,1
16511,Stockton St & Clay St/Chinatown,45,UNION-STOCKTON,3,005B95,FFFFFF,0,Lyon St & Greenwich St@@@124,Lyon St & Greenwich St@@@56,,05:32:15,22:12:15,15.074074074074074,,15.074074074074074,,0,0,0,0,0,1,1
16511,Stockton St & Clay St/Chinatown,91,3RD-19TH AVE OWL,3,666666,FFFFFF,1,19th Ave & Holloway/Sf State@@@24,,19th Ave & Holloway/Sf State@@@18,24:44:36,30:14:36,,30.0,,30.0,0,0,0,0,0,1,1
16512,Stockton St & Columbus Ave,30,STOCKTON,3,005B95,FFFFFF,0,Crissy Field Terminal@@@104###Divisadero St & Chestnut St@@@36###Van Ness Ave & North Point St@@@54,Crissy Field Terminal@@@56###Van Ness Ave & North Point St@@@40,,05:19:30,24:13:43,8.659574468085106,,8.659574468085106,,0,0,0,0,0,1,1
16512,Stockton St & Columbus Ave,45,UNION-STOCKTON,3,005B95,FFFFFF,0,Lyon St & Greenwich St@@@124,Lyon St & Greenwich St@@@56,,05:35:30,22:15:30,15.074074074074074,,15.074074074074074,,0,0,0,0,0,1,1
16512,Stockton St & Columbus Ave,91,3RD-19TH AVE OWL,3,666666,FFFFFF,1,19th Ave & Holloway/Sf State@@@24,,19th Ave & Holloway/Sf State@@@18,24:46:56,30:16:56,,30.0,,30.0,0,0,0,0,0,1,1
16513,Stockton St & Columbus Ave,30,STOCKTON,3,005B95,FFFFFF,1,4th St & Mission St / Moscone Center@@@54###Townsend St & 4th St/Caltrain@@@136,4th St & Mission St / Moscone Center@@@42###Townsend St & 4th St/Caltrain@@@56,,06:07:52,24:15:01,8.520833333333334,,8.520833333333334,,0,0,0,0,0,1,1
16513,Stockton St & Columbus Ave,45,UNION-STOCKTON,3,005B95,FFFFFF,1,Townsend St & Lusk St/Caltrain@@@132,Townsend St & Lusk St/Caltrain@@@56,,04:52:48,22:11:57,15.037037037037036,,15.037037037037036,,0,0,0,0,0,1,1
16513,Stockton St & Columbus Ave,8,BAYSHORE,3,005B95,FFFFFF,0,City College Terminal@@@260,City College Terminal@@@120,,05:05:52,24:07:01,7.033898305084746,,7.033898305084746,,0,0,0,0,0,1,1
16513,Stockton St & Columbus Ave,91,3RD-19TH AVE OWL,3,666666,FFFFFF,0,Ulloa St & West Portal Ave@@@22,,Ulloa St & West Portal Ave@@@16,24:39:52,29:39:52,,30.0,,30.0,0,0,0,0,0,1,1
16515,Stockton St & Filbert St,39,COIT,3,005B95,FFFFFF,1,North Point St & Stockton St@@@62,North Point St & Stockton St@@@40,,09:24:19,19:24:19,20.0,,20.0,,0,0,0,0,0,1,1
16516,Stockton St & Geary St,15,BAYVIEW HUNTERS POINT EXPRESS,3,005B95,FFFFFF,0,Palou Ave & 3rd St@@@130,Palou Ave & 3rd St@@@68,,08:05:23,22:11:23,12.363636363636363,,12.363636363636363,,0,0,0,0,0,1,1
16516,Stockton St & Geary St,30,STOCKTON,3,005B95,FFFFFF,1,4th St & Mission St / Moscone Center@@@54###Townsend St & 4th St/Caltrain@@@136,4th St & Mission St / Moscone Center@@@42###Townsend St & 4th St/Caltrain@@@56,,06:15:06,24:23:06,8.6875,,8.6875,,0,0,0,0,0,1,1
16516,Stockton St & Geary St,45,UNION-STOCKTON,3,005B95,FFFFFF,1,Townsend St & Lusk St/Caltrain@@@132,Townsend St & Lusk St/Caltrain@@@56,,05:00:06,22:20:06,15.074074074074074,,15.074074074074074,,0,0,0,0,0,1,1
16516,Stockton St & Geary St,8,BAYSHORE,3,005B95,FFFFFF,0,City College Terminal@@@260,City College Terminal@@@120,,05:11:55,24:14:03,7.084745762711864,,7.084745762711864,,0,0,0,0,0,1,1
16516,Stockton St & Geary St,91,3RD-19TH AVE OWL,3,666666,FFFFFF,0,Ulloa St & West Portal Ave@@@22,,Ulloa St & West Portal Ave@@@16,24:46:11,29:46:11,,30.0,,30.0,0,0,0,0,0,1,1
16516,Stockton St & Geary St,TBUS,THIRD BUS,3,BF2B45,FFFFFF,1,Visitacion Ave & Bay Shore Blvd@@@24,,,05:04:44,07:50:35,,,,,0,0,0,0,0,1,1
16517,Stockton St & Greenwich St,39,COIT,3,005B95,FFFFFF,1,North Point St & Stockton St@@@62,North Point St & Stockton St@@@40,,09:23:48,19:23:48,20.0,,20.0,,0,0,0,0,0,1,1
16518,Stockton St & Greenwich St,39,COIT,3,005B95,FFFFFF,0,Coit Tower@@@62,Coit Tower@@@42,,09:16:19,19:16:19,20.0,,20.0,,0,0,0,0,0,1,1
16519,Stockton St & Lombard St,39,COIT,3,005B95,FFFFFF,0,Coit Tower@@@62,Coit Tower@@@42,,09:16:46,19:16:46,20.0,,20.0,,0,0,0,0,0,1,1
16520,Stockton St & Pacific Ave/Chinatown,30,STOCKTON,3,005B95,FFFFFF,0,Crissy Field Terminal@@@104###Divisadero St & Chestnut St@@@36###Van Ness Ave & North Point St@@@54,Crissy Field Terminal@@@54###Van Ness Ave & North Point St@@@42,,05:17:46,24:12:14,8.702127659574469,,8.702127659574469,,0,0,0,0,0,1,1
16520,Stockton St & Pacific Ave/Chinatown,45,UNION-STOCKTON,3,005B95,FFFFFF,0,Lyon St & Greenwich St@@@124,Lyon St & Greenwich St@@@56,,05:33:46,22:13:46,15.074074074074074,,15.074074074074074,,0,0,0,0,0,1,1
16520,Stockton St & Pacific Ave/Chinatown,91,3RD-19TH AVE OWL,3,666666,FFFFFF,1,19th Ave & Holloway/Sf State@@@24,,19th Ave & Holloway/Sf State@@@18,24:45:41,30:15:41,,30.0,,30.0,0,0,0,0,0,1,1
16521,Stockton St & Pacific Ave/Chinatown,30,STOCKTON,3,005B95,FFFFFF,1,4th St & Mission St / Moscone Center@@@54###Townsend St & 4th St/Caltrain@@@136,4th St & Mission St / Moscone Center@@@42###Townsend St & 4th St/Caltrain@@@56,,06:08:58,24:16:18,8.541666666666666,,8.541666666666666,,0,0,0,0,0,1,1
16521,Stockton St & Pacific Ave/Chinatown,45,UNION-STOCKTON,3,005B95,FFFFFF,1,Townsend St & Lusk St/Caltrain@@@132,Townsend St & Lusk St/Caltrain@@@56,,04:53:55,22:13:14,15.074074074074074,,15.074074074074074,,0,0,0,0,0,1,1
16521,Stockton St & Pacific Ave/Chinatown,8,BAYSHORE,3,005B95,FFFFFF,0,City College Terminal@@@260,City College Terminal@@@120,,05:06:58,24:08:18,7.0508474576271185,,7.0508474576271185,,0,0,0,0,0,1,1
16521,Stockton St & Pacific Ave/Chinatown,91,3RD-19TH AVE OWL,3,666666,FFFFFF,0,Ulloa St & West Portal Ave@@@22,,Ulloa St & West Portal Ave@@@16,24:40:58,29:40:58,,30.0,,30.0,0,0,0,0,0,1,1
16522,Stockton St & Sacramento St/Chinatown,30,STOCKTON,3,005B95,FFFFFF,1,4th St & Mission St / Moscone Center@@@54###Townsend St & 4th St/Caltrain@@@136,4th St & Mission St / Moscone Center@@@42###Townsend St & 4th St/Caltrain@@@54,,06:10:54,24:18:33,8.574468085106384,,8.574468085106384,,0,0,0,0,0,1,1
16522,Stockton St & Sacramento St/Chinatown,45,UNION-STOCKTON,3,005B95,FFFFFF,1,Townsend St & Lusk St/Caltrain@@@132,Townsend St & Lusk St/Caltrain@@@56,,04:55:50,22:15:29,15.074074074074074,,15.074074074074074,,0,0,0,0,0,1,1
16522,Stockton St & Sacramento St/Chinatown,8,BAYSHORE,3,005B95,FFFFFF,0,City College Terminal@@@260,City College Terminal@@@118,,05:08:54,24:10:33,7.051724137931035,,7.051724137931035,,0,0,0,0,0,1,1
16522,Stockton St & Sacramento St/Chinatown,91,3RD-19TH AVE OWL,3,666666,FFFFFF,0,Ulloa St & West Portal Ave@@@22,,Ulloa St & West Portal Ave@@@16,24:42:54,29:42:54,,30.0,,30.0,0,0,0,0,0,1,1
16523,Stockton St & Sutter St,30,STOCKTON,3,005B95,FFFFFF,0,Crissy Field Terminal@@@104###Divisadero St & Chestnut St@@@36###Van Ness Ave & North Point St@@@54,Crissy Field Terminal@@@56###Van Ness Ave & North Point St@@@42,,05:14:00,24:09:00,8.541666666666666,,8.541666666666666,,0,0,0,0,0,1,1
16523,Stockton St & Sutter St,45,UNION-STOCKTON,3,005B95,FFFFFF,0,Lyon St & Greenwich St@@@124,Lyon St & Greenwich St@@@56,,05:30:00,22:10:00,15.037037037037036,,15.037037037037036,,0,0,0,0,0,1,1
16523,Stockton St & Sutter St,91,3RD-19TH AVE OWL,3,666666,FFFFFF,1,19th Ave & Holloway/Sf State@@@24,,19th Ave & Holloway/Sf State@@@18,24:43:00,30:13:00,,30.0,,30.0,0,0,0,0,0,1,1
16523,Stockton St & Sutter St,TBUS,THIRD BUS,3,BF2B45,FFFFFF,0,Pacific Ave & Powell St@@@16###Stockton St & Washington St@@@4,,,05:44:26,24:26:26,,,,,0,0,0,0,0,1,1
16524,Stockton St & Sutter St,30,STOCKTON,3,005B95,FFFFFF,1,4th St & Mission St / Moscone Center@@@54###Townsend St & 4th St/Caltrain@@@136,4th St & Mission St / Moscone Center@@@42###Townsend St & 4th St/Caltrain@@@54,,06:13:00,24:21:00,8.574468085106384,,8.574468085106384,,0,0,0,0,0,1,1
16524,Stockton St & Sutter St,45,UNION-STOCKTON,3,005B95,FFFFFF,1,Townsend St & Lusk St/Caltrain@@@132,Townsend St & Lusk St/Caltrain@@@56,,04:58:00,22:18:00,15.074074074074074,,15.074074074074074,,0,0,0,0,0,1,1
16524,Stockton St & Sutter St,8,BAYSHORE,3,005B95,FFFFFF,0,City College Terminal@@@260,City College Terminal@@@120,,05:11:00,24:13:00,7.084745762711864,,7.084745762711864,,0,0,0,0,0,1,1
16524,Stockton St & Sutter St,91,3RD-19TH AVE OWL,3,666666,FFFFFF,0,Ulloa St & West Portal Ave@@@22,,Ulloa St & West Portal Ave@@@16,24:45:00,29:45:00,,30.0,,30.0,0,0,0,0,0,1,1
16525,Stockton St & Union St,39,COIT,3,005B95,FFFFFF,1,North Point St & Stockton St@@@62,North Point St & Stockton St@@@40,,09:24:47,19:24:47,20.0,,20.0,,0,0,0,0,0,1,1
16526,Stockton St & Washington St/Chinatown,30,STOCKTON,3,005B95,FFFFFF,1,4th St & Mission St / Moscone Center@@@54###Townsend St & 4th St/Caltrain@@@136,4th St & Mission St / Moscone Center@@@42###Townsend St & 4th St/Caltrain@@@56,,06:10:15,24:17:48,8.541666666666666,,8.541666666666666,,0,0,0,0,0,1,1
16526,Stockton St & Washington St/Chinatown,45,UNION-STOCKTON,3,005B95,FFFFFF,1,Townsend St & Lusk St/Caltrain@@@132,Townsend St & Lusk St/Caltrain@@@56,,04:55:12,22:14:44,15.074074074074074,,15.074074074074074,,0,0,0,0,0,1,1
16526,Stockton St & Washington St/Chinatown,8,BAYSHORE,3,005B95,FFFFFF,0,City College Terminal@@@260,City College Terminal@@@118,,05:08:15,24:09:48,7.051724137931035,,7.051724137931035,,0,0,0,0,0,1,1
16526,Stockton St & Washington St/Chinatown,91,3RD-19TH AVE OWL,3,666666,FFFFFF,0,Ulloa St & West Portal Ave@@@22,,Ulloa St & West Portal Ave@@@16,24:42:15,29:42:15,,30.0,,30.0,0,0,0,0,0,1,1
16526,Stockton St & Washington St/Chinatown,TBUS,THIRD BUS,3,BF2B45,FFFFFF,1,Visitacion Ave & Bay Shore Blvd@@@24,,,05:00:00,07:46:00,,,,,0,0,0,0,0,1,1
16529,Sunset Blvd & Judah St,29,SUNSET,3,005B95,FFFFFF,0,Fitzgerald Ave & Keith St@@@168,Fitzgerald Ave & Keith St@@@70,,05:10:39,24:09:39,12.294117647058824,,12.294117647058824,,0,0,0,0,0,1,1
16530,Sunset Blvd & Judah St,29,SUNSET,3,005B95,FFFFFF,1,25th Ave & California St@@@22###Bowley St & Lincoln Blvd@@@142,Bowley St & Lincoln Blvd@@@70,,05:43:17,24:40:42,12.176470588235293,,12.176470588235293,,0,0,0,0,0,1,1
16535,Sunset Blvd & Lawton St,29,SUNSET,3,005B95,FFFFFF,0,Fitzgerald Ave & Keith St@@@168,Fitzgerald Ave & Keith St@@@68,,05:11:23,24:10:23,12.303030303030303,,12.303030303030303,,0,0,0,0,0,1,1
16536,Sunset Blvd & Lawton St,29,SUNSET,3,005B95,FFFFFF,1,25th Ave & California St@@@22###Bowley St & Lincoln Blvd@@@142,Bowley St & Lincoln Blvd@@@70,,05:42:08,24:39:51,12.147058823529411,,12.147058823529411,,0,0,0,0,0,1,1
16539,Sunset Blvd & Noriega St,29,SUNSET,3,005B95,FFFFFF,0,Fitzgerald Ave & Keith St@@@168,Fitzgerald Ave & Keith St@@@68,,05:12:00,24:11:00,12.303030303030303,,12.303030303030303,,0,0,0,0,0,1,1
16540,Sunset Blvd & Noriega St,29,SUNSET,3,005B95,FFFFFF,1,25th Ave & California St@@@22###Bowley St & Lincoln Blvd@@@142,Bowley St & Lincoln Blvd@@@70,,05:41:00,24:39:00,12.147058823529411,,12.147058823529411,,0,0,0,0,0,1,1
16541,Sunset Blvd & Ocean Ave,29,SUNSET,3,005B95,FFFFFF,0,Fitzgerald Ave & Keith St@@@168,Fitzgerald Ave & Keith St@@@68,,05:16:57,24:15:57,12.363636363636363,,12.363636363636363,,0,0,0,0,0,1,1
16541,Sunset Blvd & Ocean Ave,58,LAKE MERCED,3,005B95,FFFFFF,1,Buckingham Ave & 19th Ave@@@66,Buckingham Ave & 19th Ave@@@28,,06:27:53,22:27:53,30.0,,30.0,,0,0,0,0,0,1,1
16542,Sunset Blvd & Ocean Ave,29,SUNSET,3,005B95,FFFFFF,1,25th Ave & California St@@@22###Bowley St & Lincoln Blvd@@@142,Bowley St & Lincoln Blvd@@@68,,05:35:55,24:34:51,12.121212121212121,,12.121212121212121,,0,0,0,0,0,1,1
16542,Sunset Blvd & Ocean Ave,58,LAKE MERCED,3,005B95,FFFFFF,0,Mission St & Flournoy@@@66,Mission St & Flournoy@@@28,,06:06:37,22:06:37,30.0,,30.0,,0,0,0,0,0,1,1
16543,Sunset Blvd & Ortega St,29,SUNSET,3,005B95,FFFFFF,1,25th Ave & California St@@@22###Bowley St & Lincoln Blvd@@@142,Bowley St & Lincoln Blvd@@@70,,05:40:24,24:38:30,12.147058823529411,,12.147058823529411,,0,0,0,0,0,1,1
16544,Sunset Blvd & Ortega St,29,SUNSET,3,005B95,FFFFFF,0,Fitzgerald Ave & Keith St@@@168,Fitzgerald Ave & Keith St@@@68,,05:12:25,24:11:25,12.303030303030303,,12.303030303030303,,0,0,0,0,0,1,1
16547,Sunset Blvd & Quintara St,29,SUNSET,3,005B95,FFFFFF,1,25th Ave & California St@@@22###Bowley St & Lincoln Blvd@@@142,Bowley St & Lincoln Blvd@@@70,,05:39:34,24:37:49,12.117647058823529,,12.117647058823529,,0,0,0,0,0,1,1
16548,Sunset Blvd & Quintara St,29,SUNSET,3,005B95,FFFFFF,0,Fitzgerald Ave & Keith St@@@168,Fitzgerald Ave & Keith St@@@68,,05:13:15,24:12:15,12.303030303030303,,12.303030303030303,,0,0,0,0,0,1,1
16548,Sunset Blvd & Quintara St,48,QUINTARA-24TH STREET,3,005B95,FFFFFF,0,Lower Great Hwy & Rivera St@@@110,Lower Great Hwy & Rivera St@@@42,,05:40:00,24:40:00,20.0,,20.0,,0,0,0,0,0,1,1
16549,Sunset Blvd & Rivera St,48,QUINTARA-24TH STREET,3,005B95,FFFFFF,0,Lower Great Hwy & Rivera St@@@110,Lower Great Hwy & Rivera St@@@42,,05:40:30,24:40:37,20.0,,20.0,,0,0,0,0,0,1,1
16550,Sunset Blvd & Rivera St,29,SUNSET,3,005B95,FFFFFF,1,25th Ave & California St@@@22###Bowley St & Lincoln Blvd@@@142,Bowley St & Lincoln Blvd@@@70,,05:39:10,24:37:30,12.147058823529411,,12.147058823529411,,0,0,0,0,0,1,1
16555,Sunset Blvd & Taraval St,29,SUNSET,3,005B95,FFFFFF,0,Fitzgerald Ave & Keith St@@@168,Fitzgerald Ave & Keith St@@@68,,05:14:34,24:13:34,12.303030303030303,,12.303030303030303,,0,0,0,0,0,1,1
16556,Sunset Blvd & Taraval St,29,SUNSET,3,005B95,FFFFFF,1,25th Ave & California St@@@22###Bowley St & Lincoln Blvd@@@142,Bowley St & Lincoln Blvd@@@68,,05:38:19,24:36:48,12.121212121212121,,12.121212121212121,,0,0,0,0,0,1,1
16559,Sunset Blvd & Vicente St,29,SUNSET,3,005B95,FFFFFF,0,Fitzgerald Ave & Keith St@@@168,Fitzgerald Ave & Keith St@@@68,,05:15:26,24:14:26,12.333333333333334,,12.333333333333334,,0,0,0,0,0,1,1
16560,Sunset Blvd & Vicente St,29,SUNSET,3,005B95,FFFFFF,1,25th Ave & California St@@@22###Bowley St & Lincoln Blvd@@@142,Bowley St & Lincoln Blvd@@@68,,05:37:28,24:36:07,12.121212121212121,,12.121212121212121,,0,0,0,0,0,1,1
16563,Sunset Blvd & Yorba St,29,SUNSET,3,005B95,FFFFFF,1,25th Ave & California St@@@22###Bowley St & Lincoln Blvd@@@142,Bowley St & Lincoln Blvd@@@68,,05:36:36,24:35:24,12.121212121212121,,12.121212121212121,,0,0,0,0,0,1,1
16563,Sunset Blvd & Yorba St,58,LAKE MERCED,3,005B95,FFFFFF,0,Mission St & Flournoy@@@66,Mission St & Flournoy@@@28,,06:07:31,22:07:31,30.0,,30.0,,0,0,0,0,0,1,1
16564,Sunset Blvd & Yorba St,29,SUNSET,3,005B95,FFFFFF,0,Fitzgerald Ave & Keith St@@@168,Fitzgerald Ave & Keith St@@@68,,05:16:14,24:15:14,12.333333333333334,,12.333333333333334,,0,0,0,0,0,1,1
16569,Sunnydale Ave & Bay Shore Blvd,9,SAN BRUNO,3,005B95,FFFFFF,0,Sunnydale Ave / Mclaren School@@@190,Sunnydale Ave / Mclaren School@@@80,,05:57:04,24:51:04,10.35897435897436,,10.35897435897436,,0,0,0,0,0,1,1
16570,Sunnydale Ave & Cora St,56,RUTLAND,3,005B95,FFFFFF,0,50 Thomas Mellon Dr@@@64###San Bruno Ave & Arleta Ave@@@20,50 Thomas Mellon Dr@@@42,,07:25:05,21:05:05,20.0,,20.0,,0,0,0,0,0,1,1
16570,Sunnydale Ave & Cora St,9,SAN BRUNO,3,005B95,FFFFFF,1,Market St & Steuart St@@@184,Market St & Steuart St@@@84,,05:09:01,23:56:31,10.0,,10.0,,0,0,0,0,0,1,1
16571,Sunnydale Ave & Cora St,9,SAN BRUNO,3,005B95,FFFFFF,0,Sunnydale Ave / Mclaren School@@@190,Sunnydale Ave / Mclaren School@@@80,,05:58:02,24:52:02,10.35897435897436,,10.35897435897436,,0,0,0,0,0,1,1
16573,Sunnydale Ave & Garrison Ave,56,RUTLAND,3,005B95,FFFFFF,0,50 Thomas Mellon Dr@@@64###San Bruno Ave & Arleta Ave@@@20,50 Thomas Mellon Dr@@@42,,07:23:56,21:03:56,20.0,,20.0,,0,0,0,0,0,1,1
16573,Sunnydale Ave & Garrison Ave,8,BAYSHORE,3,005B95,FFFFFF,0,City College Terminal@@@260,City College Terminal@@@116,,05:35:00,24:39:45,7.2105263157894735,,7.2105263157894735,,0,0,0,0,0,1,1
16575,Sunnydale Ave / Mclaren School,9,SAN BRUNO,3,005B95,FFFFFF,1,Market St & Steuart St@@@184,Market St & Steuart St@@@84,,05:02:00,23:50:00,10.0,,10.0,,0,0,0,0,0,1,1
16576,Sunnydale Ave & Rutland St,9,SAN BRUNO,3,005B95,FFFFFF,0,Sunnydale Ave / Mclaren School@@@190,Sunnydale Ave / Mclaren School@@@80,,05:57:46,24:51:46,10.384615384615385,,10.384615384615385,,0,0,0,0,0,1,1
16580,Sunnydale Ave & Sawyer St,56,RUTLAND,3,005B95,FFFFFF,0,50 Thomas Mellon Dr@@@64###San Bruno Ave & Arleta Ave@@@20,50 Thomas Mellon Dr@@@42,,07:23:14,21:03:14,20.0,,20.0,,0,0,0,0,0,1,1
16580,Sunnydale Ave & Sawyer St,8,BAYSHORE,3,005B95,FFFFFF,0,City College Terminal@@@260,City College Terminal@@@116,,05:34:29,24:39:08,7.2105263157894735,,7.2105263157894735,,0,0,0,0,0,1,1
16582,Sunnydale Ave & Schwerin St,56,RUTLAND,3,005B95,FFFFFF,0,50 Thomas Mellon Dr@@@64###San Bruno Ave & Arleta Ave@@@20,50 Thomas Mellon Dr@@@42,,07:24:24,21:04:24,20.0,,20.0,,0,0,0,0,0,1,1
16583,Sunnydale Ave & Talbert St,9,SAN BRUNO,3,005B95,FFFFFF,0,Sunnydale Ave / Mclaren School@@@190,Sunnydale Ave / Mclaren School@@@80,,05:57:21,24:51:21,10.35897435897436,,10.35897435897436,,0,0,0,0,0,1,1
16584,Sunnydale Ave & Talbert St,9,SAN BRUNO,3,005B95,FFFFFF,1,Market St & Steuart St@@@184,Market St & Steuart St@@@84,,05:09:45,23:57:08,10.0,,10.0,,0,0,0,0,0,1,1
16585,Sutter St & Baker St,2,SUTTER,3,005B95,FFFFFF,0,Presidio Ave & California St@@@76,Presidio Ave & California St@@@42,,07:20:11,19:46:11,20.25,,20.25,,0,0,0,0,0,1,1
16586,Sutter St & Baker St,2,SUTTER,3,005B95,FFFFFF,1,Steuart St & Mission St@@@76,Steuart St & Mission St@@@42,,06:24:55,18:46:07,20.05,,20.05,,0,0,0,0,0,1,1
16587,Sutter St & Buchanan St/Japantown,2,SUTTER,3,005B95,FFFFFF,0,Presidio Ave & California St@@@76,Presidio Ave & California St@@@42,,07:15:50,19:41:50,20.2,,20.2,,0,0,0,0,0,1,1
16588,Sutter St & Buchanan St/Japantown,2,SUTTER,3,005B95,FFFFFF,1,Steuart St & Mission St@@@76,Steuart St & Mission St@@@42,,06:29:16,18:51:16,20.05,,20.05,,0,0,0,0,0,1,1
16589,Sutter St & Divisadero St,2,SUTTER,3,005B95,FFFFFF,0,Presidio Ave & California St@@@76,Presidio Ave & California St@@@42,,07:19:07,19:45:07,20.2,,20.2,,0,0,0,0,0,1,1
16590,Sutter St & Divisadero St,2,SUTTER,3,005B95,FFFFFF,1,Steuart St & Mission St@@@76,Steuart St & Mission St@@@42,,06:26:08,18:47:39,20.05,,20.05,,0,0,0,0,0,1,1
16591,Sutter St & Fillmore St,2,SUTTER,3,005B95,FFFFFF,0,Presidio Ave & California St@@@76,Presidio Ave & California St@@@42,,07:17:00,19:43:00,20.2,,20.2,,0,0,0,0,0,1,1
16592,Sutter St & Fillmore St,2,SUTTER,3,005B95,FFFFFF,1,Steuart St & Mission St@@@76,Steuart St & Mission St@@@42,,06:28:00,18:50:00,20.05,,20.05,,0,0,0,0,0,1,1
16593,Sutter St & Gough St,2,SUTTER,3,005B95,FFFFFF,0,Presidio Ave & California St@@@76,Presidio Ave & California St@@@42,,07:13:33,19:39:33,20.15,,20.15,,0,0,0,0,0,1,1
16594,Sutter St & Hyde St,2,SUTTER,3,005B95,FFFFFF,0,Presidio Ave & California St@@@76,Presidio Ave & California St@@@42,,07:10:36,19:35:54,20.1,,20.1,,0,0,0,0,0,1,1
16595,Sutter St & Jones St,2,SUTTER,3,005B95,FFFFFF,0,Presidio Ave & California St@@@76,Presidio Ave & California St@@@42,,07:09:33,19:34:20,20.15,,20.15,,0,0,0,0,0,1,1
16596,Sutter St & Kearny St,2,SUTTER,3,005B95,FFFFFF,0,Presidio Ave & California St@@@76,Presidio Ave & California St@@@42,,07:06:15,19:29:40,20.1,,20.1,,0,0,0,0,0,1,1
16596,Sutter St & Kearny St,30,STOCKTON,3,005B95,FFFFFF,0,Crissy Field Terminal@@@104###Divisadero St & Chestnut St@@@36###Van Ness Ave & North Point St@@@54,Crissy Field Terminal@@@56###Van Ness Ave & North Point St@@@42,,05:13:00,24:08:00,8.541666666666666,,8.541666666666666,,0,0,0,0,0,1,1
16596,Sutter St & Kearny St,45,UNION-STOCKTON,3,005B95,FFFFFF,0,Lyon St & Greenwich St@@@124###Sutter St & Kearny St@@@8,Lyon St & Greenwich St@@@56,,05:29:00,22:39:00,15.037037037037036,,15.037037037037036,,0,0,0,0,0,1,1
16596,Sutter St & Kearny St,91,3RD-19TH AVE OWL,3,666666,FFFFFF,1,19th Ave & Holloway/Sf State@@@24,,19th Ave & Holloway/Sf State@@@18,24:41:40,30:11:40,,30.0,,30.0,0,0,0,0,0,1,1
16597,Sutter St & Larkin St,2,SUTTER,3,005B95,FFFFFF,0,Presidio Ave & California St@@@76,Presidio Ave & California St@@@40,,07:11:06,19:36:40,20.157894736842106,,20.157894736842106,,0,0,0,0,0,1,1
16598,Sutter St & Leavenworth St,2,SUTTER,3,005B95,FFFFFF,0,Presidio Ave & California St@@@76,Presidio Ave & California St@@@42,,07:10:04,19:35:07,20.15,,20.15,,0,0,0,0,0,1,1
16599,Sutter St & Laguna St/Japantown,2,SUTTER,3,005B95,FFFFFF,0,Presidio Ave & California St@@@76,Presidio Ave & California St@@@42,,07:15:18,19:41:18,20.15,,20.15,,0,0,0,0,0,1,1
16600,Sutter St & Laguna St/Japantown,2,SUTTER,3,005B95,FFFFFF,1,Steuart St & Mission St@@@76,Steuart St & Mission St@@@42,,06:29:43,18:51:43,20.05,,20.05,,0,0,0,0,0,1,1
16601,Sutter St & Mason St,2,SUTTER,3,005B95,FFFFFF,0,Presidio Ave & California St@@@76,Presidio Ave & California St@@@42,,07:08:31,19:32:46,20.1,,20.1,,0,0,0,0,0,1,1
16602,Sutter St & Octavia St,2,SUTTER,3,005B95,FFFFFF,0,Presidio Ave & California St@@@76,Presidio Ave & California St@@@42,,07:14:32,19:40:32,20.2,,20.2,,0,0,0,0,0,1,1
16603,Sutter St & Polk St,2,SUTTER,3,005B95,FFFFFF,0,Presidio Ave & California St@@@76,Presidio Ave & California St@@@40,,07:11:38,19:37:27,20.157894736842106,,20.157894736842106,,0,0,0,0,0,1,1
16604,Sutter St & Powell St,2,SUTTER,3,005B95,FFFFFF,0,Presidio Ave & California St@@@76,Presidio Ave & California St@@@42,,07:08:00,19:32:00,20.1,,20.1,,0,0,0,0,0,1,1
16605,Sutter St & Presidio Ave,2,SUTTER,3,005B95,FFFFFF,1,Steuart St & Mission St@@@76,Steuart St & Mission St@@@42,,06:24:00,18:45:00,20.05,,20.05,,0,0,0,0,0,1,1
16606,Sutter St & Sansome St,15,BAYVIEW HUNTERS POINT EXPRESS,3,005B95,FFFFFF,0,Palou Ave & 3rd St@@@130,Palou Ave & 3rd St@@@70,,08:02:00,22:08:00,12.352941176470589,,12.352941176470589,,0,0,0,0,0,1,1
16606,Sutter St & Sansome St,2,SUTTER,3,005B95,FFFFFF,0,Presidio Ave & California St@@@76,Presidio Ave & California St@@@42,,07:05:00,19:28:00,20.1,,20.1,,0,0,0,0,0,1,1
16607,Sutter St & Scott St,2,SUTTER,3,005B95,FFFFFF,0,Presidio Ave & California St@@@76,Presidio Ave & California St@@@42,,07:18:35,19:44:35,20.25,,20.25,,0,0,0,0,0,1,1
16608,Sutter St & Scott St,2,SUTTER,3,005B95,FFFFFF,1,Steuart St & Mission St@@@76,Steuart St & Mission St@@@42,,06:26:29,18:48:06,20.05,,20.05,,0,0,0,0,0,1,1
16609,Sutter St & Steiner St,2,SUTTER,3,005B95,FFFFFF,0,Presidio Ave & California St@@@76,Presidio Ave & California St@@@42,,07:17:31,19:43:31,20.2,,20.2,,0,0,0,0,0,1,1
16610,Sutter St & Steiner St,2,SUTTER,3,005B95,FFFFFF,1,Steuart St & Mission St@@@76,Steuart St & Mission St@@@42,,06:27:32,18:49:23,20.05,,20.05,,0,0,0,0,0,1,1
16611,Sutter St & Stockton St,2,SUTTER,3,005B95,FFFFFF,0,Presidio Ave & California St@@@76,Presidio Ave & California St@@@42,,07:07:21,19:31:08,20.1,,20.1,,0,0,0,0,0,1,1
16612,Sutter St & Taylor St,2,SUTTER,3,005B95,FFFFFF,0,Presidio Ave & California St@@@76,Presidio Ave & California St@@@42,,07:09:02,19:33:33,20.1,,20.1,,0,0,0,0,0,1,1
16613,Sutter St & Van Ness Ave,2,SUTTER,3,005B95,FFFFFF,0,Presidio Ave & California St@@@76,Presidio Ave & California St@@@40,,07:12:00,19:38:00,20.157894736842106,,20.157894736842106,,0,0,0,0,0,1,1
16615,Taraval St & 17th Ave,L,TARAVAL,0,942D83,FFFFFF,1,Metro Embarcadero Station@@@138###The Embarcadero & Folsom St@@@6###Ulloa St & West Portal Ave@@@24,Metro Embarcadero Station@@@70,,06:12:58,24:43:58,12.088235294117647,,12.088235294117647,,0,0,0,0,0,1,1
16615,Taraval St & 17th Ave,LOWL,OWL TARAVAL,3,666666,FFFFFF,1,Jones St & Beach St@@@30,,Jones St & Beach St@@@20,24:08:34,29:58:34,,25.0,,25.0,0,0,0,0,0,1,1
16616,Taraval St & 19th Ave,L,TARAVAL,0,942D83,FFFFFF,0,47th Ave & Cutler Ave@@@168,47th Ave & Cutler Ave@@@70,,05:28:00,24:15:00,12.058823529411764,,12.058823529411764,,0,0,0,0,0,1,1
16616,Taraval St & 19th Ave,LOWL,OWL TARAVAL,3,666666,FFFFFF,0,Wawona/46th Ave /Sf Zoo@@@28,,Wawona/46th Ave /Sf Zoo@@@20,24:24:34,29:49:34,,25.0,,25.0,0,0,0,0,0,1,1
16617,Taraval St & 19th Ave,L,TARAVAL,0,942D83,FFFFFF,1,Metro Embarcadero Station@@@138###The Embarcadero & Folsom St@@@6###Ulloa St & West Portal Ave@@@24,Metro Embarcadero Station@@@70,,06:12:00,24:43:00,12.088235294117647,,12.088235294117647,,0,0,0,0,0,1,1
16617,Taraval St & 19th Ave,LOWL,OWL TARAVAL,3,666666,FFFFFF,1,Jones St & Beach St@@@30,,Jones St & Beach St@@@20,24:08:01,29:58:01,,25.0,,25.0,0,0,0,0,0,1,1
16619,Taraval St & 22nd Ave,L,TARAVAL,0,942D83,FFFFFF,1,Metro Embarcadero Station@@@138###The Embarcadero & Folsom St@@@6###Ulloa St & West Portal Ave@@@24,Metro Embarcadero Station@@@70,,06:11:09,24:42:16,12.088235294117647,,12.088235294117647,,0,0,0,0,0,1,1
16619,Taraval St & 22nd Ave,LOWL,OWL TARAVAL,3,666666,FFFFFF,1,Jones St & Beach St@@@30,,Jones St & Beach St@@@20,24:07:26,29:57:26,,25.0,,25.0,0,0,0,0,0,1,1
16620,Taraval St & 23rd Ave,L,TARAVAL,0,942D83,FFFFFF,0,47th Ave & Cutler Ave@@@168,47th Ave & Cutler Ave@@@70,,05:29:38,24:16:38,12.058823529411764,,12.058823529411764,,0,0,0,0,0,1,1
16620,Taraval St & 23rd Ave,LOWL,OWL TARAVAL,3,666666,FFFFFF,0,Wawona/46th Ave /Sf Zoo@@@28,,Wawona/46th Ave /Sf Zoo@@@20,24:25:41,29:50:41,,25.0,,25.0,0,0,0,0,0,1,1
16622,Taraval St & 26th Ave,L,TARAVAL,0,942D83,FFFFFF,0,47th Ave & Cutler Ave@@@168,47th Ave & Cutler Ave@@@70,,05:30:30,24:17:30,12.058823529411764,,12.058823529411764,,0,0,0,0,0,1,1
16622,Taraval St & 26th Ave,LOWL,OWL TARAVAL,3,666666,FFFFFF,0,Wawona/46th Ave /Sf Zoo@@@28,,Wawona/46th Ave /Sf Zoo@@@20,24:26:16,29:51:16,,25.0,,25.0,0,0,0,0,0,1,1
16623,Taraval St & 26th Ave,L,TARAVAL,0,942D83,FFFFFF,1,Metro Embarcadero Station@@@138###The Embarcadero & Folsom St@@@6###Ulloa St & West Portal Ave@@@24,Metro Embarcadero Station@@@70,,06:09:15,24:40:39,12.088235294117647,,12.088235294117647,,0,0,0,0,0,1,1
16623,Taraval St & 26th Ave,LOWL,OWL TARAVAL,3,666666,FFFFFF,1,Jones St & Beach St@@@30,,Jones St & Beach St@@@20,24:06:20,29:56:20,,25.0,,25.0,0,0,0,0,0,1,1
16626,Taraval St & 30th Ave,L,TARAVAL,0,942D83,FFFFFF,0,47th Ave & Cutler Ave@@@168,47th Ave & Cutler Ave@@@70,,05:31:54,24:18:54,12.058823529411764,,12.058823529411764,,0,0,0,0,0,1,1
16626,Taraval St & 30th Ave,LOWL,OWL TARAVAL,3,666666,FFFFFF,0,Wawona/46th Ave /Sf Zoo@@@28,,Wawona/46th Ave /Sf Zoo@@@20,24:27:13,29:52:13,,25.0,,25.0,0,0,0,0,0,1,1
16627,Taraval St & 30th Ave,L,TARAVAL,0,942D83,FFFFFF,1,Metro Embarcadero Station@@@138###The Embarcadero & Folsom St@@@6###Ulloa St & West Portal Ave@@@24,Metro Embarcadero Station@@@68,,06:07:36,24:39:14,12.090909090909092,,12.090909090909092,,0,0,0,0,0,1,1
16627,Taraval St & 30th Ave,LOWL,OWL TARAVAL,3,666666,FFFFFF,1,Jones St & Beach St@@@30,,Jones St & Beach St@@@20,24:05:22,29:55:22,,25.0,,25.0,0,0,0,0,0,1,1
16628,Taraval St & 32nd Ave,L,TARAVAL,0,942D83,FFFFFF,0,47th Ave & Cutler Ave@@@168,47th Ave & Cutler Ave@@@70,,05:32:36,24:19:36,12.058823529411764,,12.058823529411764,,0,0,0,0,0,1,1
16628,Taraval St & 32nd Ave,LOWL,OWL TARAVAL,3,666666,FFFFFF,0,Wawona/46th Ave /Sf Zoo@@@28,,Wawona/46th Ave /Sf Zoo@@@20,24:27:42,29:52:42,,25.0,,25.0,0,0,0,0,0,1,1
16629,Taraval St & 32nd Ave,L,TARAVAL,0,942D83,FFFFFF,1,Metro Embarcadero Station@@@138###The Embarcadero & Folsom St@@@6###Ulloa St & West Portal Ave@@@24,Metro Embarcadero Station@@@68,,06:06:48,24:38:32,12.090909090909092,,12.090909090909092,,0,0,0,0,0,1,1
16629,Taraval St & 32nd Ave,LOWL,OWL TARAVAL,3,666666,FFFFFF,1,Jones St & Beach St@@@30,,Jones St & Beach St@@@20,24:04:54,29:54:54,,25.0,,25.0,0,0,0,0,0,1,1
16632,Taraval St & 40th Ave,L,TARAVAL,0,942D83,FFFFFF,0,47th Ave & Cutler Ave@@@168,47th Ave & Cutler Ave@@@68,,05:35:07,24:22:20,12.06060606060606,,12.06060606060606,,0,0,0,0,0,1,1
16632,Taraval St & 40th Ave,LOWL,OWL TARAVAL,3,666666,FFFFFF,0,Wawona/46th Ave /Sf Zoo@@@28,,Wawona/46th Ave /Sf Zoo@@@20,24:29:36,29:54:36,,25.0,,25.0,0,0,0,0,0,1,1
16633,Taraval St & 40th Ave,L,TARAVAL,0,942D83,FFFFFF,1,Metro Embarcadero Station@@@138###The Embarcadero & Folsom St@@@6###Ulloa St & West Portal Ave@@@24,Metro Embarcadero Station@@@70,,06:03:42,24:35:42,12.088235294117647,,12.088235294117647,,0,0,0,0,0,1,1
16633,Taraval St & 40th Ave,LOWL,OWL TARAVAL,3,666666,FFFFFF,1,Jones St & Beach St@@@30,,Jones St & Beach St@@@20,24:03:00,29:53:00,,25.0,,25.0,0,0,0,0,0,1,1
16634,Taraval St & 42nd Ave,L,TARAVAL,0,942D83,FFFFFF,0,47th Ave & Cutler Ave@@@168,47th Ave & Cutler Ave@@@70,,05:35:46,24:23:07,12.058823529411764,,12.058823529411764,,0,0,0,0,0,1,1
16634,Taraval St & 42nd Ave,LOWL,OWL TARAVAL,3,666666,FFFFFF,0,Wawona/46th Ave /Sf Zoo@@@28,,Wawona/46th Ave /Sf Zoo@@@20,24:30:05,29:55:05,,25.0,,25.0,0,0,0,0,0,1,1
16635,Taraval St & 42nd Ave,L,TARAVAL,0,942D83,FFFFFF,1,Metro Embarcadero Station@@@138###The Embarcadero & Folsom St@@@6###Ulloa St & West Portal Ave@@@24,Metro Embarcadero Station@@@70,,06:03:07,24:35:07,12.088235294117647,,12.088235294117647,,0,0,0,0,0,1,1
16635,Taraval St & 42nd Ave,LOWL,OWL TARAVAL,3,666666,FFFFFF,1,Jones St & Beach St@@@30,,Jones St & Beach St@@@20,24:02:31,29:52:31,,25.0,,25.0,0,0,0,0,0,1,1
16636,Taraval St & 44th Ave,L,TARAVAL,0,942D83,FFFFFF,0,47th Ave & Cutler Ave@@@168,47th Ave & Cutler Ave@@@70,,05:36:25,24:23:54,12.058823529411764,,12.058823529411764,,0,0,0,0,0,1,1
16636,Taraval St & 44th Ave,LOWL,OWL TARAVAL,3,666666,FFFFFF,0,Wawona/46th Ave /Sf Zoo@@@28,,Wawona/46th Ave /Sf Zoo@@@20,24:30:34,29:55:34,,25.0,,25.0,0,0,0,0,0,1,1
16637,Taraval St & 44th Ave,L,TARAVAL,0,942D83,FFFFFF,1,Metro Embarcadero Station@@@138###The Embarcadero & Folsom St@@@6###Ulloa St & West Portal Ave@@@24,Metro Embarcadero Station@@@70,,06:02:32,24:34:32,12.088235294117647,,12.088235294117647,,0,0,0,0,0,1,1
16637,Taraval St & 44th Ave,LOWL,OWL TARAVAL,3,666666,FFFFFF,1,Jones St & Beach St@@@30,,Jones St & Beach St@@@20,24:02:03,29:52:03,,25.0,,25.0,0,0,0,0,0,1,1
16638,Taraval St & 46th Ave,L,TARAVAL,0,942D83,FFFFFF,0,47th Ave & Cutler Ave@@@168,47th Ave & Cutler Ave@@@70,,05:37:04,24:24:41,12.058823529411764,,12.058823529411764,,0,0,0,0,0,1,1
16638,Taraval St & 46th Ave,LOWL,OWL TARAVAL,3,666666,FFFFFF,0,Wawona/46th Ave /Sf Zoo@@@28,,Wawona/46th Ave /Sf Zoo@@@20,24:31:03,29:56:03,,25.0,,25.0,0,0,0,0,0,1,1
16640,Taraval St & Sunset Blvd,L,TARAVAL,0,942D83,FFFFFF,0,47th Ave & Cutler Ave@@@168,47th Ave & Cutler Ave@@@70,,05:34:00,24:21:00,12.058823529411764,,12.058823529411764,,0,0,0,0,0,1,1
16640,Taraval St & Sunset Blvd,LOWL,OWL TARAVAL,3,666666,FFFFFF,0,Wawona/46th Ave /Sf Zoo@@@28,,Wawona/46th Ave /Sf Zoo@@@20,24:28:47,29:53:47,,25.0,,25.0,0,0,0,0,0,1,1
16641,Taraval St & Sunset Blvd,L,TARAVAL,0,942D83,FFFFFF,1,Metro Embarcadero Station@@@138###The Embarcadero & Folsom St@@@6###Ulloa St & West Portal Ave@@@24,Metro Embarcadero Station@@@70,,06:05:00,24:37:00,12.088235294117647,,12.088235294117647,,0,0,0,0,0,1,1
16641,Taraval St & Sunset Blvd,LOWL,OWL TARAVAL,3,666666,FFFFFF,1,Jones St & Beach St@@@30,,Jones St & Beach St@@@20,24:03:51,29:53:51,,25.0,,25.0,0,0,0,0,0,1,1
16644,Taylor St & Bay St,PM,POWELL-MASON CABLE CAR,5,B49A36,000000,1,Powell St & Market St@@@166###Washington St & Mason St / Cable Car Museum@@@12,Powell St & Market St@@@86,,07:00:00,23:24:00,9.880952380952381,,9.880952380952381,,0,0,0,0,0,1,1
16645,Taylor St & Columbus Ave,PM,POWELL-MASON CABLE CAR,5,B49A36,000000,1,Powell St & Market St@@@166###Washington St & Mason St / Cable Car Museum@@@12,Powell St & Market St@@@84,,07:00:50,23:24:50,9.878048780487806,,9.878048780487806,,0,0,0,0,0,1,1
16646,Taylor St & Francisco St,PM,POWELL-MASON CABLE CAR,5,B49A36,000000,0,Taylor St & Bay St@@@178,Taylor St & Bay St@@@88,,06:53:47,23:19:44,9.604651162790697,,9.604651162790697,,0,0,0,0,0,1,1
16651,115 Telegraph Hill Blvd,39,COIT,3,005B95,FFFFFF,0,Coit Tower@@@62,Coit Tower@@@42,,09:19:20,19:19:20,20.0,,20.0,,0,0,0,0,0,1,1
16652,225 Telegraph Hill Blvd,39,COIT,3,005B95,FFFFFF,0,Coit Tower@@@62,Coit Tower@@@42,,09:18:34,19:18:34,20.0,,20.0,,0,0,0,0,0,1,1
16653,225 Telegraph Hill Blvd,39,COIT,3,005B95,FFFFFF,1,North Point St & Stockton St@@@62,North Point St & Stockton St@@@40,,09:21:24,19:21:24,20.0,,20.0,,0,0,0,0,0,1,1
16654,Telegraph Hill Blvd & Filbert St,39,COIT,3,005B95,FFFFFF,1,North Point St & Stockton St@@@62,North Point St & Stockton St@@@40,,09:20:36,19:20:36,20.0,,20.0,,0,0,0,0,0,1,1
16655,Telegraph Hill Blvd & Greenwich St,39,COIT,3,005B95,FFFFFF,0,Coit Tower@@@62,Coit Tower@@@42,,09:18:43,19:18:43,20.0,,20.0,,0,0,0,0,0,1,1
16656,Telegraph Hill Blvd & Greenwich St,39,COIT,3,005B95,FFFFFF,1,North Point St & Stockton St@@@62,North Point St & Stockton St@@@40,,09:21:10,19:21:10,20.0,,20.0,,0,0,0,0,0,1,1
16658,636 Teresita Blvd,36,TERESITA,3,005B95,FFFFFF,1,Laguna Honda Blvd/Forest Hill Sta@@@58,Laguna Honda Blvd/Forest Hill Sta@@@28,,08:41:24,22:39:24,30.0,,30.0,,0,0,0,0,0,1,1
16659,636 Teresita Blvd,36,TERESITA,3,005B95,FFFFFF,0,Valencia St & Mission St@@@58,Valencia St & Mission St@@@28,,08:28:31,22:22:08,30.0,,30.0,,0,0,0,0,0,1,1
16660,900 Teresita Blvd,36,TERESITA,3,005B95,FFFFFF,0,Valencia St & Mission St@@@58,Valencia St & Mission St@@@28,,08:29:39,22:22:59,30.0,,30.0,,0,0,0,0,0,1,1
16661,900 Teresita Blvd,36,TERESITA,3,005B95,FFFFFF,1,Laguna Honda Blvd/Forest Hill Sta@@@58,Laguna Honda Blvd/Forest Hill Sta@@@28,,08:40:13,22:38:13,30.0,,30.0,,0,0,0,0,0,1,1
16662,Teresita Blvd & Bella Vista Way,36,TERESITA,3,005B95,FFFFFF,0,Valencia St & Mission St@@@58,Valencia St & Mission St@@@28,,08:28:13,22:21:54,30.0,,30.0,,0,0,0,0,0,1,1
16663,Teresita Blvd & El Sereno Ct,36,TERESITA,3,005B95,FFFFFF,1,Laguna Honda Blvd/Forest Hill Sta@@@58,Laguna Honda Blvd/Forest Hill Sta@@@28,,08:42:05,22:40:05,30.0,,30.0,,0,0,0,0,0,1,1
16664,Teresita Blvd & El Sereno Ct,36,TERESITA,3,005B95,FFFFFF,0,Valencia St & Mission St@@@58,Valencia St & Mission St@@@28,,08:27:50,22:21:37,30.0,,30.0,,0,0,0,0,0,1,1
16665,Teresita Blvd & Evelyn Way,36,TERESITA,3,005B95,FFFFFF,0,Valencia St & Mission St@@@58,Valencia St & Mission St@@@28,,08:21:16,22:20:05,30.0,,30.0,,0,0,0,0,0,1,1
16666,Teresita Blvd & Foerster St,36,TERESITA,3,005B95,FFFFFF,0,Valencia St & Mission St@@@58,Valencia St & Mission St@@@28,,08:28:53,22:22:24,30.0,,30.0,,0,0,0,0,0,1,1
16667,Teresita Blvd & Foerster St,36,TERESITA,3,005B95,FFFFFF,0,Valencia St & Mission St@@@58,Valencia St & Mission St@@@28,,08:30:12,22:23:24,30.0,,30.0,,0,0,0,0,0,1,1
16668,Teresita Blvd & Foerster St,36,TERESITA,3,005B95,FFFFFF,1,Laguna Honda Blvd/Forest Hill Sta@@@58,Laguna Honda Blvd/Forest Hill Sta@@@28,,08:41:01,22:39:01,30.0,,30.0,,0,0,0,0,0,1,1
16669,Teresita Blvd & Fowler Ave,36,TERESITA,3,005B95,FFFFFF,1,Laguna Honda Blvd/Forest Hill Sta@@@58,Laguna Honda Blvd/Forest Hill Sta@@@28,,08:49:13,22:41:58,30.0,,30.0,,0,0,0,0,0,1,1
16670,Teresita Blvd & Gaviota Way,36,TERESITA,3,005B95,FFFFFF,1,Laguna Honda Blvd/Forest Hill Sta@@@58,Laguna Honda Blvd/Forest Hill Sta@@@28,,08:42:33,22:40:33,30.0,,30.0,,0,0,0,0,0,1,1
16671,Teresita Blvd & Gaviota Way,36,TERESITA,3,005B95,FFFFFF,0,Valencia St & Mission St@@@58,Valencia St & Mission St@@@28,,08:27:20,22:21:15,30.0,,30.0,,0,0,0,0,0,1,1
16672,Teresita Blvd & Isola Way,36,TERESITA,3,005B95,FFFFFF,1,Laguna Honda Blvd/Forest Hill Sta@@@58,Laguna Honda Blvd/Forest Hill Sta@@@28,,08:48:30,22:41:24,30.0,,30.0,,0,0,0,0,0,1,1
16673,Teresita Blvd & Isola Way,36,TERESITA,3,005B95,FFFFFF,0,Valencia St & Mission St@@@58,Valencia St & Mission St@@@28,,08:21:40,22:20:35,30.0,,30.0,,0,0,0,0,0,1,1
16675,Teresita Blvd & Marietta Dr,36,TERESITA,3,005B95,FFFFFF,1,Laguna Honda Blvd/Forest Hill Sta@@@58,Laguna Honda Blvd/Forest Hill Sta@@@28,,08:41:39,22:39:39,30.0,,30.0,,0,0,0,0,0,1,1
16676,Teresita Blvd & Marietta Dr,36,TERESITA,3,005B95,FFFFFF,1,Laguna Honda Blvd/Forest Hill Sta@@@58,Laguna Honda Blvd/Forest Hill Sta@@@28,,08:48:49,22:41:39,30.0,,30.0,,0,0,0,0,0,1,1
16677,Teresita Blvd & Portola Dr,36,TERESITA,3,005B95,FFFFFF,1,Laguna Honda Blvd/Forest Hill Sta@@@58,Laguna Honda Blvd/Forest Hill Sta@@@28,,08:49:57,22:42:33,30.0,,30.0,,0,0,0,0,0,1,1
16678,Teresita Blvd & Reposa Way,36,TERESITA,3,005B95,FFFFFF,1,Laguna Honda Blvd/Forest Hill Sta@@@58,Laguna Honda Blvd/Forest Hill Sta@@@28,,08:48:00,22:41:00,30.0,,30.0,,0,0,0,0,0,1,1
16679,Teresita Blvd & Reposa Way,36,TERESITA,3,005B95,FFFFFF,0,Valencia St & Mission St@@@58,Valencia St & Mission St@@@28,,08:27:00,22:21:00,30.0,,30.0,,0,0,0,0,0,1,1
16680,Teresita Blvd & Stillings Ave,36,TERESITA,3,005B95,FFFFFF,1,Laguna Honda Blvd/Forest Hill Sta@@@58,Laguna Honda Blvd/Forest Hill Sta@@@28,,08:40:38,22:38:38,30.0,,30.0,,0,0,0,0,0,1,1
16681,Teresita Blvd & Stillings Ave,36,TERESITA,3,005B95,FFFFFF,0,Valencia St & Mission St@@@58,Valencia St & Mission St@@@28,,08:29:16,22:22:42,30.0,,30.0,,0,0,0,0,0,1,1
16695,Townsend St & 4th St/Caltrain,45,UNION-STOCKTON,3,005B95,FFFFFF,1,Townsend St & Lusk St/Caltrain@@@132,Townsend St & Lusk St/Caltrain@@@56,,05:07:07,22:27:58,15.185185185185185,,15.185185185185185,,0,0,0,0,0,1,1
16695,Townsend St & 4th St/Caltrain,NBUS,JUDAH BUS,3,005B95,FFFFFF,0,Judah/La Playa/Ocean Beach@@@18,,,05:17:00,07:33:00,,,,,0,0,0,0,0,1,1
16695,Townsend St & 4th St/Caltrain,NOWL,OWL JUDAH,3,666666,FFFFFF,0,Judah/La Playa/Ocean Beach@@@24,,Judah/La Playa/Ocean Beach@@@16,24:00:20,29:30:20,,30.0,,30.0,0,0,0,0,0,1,1
16702,Topeka Ave & Bridge View Dr,54,FELTON,3,005B95,FFFFFF,0,Daly City BART Stop A2@@@94,Daly City BART Stop A2@@@42,,06:00:14,22:11:41,20.05,,20.05,,0,0,0,0,0,1,1
16703,Topeka Ave & Newhall St,54,FELTON,3,005B95,FFFFFF,0,Daly City BART Stop A2@@@94,Daly City BART Stop A2@@@42,,05:59:28,22:10:45,20.05,,20.05,,0,0,0,0,0,1,1
16704,Topeka Ave & Thornton Ave,54,FELTON,3,005B95,FFFFFF,1,Newhall St & Hudson@@@96,Newhall St & Hudson@@@42,,06:07:50,22:31:36,20.2,,20.2,,0,0,0,0,0,1,1
16705,Topeka Ave & Venus St,54,FELTON,3,005B95,FFFFFF,1,Newhall St & Hudson@@@96,Newhall St & Hudson@@@42,,06:07:29,22:31:10,20.15,,20.15,,0,0,0,0,0,1,1
16709,Turk St & Arguello Blvd,31,BALBOA,3,005B95,FFFFFF,1,Cyril Magnin St & Market St@@@98###Masonic Ave & Geary Blvd@@@12,Cyril Magnin St & Market St@@@42,,05:13:23,22:53:23,20.0,,20.0,,0,0,0,0,0,1,1
16710,Turk St & Baker St,31,BALBOA,3,005B95,FFFFFF,0,Cabrillo St & La Playa St@@@98,Cabrillo St & La Playa St@@@40,,05:59:45,22:17:18,20.210526315789473,,20.210526315789473,,0,0,0,0,0,1,1
16711,Turk St & Baker St,31,BALBOA,3,005B95,FFFFFF,1,Cyril Magnin St & Market St@@@98,Cyril Magnin St & Market St@@@42,,05:17:39,21:21:01,20.15,,20.15,,0,0,0,0,0,1,1
16712,Turk St & Broderick St,31,BALBOA,3,005B95,FFFFFF,0,Cabrillo St & La Playa St@@@98,Cabrillo St & La Playa St@@@42,,05:59:12,22:16:32,20.2,,20.2,,0,0,0,0,0,1,1
16713,Turk St & Broderick St,31,BALBOA,3,005B95,FFFFFF,1,Cyril Magnin St & Market St@@@98,Cyril Magnin St & Market St@@@42,,05:18:12,21:21:41,20.2,,20.2,,0,0,0,0,0,1,1
16714,Turk St & Chabot Ter,31,BALBOA,3,005B95,FFFFFF,0,Cabrillo St & La Playa St@@@110,Cabrillo St & La Playa St@@@40,,04:34:51,22:20:22,20.210526315789473,,20.210526315789473,,0,0,0,0,0,1,1
16715,Turk St & Chabot Ter,31,BALBOA,3,005B95,FFFFFF,1,Cyril Magnin St & Market St@@@98###Masonic Ave & Geary Blvd@@@12,Cyril Magnin St & Market St@@@40,,05:15:04,22:55:04,20.05263157894737,,20.05263157894737,,0,0,0,0,0,1,1
16716,Turk St & Central Ave,31,BALBOA,3,005B95,FFFFFF,0,Cabrillo St & La Playa St@@@98,Cabrillo St & La Playa St@@@40,,06:00:39,22:18:32,20.210526315789473,,20.210526315789473,,0,0,0,0,0,1,1
16717,Turk St & Central Ave,31,BALBOA,3,005B95,FFFFFF,1,Cyril Magnin St & Market St@@@98,Cyril Magnin St & Market St@@@40,,05:16:33,21:19:41,20.05263157894737,,20.05263157894737,,0,0,0,0,0,1,1
16718,Turk St & Hyde St,31,BALBOA,3,005B95,FFFFFF,0,Cabrillo St & La Playa St@@@98,Cabrillo St & La Playa St@@@42,,05:49:31,22:04:31,20.1,,20.1,,0,0,0,0,0,1,1
16719,Turk St & Jones St,31,BALBOA,3,005B95,FFFFFF,0,Cabrillo St & La Playa St@@@98,Cabrillo St & La Playa St@@@42,,05:47:42,22:02:42,20.1,,20.1,,0,0,0,0,0,1,1
16720,Turk St & Larkin St,31,BALBOA,3,005B95,FFFFFF,0,Cabrillo St & La Playa St@@@98,Cabrillo St & La Playa St@@@42,,05:50:15,22:05:15,20.1,,20.1,,0,0,0,0,0,1,1
16721,Turk St & Leavenworth St,31,BALBOA,3,005B95,FFFFFF,0,Cabrillo St & La Playa St@@@98,Cabrillo St & La Playa St@@@42,,05:48:36,22:03:36,20.1,,20.1,,0,0,0,0,0,1,1
16722,Turk St & Lyon St,31,BALBOA,3,005B95,FFFFFF,0,Cabrillo St & La Playa St@@@98,Cabrillo St & La Playa St@@@40,,06:00:10,22:17:52,20.210526315789473,,20.210526315789473,,0,0,0,0,0,1,1
16723,Turk St & Lyon St,31,BALBOA,3,005B95,FFFFFF,1,Cyril Magnin St & Market St@@@98,Cyril Magnin St & Market St@@@42,,05:17:06,21:20:21,20.15,,20.15,,0,0,0,0,0,1,1
16724,Turk St & Masonic Ave,31,BALBOA,3,005B95,FFFFFF,0,Cabrillo St & La Playa St@@@110,Cabrillo St & La Playa St@@@40,,04:34:00,22:19:00,20.210526315789473,,20.210526315789473,,0,0,0,0,0,1,1
16725,Turk St & Masonic Ave,31,BALBOA,3,005B95,FFFFFF,1,Cyril Magnin St & Market St@@@98###Masonic Ave & Geary Blvd@@@12,Cyril Magnin St & Market St@@@40,,05:16:00,22:56:00,20.05263157894737,,20.05263157894737,,0,0,0,0,0,1,1
16727,Turk St & Parker Ave,31,BALBOA,3,005B95,FFFFFF,0,Cabrillo St & La Playa St@@@110,Cabrillo St & La Playa St@@@40,,04:35:08,22:20:51,20.263157894736842,,20.263157894736842,,0,0,0,0,0,1,1
16728,Turk St & Parker Ave,31,BALBOA,3,005B95,FFFFFF,1,Cyril Magnin St & Market St@@@98###Masonic Ave & Geary Blvd@@@12,Cyril Magnin St & Market St@@@42,,05:14:33,22:54:33,20.05,,20.05,,0,0,0,0,0,1,1
16729,Turk St & Roselyn Ter,31,BALBOA,3,005B95,FFFFFF,1,Cyril Magnin St & Market St@@@98###Masonic Ave & Geary Blvd@@@12,Cyril Magnin St & Market St@@@40,,05:15:30,22:55:30,20.05263157894737,,20.05263157894737,,0,0,0,0,0,1,1
16730,Turk St & Roselyn Ter,31,BALBOA,3,005B95,FFFFFF,0,Cabrillo St & La Playa St@@@110,Cabrillo St & La Playa St@@@40,,04:34:31,22:19:49,20.210526315789473,,20.210526315789473,,0,0,0,0,0,1,1
16731,Turk St & Stanyan St,31,BALBOA,3,005B95,FFFFFF,0,Cabrillo St & La Playa St@@@110,Cabrillo St & La Playa St@@@40,,04:35:31,22:21:29,20.210526315789473,,20.210526315789473,,0,0,0,0,0,1,1
16732,Turk St & Stanyan St,31,BALBOA,3,005B95,FFFFFF,1,Cyril Magnin St & Market St@@@98###Masonic Ave & Geary Blvd@@@12,Cyril Magnin St & Market St@@@42,,05:14:10,22:54:10,20.0,,20.0,,0,0,0,0,0,1,1
16733,Turk St & Taylor St,31,BALBOA,3,005B95,FFFFFF,0,Cabrillo St & La Playa St@@@98,Cabrillo St & La Playa St@@@40,,05:45:56,22:00:56,20.05263157894737,,20.05263157894737,,0,0,0,0,0,1,1
16735,Ulloa St & 30th Ave,66,QUINTARA,3,005B95,FFFFFF,1,9th Ave & Judah St@@@86,9th Ave & Judah St@@@42,,08:13:34,22:12:34,20.0,,20.0,,0,0,0,0,0,1,1
16736,Ulloa St & Forest Side Ave,48,QUINTARA-24TH STREET,3,005B95,FFFFFF,0,Lower Great Hwy & Rivera St@@@110,Lower Great Hwy & Rivera St@@@42,,05:30:37,24:30:37,20.05,,20.05,,0,0,0,0,0,1,1
16736,Ulloa St & Forest Side Ave,LOWL,OWL TARAVAL,3,666666,FFFFFF,0,Wawona/46th Ave /Sf Zoo@@@28,,Wawona/46th Ave /Sf Zoo@@@20,24:22:31,29:47:31,,25.0,,25.0,0,0,0,0,0,1,1
16737,Ulloa St & Forest Side Ave,48,QUINTARA-24TH STREET,3,005B95,FFFFFF,1,22nd St Caltrain Station/Iowa@@@108,22nd St Caltrain Station/Iowa@@@42,,05:34:53,24:13:59,20.0,,20.0,,0,0,0,0,0,1,1
16737,Ulloa St & Forest Side Ave,LOWL,OWL TARAVAL,3,666666,FFFFFF,1,Jones St & Beach St@@@30,,Jones St & Beach St@@@20,24:10:04,30:00:04,,25.0,,25.0,0,0,0,0,0,1,1
16738,Ulloa St & Lenox Way,48,QUINTARA-24TH STREET,3,005B95,FFFFFF,0,Lower Great Hwy & Rivera St@@@110,Lower Great Hwy & Rivera St@@@42,,05:30:00,24:30:00,20.05,,20.05,,0,0,0,0,0,1,1
16738,Ulloa St & Lenox Way,L,TARAVAL,0,942D83,FFFFFF,0,47th Ave & Cutler Ave@@@26,,,05:24:00,08:11:00,,,,,0,0,0,0,0,1,1
16738,Ulloa St & Lenox Way,LOWL,OWL TARAVAL,3,666666,FFFFFF,0,Wawona/46th Ave /Sf Zoo@@@28,,Wawona/46th Ave /Sf Zoo@@@20,24:22:00,29:47:00,,25.0,,25.0,0,0,0,0,0,1,1
16739,West Portal Station,K,INGLESIDE,0,437C93,FFFFFF,0,Balboa Park BART/Mezzanine Level@@@146,Balboa Park BART/Mezzanine Level@@@70,,08:00:00,24:15:00,12.058823529411764,,12.058823529411764,,0,0,0,0,0,1,1
16739,West Portal Station,L,TARAVAL,0,942D83,FFFFFF,0,47th Ave & Cutler Ave@@@142,47th Ave & Cutler Ave@@@70,,08:21:00,24:10:00,12.058823529411764,,12.058823529411764,,0,0,0,0,0,1,1
16739,West Portal Station,M,OCEAN VIEW,0,008547,FFFFFF,0,San Jose Ave & Niagra Ave@@@144,San Jose Ave & Niagra Ave@@@70,,08:13:00,24:04:00,12.058823529411764,,12.058823529411764,,0,0,0,0,0,1,1
16740,West Portal Station,K,INGLESIDE,0,437C93,FFFFFF,1,Metro Embarcadero Station@@@140###The Embarcadero & Folsom St@@@4###West Portal Station@@@2,Metro Embarcadero Station@@@70,,08:02:00,24:00:00,12.088235294117647,,12.088235294117647,,0,0,0,0,0,1,1
16740,West Portal Station,L,TARAVAL,0,942D83,FFFFFF,1,Metro Embarcadero Station@@@138###The Embarcadero & Folsom St@@@6,Metro Embarcadero Station@@@68,,08:10:00,23:59:00,12.090909090909092,,12.090909090909092,,0,0,0,0,0,1,1
16740,West Portal Station,M,OCEAN VIEW,0,008547,FFFFFF,1,Metro Embarcadero Station@@@138###The Embarcadero & Folsom St@@@6,Metro Embarcadero Station@@@70,,08:06:00,23:50:00,12.088235294117647,,12.088235294117647,,0,0,0,0,0,1,1
16744,Ulloa St & West Portal Ave,57,PARKMERCED,3,005B95,FFFFFF,0,Daly City BART Stop B3@@@92,Daly City BART Stop B3@@@34,,05:00:00,22:00:00,25.0,,25.0,,0,0,0,0,0,1,1
16744,Ulloa St & West Portal Ave,M,OCEAN VIEW,0,008547,FFFFFF,0,San Jose Ave & Niagra Ave@@@28,,,05:40:00,24:49:00,,,,,0,0,0,0,0,1,1
16745,Union St & Baker St,45,UNION-STOCKTON,3,005B95,FFFFFF,0,Lyon St & Greenwich St@@@138,Lyon St & Greenwich St@@@56,,04:33:24,22:28:17,15.222222222222221,,15.222222222222221,,0,0,0,0,0,1,1
16746,Union St & Baker St,45,UNION-STOCKTON,3,005B95,FFFFFF,1,Townsend St & Lusk St/Caltrain@@@132###Union St & Pierce St@@@6,Townsend St & Lusk St/Caltrain@@@56,,04:41:01,22:31:01,15.0,,15.0,,0,0,0,0,0,1,1
16748,Union St & Buchanan St,45,UNION-STOCKTON,3,005B95,FFFFFF,1,Townsend St & Lusk St/Caltrain@@@132,Townsend St & Lusk St/Caltrain@@@56,,04:44:49,22:04:49,15.0,,15.0,,0,0,0,0,0,1,1
16750,Union St & Columbus Ave,39,COIT,3,005B95,FFFFFF,1,North Point St & Stockton St@@@62,North Point St & Stockton St@@@40,,09:30:00,19:30:00,20.0,,20.0,,0,0,0,0,0,1,1
16750,Union St & Columbus Ave,45,UNION-STOCKTON,3,005B95,FFFFFF,0,Lyon St & Greenwich St@@@124,Lyon St & Greenwich St@@@56,,05:37:00,22:17:00,15.11111111111111,,15.11111111111111,,0,0,0,0,0,1,1
16751,Union St & Columbus Ave,39,COIT,3,005B95,FFFFFF,0,Coit Tower@@@62,Coit Tower@@@42,,09:15:00,19:15:00,20.0,,20.0,,0,0,0,0,0,1,1
16751,Union St & Columbus Ave,45,UNION-STOCKTON,3,005B95,FFFFFF,1,Townsend St & Lusk St/Caltrain@@@132,Townsend St & Lusk St/Caltrain@@@56,,04:52:00,22:11:00,15.037037037037036,,15.037037037037036,,0,0,0,0,0,1,1
16752,Union St & Divisadero St,45,UNION-STOCKTON,3,005B95,FFFFFF,0,Lyon St & Greenwich St@@@138,Lyon St & Greenwich St@@@56,,04:32:10,22:27:29,15.222222222222221,,15.222222222222221,,0,0,0,0,0,1,1
16753,Union St & Divisadero St,45,UNION-STOCKTON,3,005B95,FFFFFF,1,Townsend St & Lusk St/Caltrain@@@132###Union St & Pierce St@@@6,Townsend St & Lusk St/Caltrain@@@56,,04:41:56,22:31:56,15.0,,15.0,,0,0,0,0,0,1,1
16754,Union St & Fillmore St,22,FILLMORE,3,005B95,FFFFFF,0,Fillmore St & Sutter St@@@16###Mission Bay North & 4th St@@@266,Mission Bay North & 4th St@@@110,Fillmore St & Sutter St@@@2###Mission Bay North & 4th St@@@14,05:37:04,29:45:04,7.648148148148148,28.428571428571427,7.648148148148148,28.428571428571427,0,0,0,0,0,1,1
16754,Union St & Fillmore St,45,UNION-STOCKTON,3,005B95,FFFFFF,0,Lyon St & Greenwich St@@@124,Lyon St & Greenwich St@@@56,,05:45:00,22:26:00,15.222222222222221,,15.222222222222221,,0,0,0,0,0,1,1
16755,Union St & Fillmore St,45,UNION-STOCKTON,3,005B95,FFFFFF,1,Townsend St & Lusk St/Caltrain@@@132,Townsend St & Lusk St/Caltrain@@@56,,04:43:58,22:03:58,15.0,,15.0,,0,0,0,0,0,1,1
16756,Union St & Gough St,45,UNION-STOCKTON,3,005B95,FFFFFF,0,Lyon St & Greenwich St@@@124,Lyon St & Greenwich St@@@56,,05:42:04,22:23:04,15.148148148148149,,15.148148148148149,,0,0,0,0,0,1,1
16757,Union St & Gough St,45,UNION-STOCKTON,3,005B95,FFFFFF,1,Townsend St & Lusk St/Caltrain@@@132,Townsend St & Lusk St/Caltrain@@@56,,04:46:10,22:06:10,15.037037037037036,,15.037037037037036,,0,0,0,0,0,1,1
16758,Union St & Grant Ave,39,COIT,3,005B95,FFFFFF,1,North Point St & Stockton St@@@62,North Point St & Stockton St@@@40,,09:28:45,19:28:45,20.0,,20.0,,0,0,0,0,0,1,1
16759,Union St & Grant Ave,39,COIT,3,005B95,FFFFFF,1,North Point St & Stockton St@@@62,North Point St & Stockton St@@@40,,09:25:28,19:25:28,20.0,,20.0,,0,0,0,0,0,1,1
16760,Union St & Hyde St,45,UNION-STOCKTON,3,005B95,FFFFFF,0,Lyon St & Greenwich St@@@124,Lyon St & Greenwich St@@@54,,05:39:27,22:20:04,15.115384615384615,,15.115384615384615,,0,0,0,0,0,1,1
16761,Union St & Hyde St,45,UNION-STOCKTON,3,005B95,FFFFFF,1,Townsend St & Lusk St/Caltrain@@@132,Townsend St & Lusk St/Caltrain@@@56,,04:48:43,22:08:23,15.037037037037036,,15.037037037037036,,0,0,0,0,0,1,1
16762,Union St & Jones St,45,UNION-STOCKTON,3,005B95,FFFFFF,0,Lyon St & Greenwich St@@@124,Lyon St & Greenwich St@@@54,,05:38:32,22:18:55,15.153846153846153,,15.153846153846153,,0,0,0,0,0,1,1
16763,Union St & Jones St,45,UNION-STOCKTON,3,005B95,FFFFFF,1,Townsend St & Lusk St/Caltrain@@@132,Townsend St & Lusk St/Caltrain@@@56,,04:49:52,22:09:17,15.037037037037036,,15.037037037037036,,0,0,0,0,0,1,1
16764,Union St & Kearny St,39,COIT,3,005B95,FFFFFF,1,North Point St & Stockton St@@@62,North Point St & Stockton St@@@40,,09:27:53,19:27:53,20.0,,20.0,,0,0,0,0,0,1,1
16765,Union St & Kearny St,39,COIT,3,005B95,FFFFFF,1,North Point St & Stockton St@@@62,North Point St & Stockton St@@@40,,09:26:09,19:26:09,20.0,,20.0,,0,0,0,0,0,1,1
16766,Union St & Larkin St,45,UNION-STOCKTON,3,005B95,FFFFFF,0,Lyon St & Greenwich St@@@124,Lyon St & Greenwich St@@@54,,05:39:54,22:20:37,15.153846153846153,,15.153846153846153,,0,0,0,0,0,1,1
16767,Union St & Larkin St,45,UNION-STOCKTON,3,005B95,FFFFFF,1,Townsend St & Lusk St/Caltrain@@@132,Townsend St & Lusk St/Caltrain@@@56,,04:48:15,22:08:00,15.037037037037036,,15.037037037037036,,0,0,0,0,0,1,1
16768,Union St & Leavenworth St,45,UNION-STOCKTON,3,005B95,FFFFFF,0,Lyon St & Greenwich St@@@124,Lyon St & Greenwich St@@@54,,05:39:03,22:19:34,15.153846153846153,,15.153846153846153,,0,0,0,0,0,1,1
16769,Union St & Leavenworth St,45,UNION-STOCKTON,3,005B95,FFFFFF,1,Townsend St & Lusk St/Caltrain@@@132,Townsend St & Lusk St/Caltrain@@@56,,04:49:17,22:08:50,15.037037037037036,,15.037037037037036,,0,0,0,0,0,1,1
16770,Union St & Laguna St,45,UNION-STOCKTON,3,005B95,FFFFFF,0,Lyon St & Greenwich St@@@124,Lyon St & Greenwich St@@@56,,05:43:16,22:24:16,15.185185185185185,,15.185185185185185,,0,0,0,0,0,1,1
16771,Union St & Laguna St,45,UNION-STOCKTON,3,005B95,FFFFFF,1,Townsend St & Lusk St/Caltrain@@@132,Townsend St & Lusk St/Caltrain@@@56,,04:45:16,22:05:16,15.037037037037036,,15.037037037037036,,0,0,0,0,0,1,1
16773,Union St & Mason St,45,UNION-STOCKTON,3,005B95,FFFFFF,0,Lyon St & Greenwich St@@@124,Lyon St & Greenwich St@@@56,,05:37:38,22:17:47,15.11111111111111,,15.11111111111111,,0,0,0,0,0,1,1
16774,Union St & Mason St,45,UNION-STOCKTON,3,005B95,FFFFFF,1,Townsend St & Lusk St/Caltrain@@@132,Townsend St & Lusk St/Caltrain@@@56,,04:51:00,22:10:12,15.037037037037036,,15.037037037037036,,0,0,0,0,0,1,1
16775,Union St & Montgomery St,39,COIT,3,005B95,FFFFFF,1,North Point St & Stockton St@@@62,North Point St & Stockton St@@@40,,09:27:01,19:27:01,20.0,,20.0,,0,0,0,0,0,1,1
16776,Union St & Montgomery St,39,COIT,3,005B95,FFFFFF,1,North Point St & Stockton St@@@62,North Point St & Stockton St@@@40,,09:27:00,19:27:00,20.0,,20.0,,0,0,0,0,0,1,1
16777,Union St & Pierce St,45,UNION-STOCKTON,3,005B95,FFFFFF,0,Lyon St & Greenwich St@@@138,Lyon St & Greenwich St@@@56,,04:31:00,22:26:43,15.222222222222221,,15.222222222222221,,0,0,0,0,0,1,1
16778,Union St & Pierce St,45,UNION-STOCKTON,3,005B95,FFFFFF,1,Townsend St & Lusk St/Caltrain@@@132###Union St & Pierce St@@@6,Townsend St & Lusk St/Caltrain@@@56,,04:43:00,22:33:00,15.0,,15.0,,0,0,0,0,0,1,1
16779,Union St & Polk St,45,UNION-STOCKTON,3,005B95,FFFFFF,0,Lyon St & Greenwich St@@@124,Lyon St & Greenwich St@@@54,,05:40:26,22:21:18,15.153846153846153,,15.153846153846153,,0,0,0,0,0,1,1
16780,Union St & Polk St,45,UNION-STOCKTON,3,005B95,FFFFFF,1,Townsend St & Lusk St/Caltrain@@@132,Townsend St & Lusk St/Caltrain@@@56,,04:47:35,22:07:28,15.037037037037036,,15.037037037037036,,0,0,0,0,0,1,1
16782,Union St & Stockton St,39,COIT,3,005B95,FFFFFF,0,Coit Tower@@@62,Coit Tower@@@42,,09:15:24,19:15:24,20.0,,20.0,,0,0,0,0,0,1,1
16783,Union St & Taylor St,45,UNION-STOCKTON,3,005B95,FFFFFF,0,Lyon St & Greenwich St@@@124,Lyon St & Greenwich St@@@56,,05:38:05,22:18:22,15.11111111111111,,15.11111111111111,,0,0,0,0,0,1,1
16785,Union St & Taylor St,45,UNION-STOCKTON,3,005B95,FFFFFF,1,Townsend St & Lusk St/Caltrain@@@132,Townsend St & Lusk St/Caltrain@@@56,,04:50:26,22:09:44,15.037037037037036,,15.037037037037036,,0,0,0,0,0,1,1
16786,Union St & Van Ness Ave,45,UNION-STOCKTON,3,005B95,FFFFFF,0,Lyon St & Greenwich St@@@124,Lyon St & Greenwich St@@@56,,05:41:00,22:22:00,15.148148148148149,,15.148148148148149,,0,0,0,0,0,1,1
16787,Union St & Van Ness Ave,45,UNION-STOCKTON,3,005B95,FFFFFF,1,Townsend St & Lusk St/Caltrain@@@132,Townsend St & Lusk St/Caltrain@@@56,,04:47:00,22:07:00,15.037037037037036,,15.037037037037036,,0,0,0,0,0,1,1
16788,University St & Bacon St,54,FELTON,3,005B95,FFFFFF,1,Newhall St & Hudson@@@96,Newhall St & Hudson@@@42,,05:59:27,22:21:53,20.1,,20.1,,0,0,0,0,0,1,1
16789,University St & Bacon St,54,FELTON,3,005B95,FFFFFF,0,Daly City BART Stop A2@@@94,Daly City BART Stop A2@@@42,,06:07:01,22:18:43,20.1,,20.1,,0,0,0,0,0,1,1
16792,University St & Felton St,54,FELTON,3,005B95,FFFFFF,0,Daly City BART Stop A2@@@94,Daly City BART Stop A2@@@42,,06:07:45,22:19:25,20.1,,20.1,,0,0,0,0,0,1,1
16793,University St & Woolsey St,54,FELTON,3,005B95,FFFFFF,1,Newhall St & Hudson@@@96,Newhall St & Hudson@@@42,,06:00:18,22:22:51,20.1,,20.1,,0,0,0,0,0,1,1
16796,Upper Ter & Buena Vista Ave West,37,CORBETT,3,005B95,FFFFFF,1,Masonic Ave & Haight St@@@54,Masonic Ave & Haight St@@@28,,09:13:26,22:11:26,30.0,,30.0,,0,0,0,0,0,1,1
16797,Upper Ter & Masonic Ave,37,CORBETT,3,005B95,FFFFFF,1,Masonic Ave & Haight St@@@54,Masonic Ave & Haight St@@@28,,09:13:39,22:11:39,30.076923076923077,,30.076923076923077,,0,0,0,0,0,1,1
16800,Van Ness Ave & Chestnut St,28,19TH AVENUE,3,005B95,FFFFFF,1,Powell St & Beach St@@@170,Powell St & Beach St@@@68,,05:39:27,24:41:21,12.454545454545455,,12.454545454545455,,0,0,0,0,0,1,1
16800,Van Ness Ave & Chestnut St,49,VAN NESS-MISSION,3,005B95,FFFFFF,1,Van Ness Ave & North Point St@@@262,Van Ness Ave & North Point St@@@106,,05:39:41,24:39:41,8.01923076923077,,8.01923076923077,,0,0,0,0,0,1,1
16800,Van Ness Ave & Chestnut St,90,SAN BRUNO OWL,3,666666,FFFFFF,1,Van Ness Ave & North Point St@@@20,,Van Ness Ave & North Point St@@@14,24:41:54,29:11:54,,30.0,,30.0,0,0,0,0,0,1,1
16800,Van Ness Ave & Chestnut St,91,3RD-19TH AVE OWL,3,666666,FFFFFF,0,Ulloa St & West Portal Ave@@@22,,Ulloa St & West Portal Ave@@@16,24:33:00,29:33:00,,30.0,,30.0,0,0,0,0,0,1,1
16801,Van Ness Ave & Chestnut St,28,19TH AVENUE,3,005B95,FFFFFF,0,Daly City BART Stop D4@@@168,Daly City BART Stop D4@@@70,,05:05:56,24:09:07,11.941176470588236,,11.941176470588236,,0,0,0,0,0,1,1
16801,Van Ness Ave & Chestnut St,30,STOCKTON,3,005B95,FFFFFF,0,Crissy Field Terminal@@@104###Divisadero St & Chestnut St@@@36,Crissy Field Terminal@@@54,,05:28:03,24:21:50,15.23076923076923,,15.23076923076923,,0,0,0,0,0,1,1
16801,Van Ness Ave & Chestnut St,49,VAN NESS-MISSION,3,005B95,FFFFFF,0,City College Terminal@@@264,City College Terminal@@@104,,05:02:31,24:03:09,8.019607843137255,,8.019607843137255,,0,0,0,0,0,1,1
16801,Van Ness Ave & Chestnut St,90,SAN BRUNO OWL,3,666666,FFFFFF,0,Bayshore Blvd & Arleta Ave@@@22,,Bayshore Blvd & Arleta Ave@@@14,24:18:05,29:18:05,,30.0,,30.0,0,0,0,0,0,1,1
16801,Van Ness Ave & Chestnut St,91,3RD-19TH AVE OWL,3,666666,FFFFFF,1,19th Ave & Holloway/Sf State@@@24,,19th Ave & Holloway/Sf State@@@18,24:54:00,30:24:00,,30.0,,30.0,0,0,0,0,0,1,1
16806,Van Ness Ave & Bay St,28,19TH AVENUE,3,005B95,FFFFFF,1,Powell St & Beach St@@@170,Powell St & Beach St@@@68,,05:40:00,24:42:00,12.454545454545455,,12.454545454545455,,0,0,0,0,0,1,1
16806,Van Ness Ave & Bay St,30,STOCKTON,3,005B95,FFFFFF,1,Townsend St & 4th St/Caltrain@@@136,Townsend St & 4th St/Caltrain@@@56,,06:00:20,24:07:20,15.037037037037036,,15.037037037037036,,0,0,0,0,0,1,1
16806,Van Ness Ave & Bay St,49,VAN NESS-MISSION,3,005B95,FFFFFF,1,Van Ness Ave & North Point St@@@262,Van Ness Ave & North Point St@@@106,,05:40:24,24:40:24,8.01923076923077,,8.01923076923077,,0,0,0,0,0,1,1
16806,Van Ness Ave & Bay St,90,SAN BRUNO OWL,3,666666,FFFFFF,1,Van Ness Ave & North Point St@@@20,,Van Ness Ave & North Point St@@@14,24:42:30,29:12:30,,30.0,,30.0,0,0,0,0,0,1,1
16806,Van Ness Ave & Bay St,91,3RD-19TH AVE OWL,3,666666,FFFFFF,0,Ulloa St & West Portal Ave@@@22,,Ulloa St & West Portal Ave@@@16,24:33:38,29:33:38,,30.0,,30.0,0,0,0,0,0,1,1
16819,Van Ness Ave & North Point St,28,19TH AVENUE,3,005B95,FFFFFF,0,Daly City BART Stop D4@@@168,Daly City BART Stop D4@@@70,,05:05:00,24:08:00,11.941176470588236,,11.941176470588236,,0,0,0,0,0,1,1
16819,Van Ness Ave & North Point St,30,STOCKTON,3,005B95,FFFFFF,0,Crissy Field Terminal@@@104###Divisadero St & Chestnut St@@@36###Van Ness Ave & North Point St@@@54,Crissy Field Terminal@@@54###Van Ness Ave & North Point St@@@44,,05:27:00,24:21:00,15.23076923076923,,15.23076923076923,,0,0,0,0,0,1,1
16819,Van Ness Ave & North Point St,49,VAN NESS-MISSION,3,005B95,FFFFFF,0,City College Terminal@@@264,City College Terminal@@@104,,05:00:00,24:00:00,8.0,,8.0,,0,0,0,0,0,1,1
16819,Van Ness Ave & North Point St,91,3RD-19TH AVE OWL,3,666666,FFFFFF,1,19th Ave & Holloway/Sf State@@@24,,19th Ave & Holloway/Sf State@@@18,24:53:20,30:23:20,,30.0,,30.0,0,0,0,0,0,1,1
16835,Vicente St & 30th Ave,66,QUINTARA,3,005B95,FFFFFF,1,9th Ave & Judah St@@@86,9th Ave & Judah St@@@42,,08:13:00,22:12:00,20.0,,20.0,,0,0,0,0,0,1,1
16839,Van Dyke Ave & Jennings St,54,FELTON,3,005B95,FFFFFF,0,Daly City BART Stop A2@@@94,Daly City BART Stop A2@@@42,,05:56:44,22:07:35,20.0,,20.0,,0,0,0,0,0,1,1
16840,Van Dyke Ave & Jennings St,54,FELTON,3,005B95,FFFFFF,1,Newhall St & Hudson@@@96,Newhall St & Hudson@@@42,,06:10:20,22:34:20,20.2,,20.2,,0,0,0,0,0,1,1
16841,Van Dyke Ave & Keith St,54,FELTON,3,005B95,FFFFFF,0,Daly City BART Stop A2@@@94,Daly City BART Stop A2@@@42,,05:57:22,22:08:17,20.0,,20.0,,0,0,0,0,0,1,1
16842,Van Dyke Ave & Keith St,54,FELTON,3,005B95,FFFFFF,1,Newhall St & Hudson@@@96,Newhall St & Hudson@@@42,,06:09:51,22:33:51,20.2,,20.2,,0,0,0,0,0,1,1
16844,Vesta St & Phelps St,54,FELTON,3,005B95,FFFFFF,0,Daly City BART Stop A2@@@94,Daly City BART Stop A2@@@42,,06:01:38,22:13:22,20.05,,20.05,,0,0,0,0,0,1,1
16845,Visitacion Ave & Britton St,8,BAYSHORE,3,005B95,FFFFFF,0,City College Terminal@@@260,City College Terminal@@@116,,05:33:10,24:37:34,7.2105263157894735,,7.2105263157894735,,0,0,0,0,0,1,1
16845,Visitacion Ave & Britton St,91,3RD-19TH AVE OWL,3,666666,FFFFFF,0,Ulloa St & West Portal Ave@@@26,,Ulloa St & West Portal Ave@@@18,24:19:12,30:19:12,,30.0,,30.0,0,0,0,0,0,1,1
16846,Visitacion Ave & Britton St,91,3RD-19TH AVE OWL,3,666666,FFFFFF,1,19th Ave & Holloway/Sf State@@@24,,19th Ave & Holloway/Sf State@@@16,24:08:29,29:38:29,,30.0,,30.0,0,0,0,0,0,1,1
16847,Visitacion Ave & Bay Shore Blvd,8,BAYSHORE,3,005B95,FFFFFF,0,City College Terminal@@@260,City College Terminal@@@118,,05:31:20,24:35:24,7.206896551724138,,7.206896551724138,,0,0,0,0,0,1,1
16847,Visitacion Ave & Bay Shore Blvd,91,3RD-19TH AVE OWL,3,666666,FFFFFF,0,Ulloa St & West Portal Ave@@@26,,Ulloa St & West Portal Ave@@@18,24:17:31,30:17:31,,30.0,,30.0,0,0,0,0,0,1,1
16848,Visitacion Ave & Cora St,8,BAYSHORE,3,005B95,FFFFFF,1,Kearny St & North Point St@@@264,Kearny St & North Point St@@@120,,05:13:42,24:15:42,7.016949152542373,,7.016949152542373,,0,0,0,0,0,1,1
16848,Visitacion Ave & Cora St,91,3RD-19TH AVE OWL,3,666666,FFFFFF,1,19th Ave & Holloway/Sf State@@@24,,19th Ave & Holloway/Sf State@@@16,24:09:16,29:39:16,,30.0,,30.0,0,0,0,0,0,1,1
16850,Visitacion Ave & Rutland St,8,BAYSHORE,3,005B95,FFFFFF,0,City College Terminal@@@260,City College Terminal@@@118,,05:32:06,24:36:18,7.206896551724138,,7.206896551724138,,0,0,0,0,0,1,1
16850,Visitacion Ave & Rutland St,91,3RD-19TH AVE OWL,3,666666,FFFFFF,0,Ulloa St & West Portal Ave@@@26,,Ulloa St & West Portal Ave@@@18,24:18:14,30:18:14,,30.0,,30.0,0,0,0,0,0,1,1
16851,Visitacion Ave & Rutland St,8,BAYSHORE,3,005B95,FFFFFF,1,Kearny St & North Point St@@@264,Kearny St & North Point St@@@120,,05:13:53,24:15:53,7.016949152542373,,7.016949152542373,,0,0,0,0,0,1,1
16851,Visitacion Ave & Rutland St,91,3RD-19TH AVE OWL,3,666666,FFFFFF,1,19th Ave & Holloway/Sf State@@@24,,19th Ave & Holloway/Sf State@@@16,24:09:26,29:39:26,,30.0,,30.0,0,0,0,0,0,1,1
16852,Visitacion Ave & Sawyer St,8,BAYSHORE,3,005B95,FFFFFF,0,City College Terminal@@@260,City College Terminal@@@116,,05:33:36,24:38:05,7.2105263157894735,,7.2105263157894735,,0,0,0,0,0,1,1
16852,Visitacion Ave & Sawyer St,91,3RD-19TH AVE OWL,3,666666,FFFFFF,0,Ulloa St & West Portal Ave@@@26,,Ulloa St & West Portal Ave@@@18,24:19:36,30:19:36,,30.0,,30.0,0,0,0,0,0,1,1
16853,Visitacion Ave & Sawyer St,91,3RD-19TH AVE OWL,3,666666,FFFFFF,1,19th Ave & Holloway/Sf State@@@24,,19th Ave & Holloway/Sf State@@@16,24:08:04,29:38:04,,30.0,,30.0,0,0,0,0,0,1,1
16854,Visitacion Ave & Schwerin St,8,BAYSHORE,3,005B95,FFFFFF,0,City College Terminal@@@260,City College Terminal@@@116,,05:32:44,24:37:03,7.2105263157894735,,7.2105263157894735,,0,0,0,0,0,1,1
16854,Visitacion Ave & Schwerin St,91,3RD-19TH AVE OWL,3,666666,FFFFFF,0,Ulloa St & West Portal Ave@@@26,,Ulloa St & West Portal Ave@@@18,24:18:48,30:18:48,,30.0,,30.0,0,0,0,0,0,1,1
16855,Visitacion Ave & Schwerin St,8,BAYSHORE,3,005B95,FFFFFF,1,Kearny St & North Point St@@@264,Kearny St & North Point St@@@120,,05:13:12,24:15:12,7.016949152542373,,7.016949152542373,,0,0,0,0,0,1,1
16855,Visitacion Ave & Schwerin St,91,3RD-19TH AVE OWL,3,666666,FFFFFF,1,19th Ave & Holloway/Sf State@@@24,,19th Ave & Holloway/Sf State@@@16,24:08:52,29:38:52,,30.0,,30.0,0,0,0,0,0,1,1
16877,Valencia St & 24th St,27,BRYANT,3,005B95,FFFFFF,1,Jackson St & Van Ness Ave@@@104,Jackson St & Van Ness Ave@@@42,,05:00:41,22:00:47,19.85,,19.85,,0,0,0,0,0,1,1
16879,Valencia St & 25th St,27,BRYANT,3,005B95,FFFFFF,1,Jackson St & Van Ness Ave@@@104,Jackson St & Van Ness Ave@@@42,,05:01:16,22:01:27,19.85,,19.85,,0,0,0,0,0,1,1
16882,Valencia St & Cesar Chavez St,12,FOLSOM-PACIFIC,3,005B95,FFFFFF,1,Jackson St & Van Ness Ave@@@98,Jackson St & Van Ness Ave@@@42,,06:10:00,22:10:00,19.95,,19.95,,0,0,0,0,0,1,1
16896,West Portal Ave & 14th Ave,57,PARKMERCED,3,005B95,FFFFFF,1,Ulloa St & West Portal Ave@@@92,Ulloa St & West Portal Ave@@@34,,05:22:10,22:24:10,25.125,,25.125,,0,0,0,0,0,1,1
16898,West Portal Ave & 14th Ave,91,3RD-19TH AVE OWL,3,666666,FFFFFF,0,Ulloa St & West Portal Ave@@@26,,Ulloa St & West Portal Ave@@@20,24:42:34,30:42:34,,30.0,,30.0,0,0,0,0,0,1,1
16898,West Portal Ave & 14th Ave,K,INGLESIDE,0,437C93,FFFFFF,1,Metro Embarcadero Station@@@140###The Embarcadero & Folsom St@@@4###West Portal Station@@@2,Metro Embarcadero Station@@@68,,07:59:40,23:58:00,12.090909090909092,,12.090909090909092,,0,0,0,0,0,1,1
16898,West Portal Ave & 14th Ave,KBUS,INGLESIDE BUS,3,437C93,FFFFFF,1,Steuart St & Mission St@@@24,,,05:14:25,24:14:25,,,,,0,0,0,0,0,1,1
16898,West Portal Ave & 14th Ave,M,OCEAN VIEW,0,008547,FFFFFF,1,Metro Embarcadero Station@@@138###The Embarcadero & Folsom St@@@6###Ulloa St & Lenox Way@@@28,Metro Embarcadero Station@@@70,,05:21:00,23:47:40,12.088235294117647,,12.088235294117647,,0,0,0,0,0,1,1
16899,West Portal Ave & 15th Ave,57,PARKMERCED,3,005B95,FFFFFF,1,Ulloa St & West Portal Ave@@@92,Ulloa St & West Portal Ave@@@34,,05:21:37,22:23:37,25.125,,25.125,,0,0,0,0,0,1,1
16904,West Portal Ave & Vicente St,57,PARKMERCED,3,005B95,FFFFFF,0,Daly City BART Stop B3@@@92,Daly City BART Stop B3@@@34,,05:00:34,22:00:34,25.0,,25.0,,0,0,0,0,0,1,1
16907,117 Warren Dr,36,TERESITA,3,005B95,FFFFFF,1,Laguna Honda Blvd/Forest Hill Sta@@@58,Laguna Honda Blvd/Forest Hill Sta@@@28,,09:01:20,22:53:20,30.0,,30.0,,0,0,0,0,0,1,1
16908,345 Warren Dr E,36,TERESITA,3,005B95,FFFFFF,1,Laguna Honda Blvd/Forest Hill Sta@@@58,Laguna Honda Blvd/Forest Hill Sta@@@28,,09:02:17,22:54:17,30.0,,30.0,,0,0,0,0,0,1,1
16909,400 Warren Dr E,36,TERESITA,3,005B95,FFFFFF,1,Laguna Honda Blvd/Forest Hill Sta@@@58,Laguna Honda Blvd/Forest Hill Sta@@@28,,09:02:38,22:54:38,30.0,,30.0,,0,0,0,0,0,1,1
16910,455 Warren Dr,36,TERESITA,3,005B95,FFFFFF,1,Laguna Honda Blvd/Forest Hill Sta@@@58,Laguna Honda Blvd/Forest Hill Sta@@@28,,09:02:50,22:54:50,30.0,,30.0,,0,0,0,0,0,1,1
16911,Warren Dr & Christopher Dr,36,TERESITA,3,005B95,FFFFFF,1,Laguna Honda Blvd/Forest Hill Sta@@@58,Laguna Honda Blvd/Forest Hill Sta@@@28,,09:01:44,22:53:44,30.0,,30.0,,0,0,0,0,0,1,1
16912,Warren Dr & Devonshire Way,36,TERESITA,3,005B95,FFFFFF,1,Laguna Honda Blvd/Forest Hill Sta@@@58,Laguna Honda Blvd/Forest Hill Sta@@@28,,09:02:01,22:54:01,30.0,,30.0,,0,0,0,0,0,1,1
16913,Warren Dr & Locksley Ave,36,TERESITA,3,005B95,FFFFFF,1,Laguna Honda Blvd/Forest Hill Sta@@@58,Laguna Honda Blvd/Forest Hill Sta@@@28,,09:03:10,22:55:10,30.0,,30.0,,0,0,0,0,0,1,1
16914,Warren Dr & Oakpark Dr,36,TERESITA,3,005B95,FFFFFF,1,Laguna Honda Blvd/Forest Hill Sta@@@58,Laguna Honda Blvd/Forest Hill Sta@@@28,,09:00:47,22:52:47,30.0,,30.0,,0,0,0,0,0,1,1
16920,Washington St & Jones St,PH,POWELL-HYDE CABLE CAR,5,B49A36,000000,1,Powell St & Market St@@@204###Washington St & Mason St@@@12,Powell St & Market St@@@96,,07:18:21,23:43:31,8.53191489361702,,8.53191489361702,,0,0,0,0,0,1,1
16921,Washington St & Larkin St,27,BRYANT,3,005B95,FFFFFF,0,24th St & Mission St@@@102,24th St & Mission St@@@42,,05:11:45,22:02:20,20.0,,20.0,,0,0,0,0,0,1,1
16922,Washington St & Leavenworth St,PH,POWELL-HYDE CABLE CAR,5,B49A36,000000,1,Powell St & Market St@@@204###Washington St & Mason St@@@12,Powell St & Market St@@@96,,07:17:40,23:42:54,8.53191489361702,,8.53191489361702,,0,0,0,0,0,1,1
16924,Washington St & Mason St,PH,POWELL-HYDE CABLE CAR,5,B49A36,000000,1,Powell St & Market St@@@212###Washington St & Mason St@@@12,Powell St & Market St@@@102,,06:26:00,23:45:00,8.32,,8.32,,0,0,0,0,0,1,1
16927,Washington St & Powell St/Chinatown,PH,POWELL-HYDE CABLE CAR,5,B49A36,000000,1,Powell St & Market St@@@212,Powell St & Market St@@@102,,06:26:48,23:14:54,8.34,,8.34,,0,0,0,0,0,1,1
16927,Washington St & Powell St/Chinatown,PM,POWELL-MASON CABLE CAR,5,B49A36,000000,1,Powell St & Market St@@@176,Powell St & Market St@@@90,,06:31:48,23:09:50,9.454545454545455,,9.454545454545455,,0,0,0,0,0,1,1
16929,Washington St & Taylor St,PH,POWELL-HYDE CABLE CAR,5,B49A36,000000,1,Powell St & Market St@@@204###Washington St & Mason St@@@12,Powell St & Market St@@@96,,07:19:04,23:44:10,8.53191489361702,,8.53191489361702,,0,0,0,0,0,1,1
16931,Washington St & Webster St,24,DIVISADERO,3,005B95,FFFFFF,1,Jackson St & Webster St@@@158,Jackson St & Webster St@@@68,,05:46:42,23:59:42,12.242424242424242,,12.242424242424242,,0,0,0,0,0,1,1
16932,Wawona/46th Ave /Sf Zoo,L,TARAVAL,0,942D83,FFFFFF,1,Metro Embarcadero Station@@@138###The Embarcadero & Folsom St@@@6###Ulloa St & West Portal Ave@@@24,Metro Embarcadero Station@@@70,,06:00:00,24:32:00,12.088235294117647,,12.088235294117647,,0,0,0,0,0,1,1
16932,Wawona/46th Ave /Sf Zoo,LOWL,OWL TARAVAL,3,666666,FFFFFF,1,Jones St & Beach St@@@30,,Jones St & Beach St@@@20,24:00:00,29:50:00,,25.0,,25.0,0,0,0,0,0,1,1
16933,Woodside Ave & Balceta Ave,36,TERESITA,3,005B95,FFFFFF,0,Valencia St & Mission St@@@58,Valencia St & Mission St@@@28,,08:18:58,22:17:13,30.0,,30.0,,0,0,0,0,0,1,1
16933,Woodside Ave & Balceta Ave,44,O'SHAUGHNESSY,3,005B95,FFFFFF,0,Hudson Ave & 3rd St@@@166,Hudson Ave & 3rd St@@@68,,06:12:41,24:17:55,12.06060606060606,,12.06060606060606,,0,0,0,0,0,1,1
16933,Woodside Ave & Balceta Ave,52,EXCELSIOR,3,005B95,FFFFFF,0,Dublin St & La Grande Ave@@@58,Dublin St & La Grande Ave@@@28,,08:11:53,22:12:03,30.0,,30.0,,0,0,0,0,0,1,1
16933,Woodside Ave & Balceta Ave,LOWL,OWL TARAVAL,3,666666,FFFFFF,1,Jones St & Beach St@@@30,,Jones St & Beach St@@@20,24:13:31,30:03:31,,25.0,,25.0,0,0,0,0,0,1,1
16934,Woodside Ave & Hernandez Ave,36,TERESITA,3,005B95,FFFFFF,1,Laguna Honda Blvd/Forest Hill Sta@@@58,Laguna Honda Blvd/Forest Hill Sta@@@28,,08:51:30,22:43:48,30.0,,30.0,,0,0,0,0,0,1,1
16934,Woodside Ave & Hernandez Ave,44,O'SHAUGHNESSY,3,005B95,FFFFFF,1,California St & 6th Ave@@@170,California St & 6th Ave@@@70,,05:29:00,24:27:00,12.029411764705882,,12.029411764705882,,0,0,0,0,0,1,1
16934,Woodside Ave & Hernandez Ave,52,EXCELSIOR,3,005B95,FFFFFF,1,Laguna Honda Blvd/Forest Hill Sta@@@58,Laguna Honda Blvd/Forest Hill Sta@@@28,,08:22:31,22:20:31,30.307692307692307,,30.307692307692307,,0,0,0,0,0,1,1
16934,Woodside Ave & Hernandez Ave,LOWL,OWL TARAVAL,3,666666,FFFFFF,0,Wawona/46th Ave /Sf Zoo@@@28,,Wawona/46th Ave /Sf Zoo@@@18,24:19:15,29:44:15,,25.0,,25.0,0,0,0,0,0,1,1
16935,Woodside Ave & Hernandez Ave,36,TERESITA,3,005B95,FFFFFF,0,Valencia St & Mission St@@@58,Valencia St & Mission St@@@28,,08:19:10,22:17:28,30.0,,30.0,,0,0,0,0,0,1,1
16935,Woodside Ave & Hernandez Ave,44,O'SHAUGHNESSY,3,005B95,FFFFFF,0,Hudson Ave & 3rd St@@@166,Hudson Ave & 3rd St@@@68,,06:12:49,24:18:06,12.06060606060606,,12.06060606060606,,0,0,0,0,0,1,1
16935,Woodside Ave & Hernandez Ave,52,EXCELSIOR,3,005B95,FFFFFF,0,Dublin St & La Grande Ave@@@58,Dublin St & La Grande Ave@@@28,,08:12:03,22:12:16,30.0,,30.0,,0,0,0,0,0,1,1
16935,Woodside Ave & Hernandez Ave,LOWL,OWL TARAVAL,3,666666,FFFFFF,1,Jones St & Beach St@@@30,,Jones St & Beach St@@@20,24:13:40,30:03:40,,25.0,,25.0,0,0,0,0,0,1,1
16937,Woodside Ave & Portola Dr,36,TERESITA,3,005B95,FFFFFF,1,Laguna Honda Blvd/Forest Hill Sta@@@58,Laguna Honda Blvd/Forest Hill Sta@@@28,,08:50:33,22:43:02,30.0,,30.0,,0,0,0,0,0,1,1
16937,Woodside Ave & Portola Dr,44,O'SHAUGHNESSY,3,005B95,FFFFFF,1,California St & 6th Ave@@@170,California St & 6th Ave@@@70,,05:28:25,24:26:25,12.0,,12.0,,0,0,0,0,0,1,1
16937,Woodside Ave & Portola Dr,52,EXCELSIOR,3,005B95,FFFFFF,1,Laguna Honda Blvd/Forest Hill Sta@@@58,Laguna Honda Blvd/Forest Hill Sta@@@28,,08:21:43,22:19:43,30.307692307692307,,30.307692307692307,,0,0,0,0,0,1,1
16937,Woodside Ave & Portola Dr,KBUS,INGLESIDE BUS,3,437C93,FFFFFF,0,San Jose Ave & Geneva Ave@@@24,,,05:32:02,08:17:02,,,,,0,0,0,0,0,1,1
16937,Woodside Ave & Portola Dr,LOWL,OWL TARAVAL,3,666666,FFFFFF,0,Wawona/46th Ave /Sf Zoo@@@28,,Wawona/46th Ave /Sf Zoo@@@18,24:18:41,29:43:41,,25.0,,25.0,0,0,0,0,0,1,1
16938,Woodside Ave & Portola Dr,36,TERESITA,3,005B95,FFFFFF,0,Valencia St & Mission St@@@58,Valencia St & Mission St@@@28,,08:19:57,22:18:26,30.0,,30.0,,0,0,0,0,0,1,1
16938,Woodside Ave & Portola Dr,52,EXCELSIOR,3,005B95,FFFFFF,0,Dublin St & La Grande Ave@@@58,Dublin St & La Grande Ave@@@28,,08:12:45,22:13:06,30.0,,30.0,,0,0,0,0,0,1,1
16938,Woodside Ave & Portola Dr,LOWL,OWL TARAVAL,3,666666,FFFFFF,1,Jones St & Beach St@@@30,,Jones St & Beach St@@@20,24:14:18,30:04:18,,25.0,,25.0,0,0,0,0,0,1,1
16939,Woodside Ave & Ulloa St,36,TERESITA,3,005B95,FFFFFF,1,Laguna Honda Blvd/Forest Hill Sta@@@58,Laguna Honda Blvd/Forest Hill Sta@@@28,,08:50:58,22:43:23,30.0,,30.0,,0,0,0,0,0,1,1
16939,Woodside Ave & Ulloa St,44,O'SHAUGHNESSY,3,005B95,FFFFFF,1,California St & 6th Ave@@@170,California St & 6th Ave@@@70,,05:28:40,24:26:40,12.029411764705882,,12.029411764705882,,0,0,0,0,0,1,1
16939,Woodside Ave & Ulloa St,52,EXCELSIOR,3,005B95,FFFFFF,1,Laguna Honda Blvd/Forest Hill Sta@@@58,Laguna Honda Blvd/Forest Hill Sta@@@28,,08:22:04,22:20:04,30.307692307692307,,30.307692307692307,,0,0,0,0,0,1,1
16939,Woodside Ave & Ulloa St,LOWL,OWL TARAVAL,3,666666,FFFFFF,0,Wawona/46th Ave /Sf Zoo@@@28,,Wawona/46th Ave /Sf Zoo@@@18,24:18:56,29:43:56,,25.0,,25.0,0,0,0,0,0,1,1
16940,Woodside Ave & Ulloa St,36,TERESITA,3,005B95,FFFFFF,0,Valencia St & Mission St@@@58,Valencia St & Mission St@@@28,,08:19:33,22:17:57,30.0,,30.0,,0,0,0,0,0,1,1
16940,Woodside Ave & Ulloa St,44,O'SHAUGHNESSY,3,005B95,FFFFFF,0,Hudson Ave & 3rd St@@@166,Hudson Ave & 3rd St@@@68,,06:13:06,24:18:28,12.06060606060606,,12.06060606060606,,0,0,0,0,0,1,1
16940,Woodside Ave & Ulloa St,52,EXCELSIOR,3,005B95,FFFFFF,0,Dublin St & La Grande Ave@@@58,Dublin St & La Grande Ave@@@28,,08:12:24,22:12:41,30.0,,30.0,,0,0,0,0,0,1,1
16940,Woodside Ave & Ulloa St,LOWL,OWL TARAVAL,3,666666,FFFFFF,1,Jones St & Beach St@@@30,,Jones St & Beach St@@@20,24:13:59,30:03:59,,25.0,,25.0,0,0,0,0,0,1,1
16942,356 Wilde Ave,56,RUTLAND,3,005B95,FFFFFF,1,Visitacion Valley Middle School@@@86,Visitacion Valley Middle School@@@42,,07:07:58,21:08:06,20.0,,20.0,,0,0,0,0,0,1,1
16944,Wilde Ave & Brussels St,56,RUTLAND,3,005B95,FFFFFF,1,Visitacion Valley Middle School@@@86,Visitacion Valley Middle School@@@42,,07:07:05,21:07:12,20.0,,20.0,,0,0,0,0,0,1,1
16945,Wilde Ave & Delta St,56,RUTLAND,3,005B95,FFFFFF,1,Visitacion Valley Middle School@@@86,Visitacion Valley Middle School@@@42,,07:08:42,21:08:50,20.0,,20.0,,0,0,0,0,0,1,1
16946,Wilde Ave & Girard St,56,RUTLAND,3,005B95,FFFFFF,1,Visitacion Valley Middle School@@@86,Visitacion Valley Middle School@@@42,,07:06:50,21:06:57,20.0,,20.0,,0,0,0,0,0,1,1
16949,Wilde Ave & Goettingen St,56,RUTLAND,3,005B95,FFFFFF,1,Visitacion Valley Middle School@@@86,Visitacion Valley Middle School@@@42,,07:07:24,21:07:31,20.0,,20.0,,0,0,0,0,0,1,1
16950,Winston Dr & 20th Ave/Stonestown,29,SUNSET,3,005B95,FFFFFF,1,25th Ave & California St@@@22###Bowley St & Lincoln Blvd@@@142,Bowley St & Lincoln Blvd@@@70,,05:31:27,24:31:11,12.117647058823529,,12.117647058823529,,0,0,0,0,0,1,1
16951,Winston Dr & 20th Ave /Stonestown,18,46TH AVENUE,3,005B95,FFFFFF,0,19th Ave & Buckingham/Stonestown@@@96,19th Ave & Buckingham/Stonestown@@@42,,06:28:48,22:30:46,20.05,,20.05,,0,0,0,0,0,1,1
16951,Winston Dr & 20th Ave /Stonestown,29,SUNSET,3,005B95,FFFFFF,0,Fitzgerald Ave & Keith St@@@168,Fitzgerald Ave & Keith St@@@68,,05:21:34,24:20:34,12.393939393939394,,12.393939393939394,,0,0,0,0,0,1,1
16951,Winston Dr & 20th Ave /Stonestown,58,LAKE MERCED,3,005B95,FFFFFF,1,Buckingham Ave & 19th Ave@@@66,Buckingham Ave & 19th Ave@@@28,,06:33:37,22:33:37,30.0,,30.0,,0,0,0,0,0,1,1
16952,Winston Dr & Buckingham/Stonestown,18,46TH AVENUE,3,005B95,FFFFFF,1,33rd Ave & Geary Blvd@@@22###Legion Of Honor@@@74,Legion Of Honor@@@42,,06:11:02,22:01:02,20.0,,20.0,,0,0,0,0,0,1,1
16952,Winston Dr & Buckingham/Stonestown,29,SUNSET,3,005B95,FFFFFF,1,25th Ave & California St@@@22###Bowley St & Lincoln Blvd@@@142,Bowley St & Lincoln Blvd@@@70,,05:32:06,24:31:43,12.117647058823529,,12.117647058823529,,0,0,0,0,0,1,1
16952,Winston Dr & Buckingham/Stonestown,58,LAKE MERCED,3,005B95,FFFFFF,0,Mission St & Flournoy@@@66,Mission St & Flournoy@@@28,,06:01:30,22:01:30,30.0,,30.0,,0,0,0,0,0,1,1
16953,Winston Dr & Buckingham/Stonestown,18,46TH AVENUE,3,005B95,FFFFFF,0,19th Ave & Buckingham/Stonestown@@@96,19th Ave & Buckingham/Stonestown@@@42,,06:28:06,22:29:59,20.05,,20.05,,0,0,0,0,0,1,1
16953,Winston Dr & Buckingham/Stonestown,29,SUNSET,3,005B95,FFFFFF,0,Fitzgerald Ave & Keith St@@@168,Fitzgerald Ave & Keith St@@@68,,05:20:47,24:19:47,12.393939393939394,,12.393939393939394,,0,0,0,0,0,1,1
16953,Winston Dr & Buckingham/Stonestown,58,LAKE MERCED,3,005B95,FFFFFF,1,Buckingham Ave & 19th Ave@@@66,Buckingham Ave & 19th Ave@@@28,,06:32:38,22:32:38,30.0,,30.0,,0,0,0,0,0,1,1
16954,Winston Dr & Lake Merced Blvd,18,46TH AVENUE,3,005B95,FFFFFF,1,33rd Ave & Geary Blvd@@@22###Legion Of Honor@@@74,Legion Of Honor@@@42,,06:11:56,22:01:56,20.0,,20.0,,0,0,0,0,0,1,1
16954,Winston Dr & Lake Merced Blvd,29,SUNSET,3,005B95,FFFFFF,1,25th Ave & California St@@@22###Bowley St & Lincoln Blvd@@@142,Bowley St & Lincoln Blvd@@@70,,05:33:05,24:32:31,12.088235294117647,,12.088235294117647,,0,0,0,0,0,1,1
16954,Winston Dr & Lake Merced Blvd,57,PARKMERCED,3,005B95,FFFFFF,0,Daly City BART Stop B3@@@92,Daly City BART Stop B3@@@34,,05:11:09,22:12:35,25.25,,25.25,,0,0,0,0,0,1,1
16954,Winston Dr & Lake Merced Blvd,58,LAKE MERCED,3,005B95,FFFFFF,0,Mission St & Flournoy@@@66,Mission St & Flournoy@@@28,,06:02:50,22:02:50,30.0,,30.0,,0,0,0,0,0,1,1
16955,Winston Dr & Lake Merced Blvd,18,46TH AVENUE,3,005B95,FFFFFF,0,19th Ave & Buckingham/Stonestown@@@96,19th Ave & Buckingham/Stonestown@@@42,,06:27:20,22:29:06,20.05,,20.05,,0,0,0,0,0,1,1
16955,Winston Dr & Lake Merced Blvd,29,SUNSET,3,005B95,FFFFFF,0,Fitzgerald Ave & Keith St@@@168,Fitzgerald Ave & Keith St@@@68,,05:19:54,24:18:54,12.393939393939394,,12.393939393939394,,0,0,0,0,0,1,1
16955,Winston Dr & Lake Merced Blvd,57,PARKMERCED,3,005B95,FFFFFF,1,Ulloa St & West Portal Ave@@@92,Ulloa St & West Portal Ave@@@34,,05:13:42,22:15:00,25.3125,,25.3125,,0,0,0,0,0,1,1
16955,Winston Dr & Lake Merced Blvd,58,LAKE MERCED,3,005B95,FFFFFF,1,Buckingham Ave & 19th Ave@@@66,Buckingham Ave & 19th Ave@@@28,,06:31:32,22:31:32,30.0,,30.0,,0,0,0,0,0,1,1
16961,Wisconsin St & 25th St,19,POLK,3,005B95,FFFFFF,1,Beach St & Polk St@@@102,Beach St & Polk St@@@42,,05:22:15,22:11:15,20.0,,20.0,,0,0,0,0,0,1,1
16964,Wisconsin St & Connecticut St,19,POLK,3,005B95,FFFFFF,1,Beach St & Polk St@@@102,Beach St & Polk St@@@42,,05:21:51,22:10:51,20.0,,20.0,,0,0,0,0,0,1,1
16968,Williams Ave & 3rd St,54,FELTON,3,005B95,FFFFFF,0,Daly City BART Stop A2@@@94,Daly City BART Stop A2@@@42,,05:58:00,22:09:00,20.0,,20.0,,0,0,0,0,0,1,1
16969,Williams Ave & 3rd St,54,FELTON,3,005B95,FFFFFF,1,Newhall St & Hudson@@@96,Newhall St & Hudson@@@42,,06:09:00,22:33:00,20.2,,20.2,,0,0,0,0,0,1,1
16970,Williams Ave & Reddy St,54,FELTON,3,005B95,FFFFFF,0,Daly City BART Stop A2@@@94,Daly City BART Stop A2@@@42,,05:58:38,22:09:45,20.0,,20.0,,0,0,0,0,0,1,1
16971,Woolsey St & Bowdoin St,54,FELTON,3,005B95,FFFFFF,0,Daly City BART Stop A2@@@94,Daly City BART Stop A2@@@42,,06:05:33,22:17:22,20.1,,20.1,,0,0,0,0,0,1,1
16972,Woolsey St & Bowdoin St,54,FELTON,3,005B95,FFFFFF,1,Newhall St & Hudson@@@96,Newhall St & Hudson@@@42,,06:01:08,22:23:46,20.15,,20.15,,0,0,0,0,0,1,1
16978,Woolsey St & Hamilton St,54,FELTON,3,005B95,FFFFFF,0,Daly City BART Stop A2@@@94,Daly City BART Stop A2@@@42,,06:05:18,22:17:08,20.05,,20.05,,0,0,0,0,0,1,1
16979,Woolsey St & Hamilton St,54,FELTON,3,005B95,FFFFFF,1,Newhall St & Hudson@@@96,Newhall St & Hudson@@@42,,06:01:24,22:24:05,20.1,,20.1,,0,0,0,0,0,1,1
16980,Woolsey St & University St,54,FELTON,3,005B95,FFFFFF,0,Daly City BART Stop A2@@@94,Daly City BART Stop A2@@@42,,06:06:16,22:18:02,20.1,,20.1,,0,0,0,0,0,1,1
16982,Whitney Young Cir & Progress St,44,O'SHAUGHNESSY,3,005B95,FFFFFF,1,Bosworth St & Diamond St@@@20###California St & 6th Ave@@@170,California St & 6th Ave@@@70,Bosworth St & Diamond St@@@14,05:06:57,29:16:16,12.0,31.666666666666668,12.0,31.666666666666668,0,0,0,0,0,1,1
16983,Whitney Young Cir & Progress St,44,O'SHAUGHNESSY,3,005B95,FFFFFF,0,Hudson Ave & 3rd St@@@186,Hudson Ave & 3rd St@@@68,Hudson Ave & 3rd St@@@16,06:34:42,29:51:42,12.212121212121213,31.857142857142858,12.212121212121213,31.857142857142858,0,0,0,0,0,1,1
16984,Cross Over Dr & Fulton St,29,SUNSET,3,005B95,FFFFFF,1,25th Ave & California St@@@22###Bowley St & Lincoln Blvd@@@142,Bowley St & Lincoln Blvd@@@70,,05:51:42,24:47:24,12.235294117647058,,12.235294117647058,,0,0,0,0,0,1,1
16985,Yerba Buena Ave & Brentwood Ave,43,MASONIC,3,005B95,FFFFFF,1,Marina Blvd & Laguna St@@@112,Marina Blvd & Laguna St@@@42,,05:18:20,24:08:20,20.05,,20.05,,0,0,0,0,0,1,1
16986,Yerba Buena Ave & Brentwood Ave,43,MASONIC,3,005B95,FFFFFF,0,Munich St & Geneva Ave@@@112,Munich St & Geneva Ave@@@42,,05:39:39,24:32:39,20.7,,20.7,,0,0,0,0,0,1,1
16987,Yerba Buena Ave & Hazelwood Ave,43,MASONIC,3,005B95,FFFFFF,1,Marina Blvd & Laguna St@@@112,Marina Blvd & Laguna St@@@42,,05:18:38,24:08:38,20.1,,20.1,,0,0,0,0,0,1,1
16988,Yerba Buena Ave & Hazelwood Ave,43,MASONIC,3,005B95,FFFFFF,0,Munich St & Geneva Ave@@@112,Munich St & Geneva Ave@@@42,,05:39:25,24:32:25,20.7,,20.7,,0,0,0,0,0,1,1
16989,Yerba Buena Ave & Ravenwood Dr,43,MASONIC,3,005B95,FFFFFF,1,Marina Blvd & Laguna St@@@112,Marina Blvd & Laguna St@@@42,,05:18:57,24:08:57,20.05,,20.05,,0,0,0,0,0,1,1
16990,Yerba Buena Ave & Saint Elmo Way,43,MASONIC,3,005B95,FFFFFF,0,Munich St & Geneva Ave@@@112,Munich St & Geneva Ave@@@42,,05:40:00,24:33:00,20.7,,20.7,,0,0,0,0,0,1,1
16991,Metro Castro Station/Outbound,K,INGLESIDE,0,437C93,FFFFFF,0,Balboa Park BART/Mezzanine Level@@@144,Balboa Park BART/Mezzanine Level@@@70,,08:08:00,24:08:00,12.088235294117647,,12.088235294117647,,0,0,0,0,0,1,1
16991,Metro Castro Station/Outbound,L,TARAVAL,0,942D83,FFFFFF,0,47th Ave & Cutler Ave@@@142,47th Ave & Cutler Ave@@@70,,08:14:00,24:03:00,12.058823529411764,,12.058823529411764,,0,0,0,0,0,1,1
16991,Metro Castro Station/Outbound,M,OCEAN VIEW,0,008547,FFFFFF,0,San Jose Ave & Niagra Ave@@@144,San Jose Ave & Niagra Ave@@@68,,08:06:00,23:57:00,12.06060606060606,,12.06060606060606,,0,0,0,0,0,1,1
16992,Metro Embarcadero Station,K,INGLESIDE,0,437C93,FFFFFF,1,Metro Embarcadero Station@@@140###The Embarcadero & Folsom St@@@4,Metro Embarcadero Station@@@70,,08:17:00,23:55:00,,,,,0,0,0,0,0,1,1
16992,Metro Embarcadero Station,L,TARAVAL,0,942D83,FFFFFF,1,Metro Embarcadero Station@@@138###The Embarcadero & Folsom St@@@6,Metro Embarcadero Station@@@70,,08:25:00,24:14:00,,,,,0,0,0,0,0,1,1
16992,Metro Embarcadero Station,M,OCEAN VIEW,0,008547,FFFFFF,1,Metro Embarcadero Station@@@138###The Embarcadero & Folsom St@@@6,Metro Embarcadero Station@@@70,,08:21:00,24:05:00,,,,,0,0,0,0,0,1,1
16992,Metro Embarcadero Station,N,JUDAH,0,005B95,FFFFFF,1,King St & 4th St@@@156,King St & 4th St@@@68,,08:05:00,24:10:00,12.272727272727273,,12.272727272727273,,0,0,0,0,0,1,1
16993,Forest Hill Station Outbound,K,INGLESIDE,0,437C93,FFFFFF,0,Balboa Park BART/Mezzanine Level@@@144,Balboa Park BART/Mezzanine Level@@@68,,08:13:03,24:13:03,12.06060606060606,,12.06060606060606,,0,0,0,0,0,1,1
16993,Forest Hill Station Outbound,L,TARAVAL,0,942D83,FFFFFF,0,47th Ave & Cutler Ave@@@142,47th Ave & Cutler Ave@@@70,,08:19:03,24:08:03,12.058823529411764,,12.058823529411764,,0,0,0,0,0,1,1
16993,Forest Hill Station Outbound,M,OCEAN VIEW,0,008547,FFFFFF,0,San Jose Ave & Niagra Ave@@@144,San Jose Ave & Niagra Ave@@@70,,08:11:03,24:02:03,12.058823529411764,,12.058823529411764,,0,0,0,0,0,1,1
16994,Metro Montgomery Station/Outbound,J,CHURCH,0,A96614,FFFFFF,0,Balboa Park BART/Mezzanine Level@@@124,Balboa Park BART/Mezzanine Level@@@56,,08:01:07,23:57:07,15.0,,15.0,,0,0,0,0,0,1,1
16994,Metro Montgomery Station/Outbound,K,INGLESIDE,0,437C93,FFFFFF,0,Balboa Park BART/Mezzanine Level@@@144,Balboa Park BART/Mezzanine Level@@@68,,08:01:07,24:01:07,12.090909090909092,,12.090909090909092,,0,0,0,0,0,1,1
16994,Metro Montgomery Station/Outbound,L,TARAVAL,0,942D83,FFFFFF,0,47th Ave & Cutler Ave@@@142,47th Ave & Cutler Ave@@@70,,08:07:07,23:56:07,12.088235294117647,,12.088235294117647,,0,0,0,0,0,1,1
16994,Metro Montgomery Station/Outbound,M,OCEAN VIEW,0,008547,FFFFFF,0,San Jose Ave & Niagra Ave@@@144,San Jose Ave & Niagra Ave@@@70,,07:59:07,23:50:07,12.088235294117647,,12.088235294117647,,0,0,0,0,0,1,1
16994,Metro Montgomery Station/Outbound,N,JUDAH,0,005B95,FFFFFF,0,Judah/La Playa/Ocean Beach@@@148,Judah/La Playa/Ocean Beach@@@68,,08:09:07,23:54:07,12.090909090909092,,12.090909090909092,,0,0,0,0,0,1,1
16995,Metro Powell Station/Outbound,J,CHURCH,0,A96614,FFFFFF,0,Balboa Park BART/Mezzanine Level@@@124,Balboa Park BART/Mezzanine Level@@@56,,08:02:25,23:58:25,15.0,,15.0,,0,0,0,0,0,1,1
16995,Metro Powell Station/Outbound,K,INGLESIDE,0,437C93,FFFFFF,0,Balboa Park BART/Mezzanine Level@@@144,Balboa Park BART/Mezzanine Level@@@70,,08:02:25,24:02:25,12.088235294117647,,12.088235294117647,,0,0,0,0,0,1,1
16995,Metro Powell Station/Outbound,L,TARAVAL,0,942D83,FFFFFF,0,47th Ave & Cutler Ave@@@142,47th Ave & Cutler Ave@@@70,,08:08:25,23:57:25,12.088235294117647,,12.088235294117647,,0,0,0,0,0,1,1
16995,Metro Powell Station/Outbound,M,OCEAN VIEW,0,008547,FFFFFF,0,San Jose Ave & Niagra Ave@@@144,San Jose Ave & Niagra Ave@@@70,,08:00:25,23:51:25,12.088235294117647,,12.088235294117647,,0,0,0,0,0,1,1
16995,Metro Powell Station/Outbound,N,JUDAH,0,005B95,FFFFFF,0,Judah/La Playa/Ocean Beach@@@148,Judah/La Playa/Ocean Beach@@@68,,08:10:25,23:55:25,12.090909090909092,,12.090909090909092,,0,0,0,0,0,1,1
16996,Van Ness Station Outbound,J,CHURCH,0,A96614,FFFFFF,0,Balboa Park BART/Mezzanine Level@@@124,Balboa Park BART/Mezzanine Level@@@56,,08:05:00,24:01:00,15.0,,15.0,,0,0,0,0,0,1,1
16996,Van Ness Station Outbound,K,INGLESIDE,0,437C93,FFFFFF,0,Balboa Park BART/Mezzanine Level@@@144,Balboa Park BART/Mezzanine Level@@@70,,08:05:00,24:05:00,12.088235294117647,,12.088235294117647,,0,0,0,0,0,1,1
16996,Van Ness Station Outbound,L,TARAVAL,0,942D83,FFFFFF,0,47th Ave & Cutler Ave@@@142,47th Ave & Cutler Ave@@@68,,08:11:00,24:00:00,12.06060606060606,,12.06060606060606,,0,0,0,0,0,1,1
16996,Van Ness Station Outbound,M,OCEAN VIEW,0,008547,FFFFFF,0,San Jose Ave & Niagra Ave@@@144,San Jose Ave & Niagra Ave@@@70,,08:03:00,23:54:00,12.088235294117647,,12.088235294117647,,0,0,0,0,0,1,1
16996,Van Ness Station Outbound,N,JUDAH,0,005B95,FFFFFF,0,Judah/La Playa/Ocean Beach@@@148,Judah/La Playa/Ocean Beach@@@70,,08:13:00,23:58:00,12.117647058823529,,12.117647058823529,,0,0,0,0,0,1,1
16997,Metro Civic Center Station/Outbd,J,CHURCH,0,A96614,FFFFFF,0,Balboa Park BART/Mezzanine Level@@@124,Balboa Park BART/Mezzanine Level@@@56,,08:03:52,23:59:52,15.0,,15.0,,0,0,0,0,0,1,1
16997,Metro Civic Center Station/Outbd,K,INGLESIDE,0,437C93,FFFFFF,0,Balboa Park BART/Mezzanine Level@@@144,Balboa Park BART/Mezzanine Level@@@70,,08:03:52,24:03:52,12.088235294117647,,12.088235294117647,,0,0,0,0,0,1,1
16997,Metro Civic Center Station/Outbd,L,TARAVAL,0,942D83,FFFFFF,0,47th Ave & Cutler Ave@@@142,47th Ave & Cutler Ave@@@68,,08:09:52,23:58:52,12.06060606060606,,12.06060606060606,,0,0,0,0,0,1,1
16997,Metro Civic Center Station/Outbd,M,OCEAN VIEW,0,008547,FFFFFF,0,San Jose Ave & Niagra Ave@@@144,San Jose Ave & Niagra Ave@@@70,,08:01:52,23:52:52,12.088235294117647,,12.088235294117647,,0,0,0,0,0,1,1
16997,Metro Civic Center Station/Outbd,N,JUDAH,0,005B95,FFFFFF,0,Judah/La Playa/Ocean Beach@@@148,Judah/La Playa/Ocean Beach@@@68,,08:11:52,23:56:52,12.090909090909092,,12.090909090909092,,0,0,0,0,0,1,1
16998,Metro Church Station/Outbound,K,INGLESIDE,0,437C93,FFFFFF,0,Balboa Park BART/Mezzanine Level@@@144,Balboa Park BART/Mezzanine Level@@@70,,08:06:55,24:06:55,12.088235294117647,,12.088235294117647,,0,0,0,0,0,1,1
16998,Metro Church Station/Outbound,L,TARAVAL,0,942D83,FFFFFF,0,47th Ave & Cutler Ave@@@142,47th Ave & Cutler Ave@@@70,,08:12:55,24:01:55,12.058823529411764,,12.058823529411764,,0,0,0,0,0,1,1
16998,Metro Church Station/Outbound,M,OCEAN VIEW,0,008547,FFFFFF,0,San Jose Ave & Niagra Ave@@@144,San Jose Ave & Niagra Ave@@@70,,08:04:55,23:55:55,12.088235294117647,,12.088235294117647,,0,0,0,0,0,1,1
16999,7th St & Bryant St,19,POLK,3,005B95,FFFFFF,1,Beach St & Polk St@@@102,Beach St & Polk St@@@42,,05:33:48,22:22:48,20.05,,20.05,,0,0,0,0,0,1,1
17004,Avenue B & 9th Ave,25,TREASURE ISLAND,3,005B95,FFFFFF,1,Transit Center Bay 29@@@82###Transit Center Bay E@@@28,Transit Center Bay 29@@@34,Transit Center Bay E@@@18,06:42:28,30:20:28,25.0,30.0,25.0,30.0,0,0,0,0,0,1,1
17006,Blanken Ave & Gillette Ave,56,RUTLAND,3,005B95,FFFFFF,0,50 Thomas Mellon Dr@@@64###San Bruno Ave & Arleta Ave@@@20,50 Thomas Mellon Dr@@@42,,07:29:21,21:09:35,20.0,,20.0,,0,0,0,0,0,1,1
17007,Blanken Ave & Gillette Ave,56,RUTLAND,3,005B95,FFFFFF,0,San Bruno Ave & Arleta Ave@@@20,,,18:13:13,21:13:13,,,,,0,0,0,0,0,1,1
17007,Blanken Ave & Gillette Ave,56,RUTLAND,3,005B95,FFFFFF,1,Visitacion Valley Middle School@@@68,Visitacion Valley Middle School@@@42,,07:02:25,18:02:25,20.0,,20.0,,0,0,0,0,0,1,1
17008,Blanken Ave & Nueva Ave,56,RUTLAND,3,005B95,FFFFFF,0,San Bruno Ave & Arleta Ave@@@20,,,18:13:30,21:13:30,,,,,0,0,0,0,0,1,1
17008,Blanken Ave & Nueva Ave,56,RUTLAND,3,005B95,FFFFFF,1,Visitacion Valley Middle School@@@68,Visitacion Valley Middle School@@@42,,07:02:44,18:02:44,20.0,,20.0,,0,0,0,0,0,1,1
17009,Blanken Ave & Nueva Ave,56,RUTLAND,3,005B95,FFFFFF,0,50 Thomas Mellon Dr@@@64###San Bruno Ave & Arleta Ave@@@20,50 Thomas Mellon Dr@@@42,,07:29:09,21:09:20,20.0,,20.0,,0,0,0,0,0,1,1
17010,Blanken Ave & Peninsula Ave,56,RUTLAND,3,005B95,FFFFFF,0,50 Thomas Mellon Dr@@@64###San Bruno Ave & Arleta Ave@@@20,50 Thomas Mellon Dr@@@42,,07:28:44,21:08:51,20.0,,20.0,,0,0,0,0,0,1,1
17011,Blanken Ave & Peninsula Ave,56,RUTLAND,3,005B95,FFFFFF,0,San Bruno Ave & Arleta Ave@@@20,,,18:14:04,21:14:04,,,,,0,0,0,0,0,1,1
17011,Blanken Ave & Peninsula Ave,56,RUTLAND,3,005B95,FFFFFF,1,Visitacion Valley Middle School@@@68,Visitacion Valley Middle School@@@42,,07:03:21,18:03:21,20.0,,20.0,,0,0,0,0,0,1,1
17012,Blanken Ave & Tunnel Ave,56,RUTLAND,3,005B95,FFFFFF,0,50 Thomas Mellon Dr@@@64###San Bruno Ave & Arleta Ave@@@20,50 Thomas Mellon Dr@@@42,,07:28:18,21:08:21,20.0,,20.0,,0,0,0,0,0,1,1
17020,Crestline Dr & Burnett Ave,37,CORBETT,3,005B95,FFFFFF,0,Parkridge Dr & Burnett Ave@@@54,Parkridge Dr & Burnett Ave@@@26,,09:30:51,22:30:51,30.083333333333332,,30.083333333333332,,0,0,0,0,0,1,1
17023,831 Ellsworth St,67,BERNAL HEIGHTS,3,005B95,FFFFFF,0,Ellsworth St & Crescent Ave@@@98,Ellsworth St & Crescent Ave@@@42,,06:14:35,22:11:35,19.9,,19.9,,0,0,0,0,0,1,1
17024,Folsom St & 2nd St,12,FOLSOM-PACIFIC,3,005B95,FFFFFF,1,Jackson St & Van Ness Ave@@@98,Jackson St & Van Ness Ave@@@42,,06:31:35,22:33:57,19.85,,19.85,,0,0,0,0,0,1,1
17025,Frederick St & Masonic St,6,HAYES-PARNASSUS,3,005B95,FFFFFF,1,Hyde St & Grove St@@@116,Hyde St & Grove St@@@42,,05:11:45,24:13:15,20.05,,20.05,,0,0,0,0,0,1,1
17026,Hahn St & Visitacion Ave,56,RUTLAND,3,005B95,FFFFFF,0,50 Thomas Mellon Dr@@@64###San Bruno Ave & Arleta Ave@@@20,50 Thomas Mellon Dr@@@42,,07:22:25,21:02:25,20.0,,20.0,,0,0,0,0,0,1,1
17026,Hahn St & Visitacion Ave,8,BAYSHORE,3,005B95,FFFFFF,0,City College Terminal@@@260,City College Terminal@@@116,,05:33:54,24:38:26,7.2105263157894735,,7.2105263157894735,,0,0,0,0,0,1,1
17026,Hahn St & Visitacion Ave,91,3RD-19TH AVE OWL,3,666666,FFFFFF,0,Ulloa St & West Portal Ave@@@26,,Ulloa St & West Portal Ave@@@18,24:19:53,30:19:53,,30.0,,30.0,0,0,0,0,0,1,1
17027,Lincoln Blvd & Girard Rd,43,MASONIC,3,005B95,FFFFFF,0,Munich St & Geneva Ave@@@112,Munich St & Geneva Ave@@@42,,05:09:25,24:00:25,20.2,,20.2,,0,0,0,0,0,1,1
17027,Lincoln Blvd & Girard Rd,43,MASONIC,3,005B95,FFFFFF,1,Marina Blvd & Laguna St@@@112,Marina Blvd & Laguna St@@@42,,05:51:43,24:39:53,20.4,,20.4,,0,0,0,0,0,1,1
17028,Lombard & Richardson Ave,43,MASONIC,3,005B95,FFFFFF,1,Marina Blvd & Laguna St@@@112,Marina Blvd & Laguna St@@@42,,05:54:43,24:42:43,20.45,,20.45,,0,0,0,0,0,1,1
17032,Oakdale Ave & Loomis St,23,MONTEREY,3,005B95,FFFFFF,0,Sloat Blvd & 47th Ave@@@66,Sloat Blvd & 47th Ave@@@28,,06:15:14,22:15:14,30.0,,30.0,,0,0,0,0,0,1,1
17036,Ocean Ave & Geneva Ave / City College,29,SUNSET,3,005B95,FFFFFF,0,Fitzgerald Ave & Keith St@@@168,Fitzgerald Ave & Keith St@@@68,,05:31:44,24:30:44,12.454545454545455,,12.454545454545455,,0,0,0,0,0,1,1
17036,Ocean Ave & Geneva Ave / City College,91,3RD-19TH AVE OWL,3,666666,FFFFFF,1,19th Ave & Holloway/Sf State@@@24,,19th Ave & Holloway/Sf State@@@14,23:55:25,29:25:25,,30.0,,30.0,0,0,0,0,0,1,1
17036,Ocean Ave & Geneva Ave / City College,KBUS,INGLESIDE BUS,3,437C93,FFFFFF,0,San Jose Ave & Geneva Ave@@@24,,,05:48:39,08:33:39,,,,,0,0,0,0,0,1,1
17038,Powell St & Beach St,28,19TH AVENUE,3,005B95,FFFFFF,0,Daly City BART Stop D4@@@168,Daly City BART Stop D4@@@72,,05:01:00,24:01:00,11.857142857142858,,11.857142857142858,,0,0,0,0,0,1,1
17039,Rutland St & Arleta Ave,56,RUTLAND,3,005B95,FFFFFF,1,Visitacion Valley Middle School@@@86,Visitacion Valley Middle School@@@42,,07:10:32,21:10:32,20.0,,20.0,,0,0,0,0,0,1,1
17041,Rutland St & Campbell Ave,56,RUTLAND,3,005B95,FFFFFF,1,Visitacion Valley Middle School@@@86,Visitacion Valley Middle School@@@42,,07:10:00,21:10:00,20.0,,20.0,,0,0,0,0,0,1,1
17044,Rutland St & Sunnydale Ave,56,RUTLAND,3,005B95,FFFFFF,0,50 Thomas Mellon Dr@@@64###San Bruno Ave & Arleta Ave@@@20,50 Thomas Mellon Dr@@@42,,07:25:21,21:05:21,20.0,,20.0,,0,0,0,0,0,1,1
17046,Rutland St & Visitacion Ave,56,RUTLAND,3,005B95,FFFFFF,0,50 Thomas Mellon Dr@@@64###San Bruno Ave & Arleta Ave@@@20,50 Thomas Mellon Dr@@@42,,07:25:56,21:05:56,20.0,,20.0,,0,0,0,0,0,1,1
17056,Union St & Buchanan St,45,UNION-STOCKTON,3,005B95,FFFFFF,0,Lyon St & Greenwich St@@@124,Lyon St & Greenwich St@@@56,,05:43:53,22:24:53,15.222222222222221,,15.222222222222221,,0,0,0,0,0,1,1
17057,Visitacion Valley Middle School,56,RUTLAND,3,005B95,FFFFFF,0,50 Thomas Mellon Dr@@@64###San Bruno Ave & Arleta Ave@@@20,50 Thomas Mellon Dr@@@42,,07:15:00,20:55:00,20.0,,20.0,,0,0,0,0,0,1,1
17061,Wilde Ave & Rutland St,56,RUTLAND,3,005B95,FFFFFF,1,Visitacion Valley Middle School@@@86,Visitacion Valley Middle School@@@42,,07:08:12,21:08:19,20.0,,20.0,,0,0,0,0,0,1,1
17065,19th Ave & Holloway/Sf State,M,OCEAN VIEW,0,008547,FFFFFF,1,Metro Embarcadero Station@@@138###The Embarcadero & Folsom St@@@6###Ulloa St & Lenox Way@@@28,Metro Embarcadero Station@@@70,,05:13:00,23:40:00,12.058823529411764,,12.058823529411764,,0,0,0,0,0,1,1
17073,Church St & Market St,22,FILLMORE,3,005B95,FFFFFF,1,Fillmore St & Bay St@@@260###Fillmore St & Sutter St@@@28,Fillmore St & Bay St@@@110,Fillmore St & Bay St@@@14###Fillmore St & Sutter St@@@6,05:22:00,30:29:00,7.7407407407407405,28.666666666666668,7.7407407407407405,28.666666666666668,0,0,0,0,0,1,1
17073,Church St & Market St,J,CHURCH,0,A96614,FFFFFF,1,Church St & Duboce Ave@@@30###Metro Embarcadero Station@@@122,Metro Embarcadero Station@@@56,,05:21:51,24:21:51,15.0,,15.0,,0,0,0,0,0,1,1
17074,Church St & Duboce Ave,22,FILLMORE,3,005B95,FFFFFF,1,Fillmore St & Bay St@@@260###Fillmore St & Sutter St@@@28,Fillmore St & Bay St@@@110,Fillmore St & Bay St@@@14###Fillmore St & Sutter St@@@6,05:22:56,30:29:56,7.7407407407407405,28.666666666666668,7.7407407407407405,28.666666666666668,0,0,0,0,0,1,1
17074,Church St & Duboce Ave,NOWL,OWL JUDAH,3,666666,FFFFFF,0,Judah/La Playa/Ocean Beach@@@24,,Judah/La Playa/Ocean Beach@@@16,24:25:00,29:55:00,,30.0,,30.0,0,0,0,0,0,1,1
17075,Duboce Ave & Noe St,NBUS,JUDAH BUS,3,005B95,FFFFFF,0,Judah/La Playa/Ocean Beach@@@18,,,05:43:01,07:59:01,,,,,0,0,0,0,0,1,1
17077,Evans Ave & Mendell St,19,POLK,3,005B95,FFFFFF,1,Beach St & Polk St@@@102,Beach St & Polk St@@@42,,05:16:09,22:05:16,20.0,,20.0,,0,0,0,0,0,1,1
17077,Evans Ave & Mendell St,44,O'SHAUGHNESSY,3,005B95,FFFFFF,0,Hudson Ave & 3rd St@@@186,Hudson Ave & 3rd St@@@70,Hudson Ave & 3rd St@@@16,06:39:26,29:55:44,12.294117647058824,31.857142857142858,12.294117647058824,31.857142857142858,0,0,0,0,0,1,1
17078,Juan Bautista Cir & Font Blvd,57,PARKMERCED,3,005B95,FFFFFF,0,Daly City BART Stop B3@@@92,Daly City BART Stop B3@@@32,,05:15:06,22:17:06,25.333333333333332,,25.333333333333332,,0,0,0,0,0,1,1
17099,Mission St & San Jose Ave,14,MISSION,3,005B95,FFFFFF,1,30th St & Mission St@@@10###Steuart St & Mission St@@@312,Steuart St & Mission St@@@106,30th St & Mission St@@@10###Steuart St & Mission St@@@28,05:15:00,29:49:00,8.0,12.666666666666666,8.0,12.666666666666666,0,0,0,0,0,1,1
17109,West Portal/Sloat/St Francis Circle,K,INGLESIDE,0,437C93,FFFFFF,1,Metro Embarcadero Station@@@140###The Embarcadero & Folsom St@@@4###West Portal Station@@@2,Metro Embarcadero Station@@@70,,07:58:00,23:56:00,12.058823529411764,,12.058823529411764,,0,0,0,0,0,1,1
17109,West Portal/Sloat/St Francis Circle,M,OCEAN VIEW,0,008547,FFFFFF,1,Metro Embarcadero Station@@@138###The Embarcadero & Folsom St@@@6###Ulloa St & Lenox Way@@@28,Metro Embarcadero Station@@@70,,05:19:00,23:46:00,12.058823529411764,,12.058823529411764,,0,0,0,0,0,1,1
17113,Junipero Serra Blvd & Ocean Ave,K,INGLESIDE,0,437C93,FFFFFF,1,Metro Embarcadero Station@@@140###The Embarcadero & Folsom St@@@4###West Portal Station@@@2,Metro Embarcadero Station@@@70,,07:56:17,23:54:41,12.058823529411764,,12.058823529411764,,0,0,0,0,0,1,1
17114,Junipero Serra Blvd & Ocean Ave,K,INGLESIDE,0,437C93,FFFFFF,0,Balboa Park BART/Mezzanine Level@@@146,Balboa Park BART/Mezzanine Level@@@70,,08:05:32,24:20:24,12.058823529411764,,12.058823529411764,,0,0,0,0,0,1,1
17123,Market St & Sanchez St,F,MARKET & WHARVES,0,B49A36,000000,1,Jones St & Beach St@@@142,Jones St & Beach St@@@70,,06:02:31,22:02:31,12.058823529411764,,12.058823529411764,,0,0,0,0,0,1,1
17125,West Portal Ave & 14th Ave,91,3RD-19TH AVE OWL,3,666666,FFFFFF,1,19th Ave & Holloway/Sf State@@@24,,19th Ave & Holloway/Sf State@@@14,23:47:39,29:17:39,,30.0,,30.0,0,0,0,0,0,1,1
17125,West Portal Ave & 14th Ave,K,INGLESIDE,0,437C93,FFFFFF,0,Balboa Park BART/Mezzanine Level@@@146,Balboa Park BART/Mezzanine Level@@@70,,08:02:04,24:17:23,12.058823529411764,,12.058823529411764,,0,0,0,0,0,1,1
17125,West Portal Ave & 14th Ave,KBUS,INGLESIDE BUS,3,437C93,FFFFFF,0,San Jose Ave & Geneva Ave@@@24,,,05:37:54,08:22:54,,,,,0,0,0,0,0,1,1
17125,West Portal Ave & 14th Ave,M,OCEAN VIEW,0,008547,FFFFFF,0,San Jose Ave & Niagra Ave@@@172,San Jose Ave & Niagra Ave@@@70,,05:41:51,24:50:23,12.058823529411764,,12.058823529411764,,0,0,0,0,0,1,1
17127,Geneva Ave & Rio Verde St,9,SAN BRUNO,3,005B95,FFFFFF,0,Sunnydale Ave / Mclaren School@@@190,Sunnydale Ave / Mclaren School@@@80,,06:00:13,24:54:13,10.384615384615385,,10.384615384615385,,0,0,0,0,0,1,1
17128,Tioga Ave & Rutland St,56,RUTLAND,3,005B95,FFFFFF,1,Visitacion Valley Middle School@@@86,Visitacion Valley Middle School@@@42,,07:09:31,21:09:38,20.0,,20.0,,0,0,0,0,0,1,1
17129,Mission St & 7th St,14,MISSION,3,005B95,FFFFFF,1,Steuart St & Mission St@@@312,Steuart St & Mission St@@@104,Steuart St & Mission St@@@32,05:52:44,29:33:44,8.07843137254902,13.733333333333333,8.07843137254902,13.733333333333333,0,0,0,0,0,1,1
17142,California St & Van Ness Ave,CA,CALIFORNIA STREET CABLE CAR,5,B49A36,000000,1,California St & Drumm St@@@134###California St & Hyde St@@@12,California St & Drumm St@@@78,,07:00:00,21:42:00,10.921052631578947,,10.921052631578947,,0,0,0,0,0,1,1
17145,The Embarcadero & Brannan St,N,JUDAH,0,005B95,FFFFFF,0,Judah/La Playa/Ocean Beach@@@148###The Embarcadero & Folsom St@@@8,Judah/La Playa/Ocean Beach@@@70,,07:16:14,23:47:05,12.058823529411764,,12.058823529411764,,0,0,0,0,0,1,1
17149,One Letterman,43,MASONIC,3,005B95,FFFFFF,1,Marina Blvd & Laguna St@@@112,Marina Blvd & Laguna St@@@42,,05:53:00,24:41:00,20.4,,20.4,,0,0,0,0,0,1,1
17151,Portola Ave & Claremont Ave,48,QUINTARA-24TH STREET,3,005B95,FFFFFF,0,Lower Great Hwy & Rivera St@@@110,Lower Great Hwy & Rivera St@@@42,,05:29:34,24:29:34,20.05,,20.05,,0,0,0,0,0,1,1
17160,California St & 8th Ave,1,CALIFORNIA,3,005B95,FFFFFF,0,Geary Blvd & 33rd Ave@@@222,Geary Blvd & 33rd Ave@@@84,,04:42:28,24:17:36,10.024390243902438,,10.024390243902438,,0,0,0,0,0,1,1
17164,San Jose Ave & Geneva Ave,M,OCEAN VIEW,0,008547,FFFFFF,1,Metro Embarcadero Station@@@134###The Embarcadero & Folsom St@@@6###Ulloa St & Lenox Way@@@10,Metro Embarcadero Station@@@70,,06:15:00,23:26:00,12.058823529411764,,12.058823529411764,,0,0,0,0,0,1,1
17166,4th St & King St,T,THIRD,0,BF2B45,FFFFFF,0,Chinatown - Rose Pak Station@@@150,Chinatown - Rose Pak Station@@@70,,06:44:00,23:50:00,12.0,,12.0,,0,0,0,0,0,1,1
17171,3rd St & Paul Ave,91,3RD-19TH AVE OWL,3,666666,FFFFFF,0,Ulloa St & West Portal Ave@@@26,,Ulloa St & West Portal Ave@@@18,24:12:56,30:12:56,,30.0,,30.0,0,0,0,0,0,1,1
17171,3rd St & Paul Ave,TBUS,THIRD BUS,3,BF2B45,FFFFFF,1,Visitacion Ave & Bay Shore Blvd@@@24,,,05:35:55,08:21:55,,,,,0,0,0,0,0,1,1
17181,Columbus Ave & Lombard St,PM,POWELL-MASON CABLE CAR,5,B49A36,000000,1,Powell St & Market St@@@166###Washington St & Mason St / Cable Car Museum@@@12,Powell St & Market St@@@84,,07:01:28,23:25:28,9.878048780487806,,9.878048780487806,,0,0,0,0,0,1,1
17186,Lincoln Way & 19th Ave,7,HAIGHT-NORIEGA,3,005B95,FFFFFF,1,Transit Center Bay E@@@156,Transit Center Bay E@@@70,,05:12:00,24:13:00,12.117647058823529,,12.117647058823529,,0,0,0,0,0,1,1
17187,Middle Point Rd & Memory Lane,19,POLK,3,005B95,FFFFFF,1,Beach St & Polk St@@@102,Beach St & Polk St@@@42,,05:13:40,22:03:08,20.0,,20.0,,0,0,0,0,0,1,1
17187,Middle Point Rd & Memory Lane,44,O'SHAUGHNESSY,3,005B95,FFFFFF,0,Hudson Ave & 3rd St@@@186,Hudson Ave & 3rd St@@@68,Hudson Ave & 3rd St@@@16,06:36:41,29:53:33,12.212121212121213,31.857142857142858,12.212121212121213,31.857142857142858,0,0,0,0,0,1,1
17191,San Bruno Ave & Somerset St,56,RUTLAND,3,005B95,FFFFFF,1,Visitacion Valley Middle School@@@86,Visitacion Valley Middle School@@@42,,07:05:17,21:05:25,20.0,,20.0,,0,0,0,0,0,1,1
17191,San Bruno Ave & Somerset St,8,BAYSHORE,3,005B95,FFFFFF,1,Kearny St & North Point St@@@264,Kearny St & North Point St@@@120,,05:16:13,24:18:05,7.016949152542373,,7.016949152542373,,0,0,0,0,0,1,1
17191,San Bruno Ave & Somerset St,9,SAN BRUNO,3,005B95,FFFFFF,1,Market St & Steuart St@@@184,Market St & Steuart St@@@84,,05:12:18,23:59:18,10.0,,10.0,,0,0,0,0,0,1,1
17191,San Bruno Ave & Somerset St,90,SAN BRUNO OWL,3,666666,FFFFFF,1,Van Ness Ave & North Point St@@@20,,Van Ness Ave & North Point St@@@12,24:10:21,28:40:21,,30.0,,30.0,0,0,0,0,0,1,1
17193,Grafton Ave & Plymouth Ave,29,SUNSET,3,005B95,FFFFFF,1,25th Ave & California St@@@22###Bowley St & Lincoln Blvd@@@142,Bowley St & Lincoln Blvd@@@70,,05:24:26,24:24:26,12.029411764705882,,12.029411764705882,,0,0,0,0,0,1,1
17194,Grafton Ave & Capitol Ave,29,SUNSET,3,005B95,FFFFFF,1,25th Ave & California St@@@22###Bowley St & Lincoln Blvd@@@142,Bowley St & Lincoln Blvd@@@70,,05:24:58,24:24:58,12.0,,12.0,,0,0,0,0,0,1,1
17195,Grafton Ave & Jules Ave,29,SUNSET,3,005B95,FFFFFF,1,25th Ave & California St@@@22###Bowley St & Lincoln Blvd@@@142,Bowley St & Lincoln Blvd@@@70,,05:25:30,24:25:30,12.0,,12.0,,0,0,0,0,0,1,1
17196,Garfield St & Victoria St,29,SUNSET,3,005B95,FFFFFF,1,25th Ave & California St@@@22###Bowley St & Lincoln Blvd@@@142,Bowley St & Lincoln Blvd@@@70,,05:26:35,24:26:35,12.029411764705882,,12.029411764705882,,0,0,0,0,0,1,1
17204,Cabrillo St & La Playa St,18,46TH AVENUE,3,005B95,FFFFFF,1,33rd Ave & Geary Blvd@@@22###Legion Of Honor@@@74,Legion Of Honor@@@42,,06:28:00,22:17:00,20.05,,20.05,,0,0,0,0,0,1,1
17204,Cabrillo St & La Playa St,31,BALBOA,3,005B95,FFFFFF,1,Cyril Magnin St & Market St@@@98###Masonic Ave & Geary Blvd@@@12,Cyril Magnin St & Market St@@@42,,05:00:09,22:40:09,20.0,,20.0,,0,0,0,0,0,1,1
17205,West Portal Ave & Sloat Blvd,57,PARKMERCED,3,005B95,FFFFFF,1,Ulloa St & West Portal Ave@@@92,Ulloa St & West Portal Ave@@@34,,05:21:08,22:23:08,25.125,,25.125,,0,0,0,0,0,1,1
17205,West Portal Ave & Sloat Blvd,91,3RD-19TH AVE OWL,3,666666,FFFFFF,0,Ulloa St & West Portal Ave@@@26,,Ulloa St & West Portal Ave@@@20,24:41:23,30:41:23,,30.0,,30.0,0,0,0,0,0,1,1
17205,West Portal Ave & Sloat Blvd,KBUS,INGLESIDE BUS,3,437C93,FFFFFF,1,Steuart St & Mission St@@@24,,,05:12:58,24:12:58,,,,,0,0,0,0,0,1,1
17208,Sloat Blvd & 47th Ave,18,46TH AVENUE,3,005B95,FFFFFF,0,19th Ave & Buckingham/Stonestown@@@96,19th Ave & Buckingham/Stonestown@@@42,,06:22:10,22:23:11,20.05,,20.05,,0,0,0,0,0,1,1
17208,Sloat Blvd & 47th Ave,23,MONTEREY,3,005B95,FFFFFF,1,Palou Ave & 3rd St@@@66,Palou Ave & 3rd St@@@28,,06:08:37,22:08:37,30.0,,30.0,,0,0,0,0,0,1,1
17209,Crescent Ave & Ellsworth St,23,MONTEREY,3,005B95,FFFFFF,1,Palou Ave & 3rd St@@@66,Palou Ave & 3rd St@@@28,,06:30:12,22:30:12,30.076923076923077,,30.076923076923077,,0,0,0,0,0,1,1
17211,20th Ave/Stonestown Mall,57,PARKMERCED,3,005B95,FFFFFF,0,Daly City BART Stop B3@@@92,Daly City BART Stop B3@@@34,,05:05:56,22:06:19,25.125,,25.125,,0,0,0,0,0,1,1
17213,Cortland Ave & Bronte St,24,DIVISADERO,3,005B95,FFFFFF,0,3rd St & Palou Ave@@@182###Cortland Ave & Bayshore Blvd@@@20,3rd St & Palou Ave@@@68,Cortland Ave & Bayshore Blvd@@@12,04:40:18,28:56:18,12.212121212121213,30.0,12.212121212121213,30.0,0,0,0,0,0,1,1
17217,Metro Embarcadero Station,J,CHURCH,0,A96614,FFFFFF,0,Balboa Park BART/Mezzanine Level@@@124,Balboa Park BART/Mezzanine Level@@@58,,08:00:00,23:56:00,15.0,,15.0,,0,0,0,0,0,1,1
17217,Metro Embarcadero Station,K,INGLESIDE,0,437C93,FFFFFF,0,Balboa Park BART/Mezzanine Level@@@144,Balboa Park BART/Mezzanine Level@@@68,,08:00:00,24:00:00,12.090909090909092,,12.090909090909092,,0,0,0,0,0,1,1
17217,Metro Embarcadero Station,L,TARAVAL,0,942D83,FFFFFF,0,47th Ave & Cutler Ave@@@142,47th Ave & Cutler Ave@@@70,,08:06:00,23:55:00,12.088235294117647,,12.088235294117647,,0,0,0,0,0,1,1
17217,Metro Embarcadero Station,M,OCEAN VIEW,0,008547,FFFFFF,0,San Jose Ave & Niagra Ave@@@144,San Jose Ave & Niagra Ave@@@70,,07:58:00,23:49:00,12.088235294117647,,12.088235294117647,,0,0,0,0,0,1,1
17217,Metro Embarcadero Station,N,JUDAH,0,005B95,FFFFFF,0,Judah/La Playa/Ocean Beach@@@148,Judah/La Playa/Ocean Beach@@@70,,08:08:00,23:53:00,12.088235294117647,,12.088235294117647,,0,0,0,0,0,1,1
17220,Ashbury St & Clayton St,33,ASHBURY-18TH ST,3,005B95,FFFFFF,0,25th St & Potrero Ave@@@98,25th St & Potrero Ave@@@44,,05:27:12,22:07:39,19.476190476190474,,19.476190476190474,,0,0,0,0,0,1,1
17227,Market St & Steuart St,9,SAN BRUNO,3,005B95,FFFFFF,0,Sunnydale Ave / Mclaren School@@@190,Sunnydale Ave / Mclaren School@@@86,,05:20:00,24:12:00,10.0,,10.0,,0,0,0,0,0,1,1
17228,Duncan St & Amber Dr,52,EXCELSIOR,3,005B95,FFFFFF,0,Dublin St & La Grande Ave@@@58,Dublin St & La Grande Ave@@@28,,08:14:43,22:15:28,30.0,,30.0,,0,0,0,0,0,1,1
17229,Diamond Heights Blvd & Duncan St,52,EXCELSIOR,3,005B95,FFFFFF,1,Laguna Honda Blvd/Forest Hill Sta@@@58,Laguna Honda Blvd/Forest Hill Sta@@@28,,08:19:12,22:17:12,30.307692307692307,,30.307692307692307,,0,0,0,0,0,1,1
17230,Plymouth Ave & Broad St,54,FELTON,3,005B95,FFFFFF,0,Daly City BART Stop A2@@@94,Daly City BART Stop A2@@@42,,06:24:32,22:36:32,20.2,,20.2,,0,0,0,0,0,1,1
17231,16th Avenue & Lawton Street,66,QUINTARA,3,005B95,FFFFFF,0,Vicente St & 30th Ave@@@86,Vicente St & 30th Ave@@@42,,08:04:15,22:04:07,20.0,,20.0,,0,0,0,0,0,1,1
17236,Font Blvd & Gonzalez Dr,57,PARKMERCED,3,005B95,FFFFFF,0,Daly City BART Stop B3@@@92,Daly City BART Stop B3@@@32,,05:15:25,22:17:25,25.333333333333332,,25.333333333333332,,0,0,0,0,0,1,1
17248,Brazil Ave & Prague St,52,EXCELSIOR,3,005B95,FFFFFF,1,Laguna Honda Blvd/Forest Hill Sta@@@58,Laguna Honda Blvd/Forest Hill Sta@@@28,,08:00:45,22:02:30,30.23076923076923,,30.23076923076923,,0,0,0,0,0,1,1
17249,Grafton Ave At Plymouth Ave,54,FELTON,3,005B95,FFFFFF,0,Daly City BART Stop A2@@@94,Daly City BART Stop A2@@@42,,06:22:08,22:34:08,20.2,,20.2,,0,0,0,0,0,1,1
17251,Diamond St (South)/Diamond Hts,52,EXCELSIOR,3,005B95,FFFFFF,0,Dublin St & La Grande Ave@@@58,Dublin St & La Grande Ave@@@28,,08:18:44,22:19:17,30.0,,30.0,,0,0,0,0,0,1,1
17252,Duboce St/Noe St/Duboce Park,N,JUDAH,0,005B95,FFFFFF,0,Judah/La Playa/Ocean Beach@@@162,Judah/La Playa/Ocean Beach@@@70,,06:48:07,24:02:08,12.117647058823529,,12.117647058823529,,0,0,0,0,0,1,1
17253,Market St & Castro St,35,EUREKA,3,005B95,FFFFFF,0,Bosworth St & Diamond St@@@58,Bosworth St & Diamond St@@@30,,07:00:00,21:00:00,30.0,,30.0,,0,0,0,0,0,1,1
17263,24th St & Noe St,48,QUINTARA-24TH STREET,3,005B95,FFFFFF,1,22nd St Caltrain Station/Iowa@@@126,22nd St Caltrain Station/Iowa@@@42,22nd St Caltrain Station/Iowa@@@12,05:48:39,28:54:43,20.0,30.0,20.0,30.0,0,0,0,0,0,1,1
17264,Market St & 1st St,2,SUTTER,3,005B95,FFFFFF,1,Steuart St & Mission St@@@76,Steuart St & Mission St@@@42,,06:43:42,19:07:13,20.0,,20.0,,0,0,0,0,0,1,1
17264,Market St & 1st St,9,SAN BRUNO,3,005B95,FFFFFF,1,Market St & Steuart St@@@184,Market St & Steuart St@@@82,,05:44:15,24:31:15,10.1,,10.1,,0,0,0,0,0,1,1
17264,Market St & 1st St,F,MARKET & WHARVES,0,B49A36,000000,1,Jones St & Beach St@@@142,Jones St & Beach St@@@70,,06:22:00,22:22:00,12.205882352941176,,12.205882352941176,,0,0,0,0,0,1,1
17264,Market St & 1st St,FBUS,MARKET & WHARVES BUS,3,B49A36,000000,1,Jones St & Beach St@@@10,,,22:41:32,24:21:32,,,,,0,0,0,0,0,1,1
17264,Market St & 1st St,KBUS,INGLESIDE BUS,3,437C93,FFFFFF,1,Steuart St & Mission St@@@24,,,05:46:34,24:46:34,,,,,0,0,0,0,0,1,1
17264,Market St & 1st St,LOWL,OWL TARAVAL,3,666666,FFFFFF,1,Jones St & Beach St@@@30,,Jones St & Beach St@@@22,24:38:18,30:28:18,,25.0,,25.0,0,0,0,0,0,1,1
17264,Market St & 1st St,NBUS,JUDAH BUS,3,005B95,FFFFFF,1,Townsend St & 5th St/Caltrain@@@20,,,05:41:22,24:31:22,,,,,0,0,0,0,0,1,1
17264,Market St & 1st St,NOWL,OWL JUDAH,3,666666,FFFFFF,1,Townsend St & 5th St/Caltrain@@@22,,Townsend St & 5th St/Caltrain@@@16,24:57:18,29:57:18,,30.0,,30.0,0,0,0,0,0,1,1
17281,Embarcadero & Sansome St,F,MARKET & WHARVES,0,B49A36,000000,1,Jones St & Beach St@@@142,Jones St & Beach St@@@70,,06:31:31,22:30:31,12.323529411764707,,12.323529411764707,,0,0,0,0,0,1,1
17281,Embarcadero & Sansome St,FBUS,MARKET & WHARVES BUS,3,B49A36,000000,1,Jones St & Beach St@@@10,,,22:49:34,24:29:34,,,,,0,0,0,0,0,1,1
17281,Embarcadero & Sansome St,LOWL,OWL TARAVAL,3,666666,FFFFFF,1,Jones St & Beach St@@@30,,Jones St & Beach St@@@24,24:45:35,30:35:35,,25.0,,25.0,0,0,0,0,0,1,1
17282,Cole St & Carl St,NBUS,JUDAH BUS,3,005B95,FFFFFF,0,Judah/La Playa/Ocean Beach@@@18,,,05:48:42,08:04:42,,,,,0,0,0,0,0,1,1
17282,Cole St & Carl St,NOWL,OWL JUDAH,3,666666,FFFFFF,0,Judah/La Playa/Ocean Beach@@@24,,Judah/La Playa/Ocean Beach@@@18,24:33:19,30:03:19,,30.0,,30.0,0,0,0,0,0,1,1
17283,The Embarcadero & Ferry Building,F,MARKET & WHARVES,0,B49A36,000000,0,17th St & Castro St@@@114###17th St & Noe St@@@28,17th St & Castro St@@@62###17th St & Noe St@@@4,,07:12:42,23:13:43,12.46875,,12.46875,,0,0,0,0,0,1,1
17283,The Embarcadero & Ferry Building,FBUS,MARKET & WHARVES BUS,3,B49A36,000000,0,17th St & Castro St@@@2,,,23:36:26,23:36:26,,,,,0,0,0,0,0,1,1
17283,The Embarcadero & Ferry Building,LOWL,OWL TARAVAL,3,666666,FFFFFF,0,The Embarcadero & Ferry Building@@@8###Wawona/46th Ave /Sf Zoo@@@28,,The Embarcadero & Ferry Building@@@8###Wawona/46th Ave /Sf Zoo@@@16,23:49:31,30:53:00,,25.0,,25.0,0,0,0,0,0,1,1
17285,Evans Ave & Quint St,19,POLK,3,005B95,FFFFFF,0,Galvez Ave & Hill Ave@@@102,Galvez Ave & Hill Ave@@@40,,05:36:06,22:39:06,20.31578947368421,,20.31578947368421,,0,0,0,0,0,1,1
17286,Evans Ave & Selby St,19,POLK,3,005B95,FFFFFF,1,Beach St & Polk St@@@102,Beach St & Polk St@@@42,,05:18:24,22:07:24,20.0,,20.0,,0,0,0,0,0,1,1
17287,Larkin St & Mcallister St,19,POLK,3,005B95,FFFFFF,1,Beach St & Polk St@@@102,Beach St & Polk St@@@42,,05:40:59,22:30:25,20.1,,20.1,,0,0,0,0,0,1,1
17288,Silver Ave & Santa Fe Ave,44,O'SHAUGHNESSY,3,005B95,FFFFFF,0,Hudson Ave & 3rd St@@@186,Hudson Ave & 3rd St@@@70,Hudson Ave & 3rd St@@@16,06:27:39,29:45:22,12.205882352941176,31.857142857142858,12.205882352941176,31.857142857142858,0,0,0,0,0,1,1
17289,16th St & Folsom St,22,FILLMORE,3,005B95,FFFFFF,1,Fillmore St & Bay St@@@260###Fillmore St & Sutter St@@@28,Fillmore St & Bay St@@@110,Fillmore St & Bay St@@@14###Fillmore St & Sutter St@@@6,05:14:14,30:21:14,7.685185185185185,28.666666666666668,7.685185185185185,28.666666666666668,0,0,0,0,0,1,1
17289,16th St & Folsom St,33,ASHBURY-18TH ST,3,005B95,FFFFFF,1,Arguello Blvd & California St@@@14###Sacramento St & Cherry St@@@84,Sacramento St & Cherry St@@@42,,06:10:00,22:49:24,20.3,,20.3,,0,0,0,0,0,1,1
17289,16th St & Folsom St,55,DOGPATCH,3,005B95,FFFFFF,1,16th St & Mission St@@@104,16th St & Mission St@@@42,,05:10:10,22:11:38,20.05,,20.05,,0,0,0,0,0,1,1
17290,Castro St & 26th St,24,DIVISADERO,3,005B95,FFFFFF,0,3rd St & Palou Ave@@@182###Cortland Ave & Bayshore Blvd@@@20,3rd St & Palou Ave@@@70,Cortland Ave & Bayshore Blvd@@@12,04:30:09,28:44:29,12.117647058823529,30.0,12.117647058823529,30.0,0,0,0,0,0,1,1
17294,California St & Davis St,CA,CALIFORNIA STREET CABLE CAR,5,B49A36,000000,1,California St & Drumm St@@@134,California St & Drumm St@@@74,,07:10:56,20:47:56,11.027777777777779,,11.027777777777779,,0,0,0,0,0,1,1
17295,Ashbury St & Frederick St,33,ASHBURY-18TH ST,3,005B95,FFFFFF,0,25th St & Potrero Ave@@@98,25th St & Potrero Ave@@@42,,05:25:34,22:05:34,19.35,,19.35,,0,0,0,0,0,1,1
17297,Sunnydale Ave & Bay Shore Blvd,9,SAN BRUNO,3,005B95,FFFFFF,1,Market St & Steuart St@@@184,Market St & Steuart St@@@84,,05:10:19,23:57:36,10.0,,10.0,,0,0,0,0,0,1,1
17298,Potrero Ave&15th St,9,SAN BRUNO,3,005B95,FFFFFF,1,Market St & Steuart St@@@184,Market St & Steuart St@@@84,,05:29:27,24:16:32,10.0,,10.0,,0,0,0,0,0,1,1
17298,Potrero Ave&15th St,90,SAN BRUNO OWL,3,666666,FFFFFF,1,Van Ness Ave & North Point St@@@20,,Van Ness Ave & North Point St@@@12,24:25:34,28:55:34,,30.0,,30.0,0,0,0,0,0,1,1
17299,Mission St & South Van Ness Ave,14,MISSION,3,005B95,FFFFFF,1,Steuart St & Mission St@@@312,Steuart St & Mission St@@@104,Steuart St & Mission St@@@32,05:48:51,29:30:02,8.07843137254902,13.733333333333333,8.07843137254902,13.733333333333333,0,0,0,0,0,1,1
17300,Geneva Ave & Carter St,8,BAYSHORE,3,005B95,FFFFFF,0,City College Terminal@@@260,City College Terminal@@@116,,05:38:55,24:44:25,7.245614035087719,,7.245614035087719,,0,0,0,0,0,1,1
17300,Geneva Ave & Carter St,91,3RD-19TH AVE OWL,3,666666,FFFFFF,0,Ulloa St & West Portal Ave@@@26,,Ulloa St & West Portal Ave@@@18,24:24:38,30:24:38,,30.0,,30.0,0,0,0,0,0,1,1
17301,O'Farrell St & Taylor St,38,GEARY,3,005B95,FFFFFF,1,Transit Center Bay D@@@228,Transit Center Bay D@@@84,Transit Center Bay D@@@16,06:02:28,29:43:43,10.048780487804878,30.0,10.048780487804878,30.0,0,0,0,0,0,1,1
17301,O'Farrell St & Taylor St,38R,GEARY RAPID,3,BF2B45,FFFFFF,1,Transit Center Bay C@@@174,Transit Center Bay C@@@84,,06:31:28,21:32:28,10.024390243902438,,10.024390243902438,,0,0,0,0,0,1,1
17304,Geneva Ave&Carter St,8,BAYSHORE,3,005B95,FFFFFF,1,Kearny St & North Point St@@@264,Kearny St & North Point St@@@120,,05:08:16,24:10:08,7.0,,7.0,,0,0,0,0,0,1,1
17304,Geneva Ave&Carter St,91,3RD-19TH AVE OWL,3,666666,FFFFFF,1,19th Ave & Holloway/Sf State@@@24,,19th Ave & Holloway/Sf State@@@16,24:03:10,29:33:10,,30.0,,30.0,0,0,0,0,0,1,1
17306,West Portal Ave & 14th Ave,57,PARKMERCED,3,005B95,FFFFFF,0,Daly City BART Stop B3@@@92,Daly City BART Stop B3@@@34,,05:01:23,22:01:23,25.0625,,25.0625,,0,0,0,0,0,1,1
17307,Myra Way & Reposa Way,36,TERESITA,3,005B95,FFFFFF,0,Valencia St & Mission St@@@54,Valencia St & Mission St@@@28,,08:26:21,21:23:21,30.0,,30.0,,0,0,0,0,0,1,1
17307,Myra Way & Reposa Way,36,TERESITA,3,005B95,FFFFFF,1,Laguna Honda Blvd/Forest Hill Sta@@@52,Laguna Honda Blvd/Forest Hill Sta@@@28,,08:47:21,21:15:21,30.0,,30.0,,0,0,0,0,0,1,1
17308,7th Ave & Lawton St,36,TERESITA,3,005B95,FFFFFF,1,Laguna Honda Blvd/Forest Hill Sta@@@58,Laguna Honda Blvd/Forest Hill Sta@@@28,,09:03:20,22:55:20,30.0,,30.0,,0,0,0,0,0,1,1
17310,Roosevelt Way & Buena Vista Ter,37,CORBETT,3,005B95,FFFFFF,0,Parkridge Dr & Burnett Ave@@@54,Parkridge Dr & Burnett Ave@@@28,,09:15:02,22:15:02,30.0,,30.0,,0,0,0,0,0,1,1
17312,Folsom St & 24th St,12,FOLSOM-PACIFIC,3,005B95,FFFFFF,0,Valencia St & Cesar Chavez St@@@98,Valencia St & Cesar Chavez St@@@42,,06:36:00,22:40:00,20.2,,20.2,,0,0,0,0,0,1,1
17312,Folsom St & 24th St,67,BERNAL HEIGHTS,3,005B95,FFFFFF,0,Ellsworth St & Crescent Ave@@@98,Ellsworth St & Crescent Ave@@@42,,06:02:28,22:00:05,19.85,,19.85,,0,0,0,0,0,1,1
17313,Bayshore Blvd & Alemany Blvd,23,MONTEREY,3,005B95,FFFFFF,0,Sloat Blvd & 47th Ave@@@66,Sloat Blvd & 47th Ave@@@28,,06:17:19,22:17:19,30.0,,30.0,,0,0,0,0,0,1,1
17318,Sunset Tunnel East Portal,N,JUDAH,0,005B95,FFFFFF,1,Duboce Ave & Church St@@@8###King St & 4th St@@@154,King St & 4th St@@@68,,07:58:55,25:00:55,12.272727272727273,,12.272727272727273,,0,0,0,0,0,1,1
17320,3rd St & Fitzgerald Ave,91,3RD-19TH AVE OWL,3,666666,FFFFFF,1,19th Ave & Holloway/Sf State@@@24,,19th Ave & Holloway/Sf State@@@16,24:14:50,29:44:50,,30.0,,30.0,0,0,0,0,0,1,1
17320,3rd St & Fitzgerald Ave,TBUS,THIRD BUS,3,BF2B45,FFFFFF,0,Pacific Ave & Powell St@@@16###Stockton St & Washington St@@@4,,,05:09:16,23:51:16,,,,,0,0,0,0,0,1,1
17321,3rd St & Warriors Way / Chase Center,15,BAYVIEW HUNTERS POINT EXPRESS,3,005B95,FFFFFF,1,Sutter St & Sansome St@@@130,Sutter St & Sansome St@@@66,,08:25:44,22:23:30,12.65625,,12.65625,,0,0,0,0,0,1,1
17321,3rd St & Warriors Way / Chase Center,22,FILLMORE,3,005B95,FFFFFF,0,Mission Bay North & 4th St@@@288,Mission Bay North & 4th St@@@112,Mission Bay North & 4th St@@@18,04:52:09,30:01:38,7.6,30.0,7.6,30.0,0,0,0,0,0,1,1
17321,3rd St & Warriors Way / Chase Center,91,3RD-19TH AVE OWL,3,666666,FFFFFF,1,19th Ave & Holloway/Sf State@@@24,,19th Ave & Holloway/Sf State@@@18,24:30:20,30:00:20,,30.0,,30.0,0,0,0,0,0,1,1
17321,3rd St & Warriors Way / Chase Center,TBUS,THIRD BUS,3,BF2B45,FFFFFF,0,Pacific Ave & Powell St@@@16###Stockton St & Washington St@@@4,,,05:28:17,24:10:17,,,,,0,0,0,0,0,1,1
17324,3rd St & Gene Friend Way / Chase Center,15,BAYVIEW HUNTERS POINT EXPRESS,3,005B95,FFFFFF,0,Palou Ave & 3rd St@@@130,Palou Ave & 3rd St@@@66,,08:15:37,22:22:20,12.375,,12.375,,0,0,0,0,0,1,1
17324,3rd St & Gene Friend Way / Chase Center,22,FILLMORE,3,005B95,FFFFFF,1,Fillmore St & Bay St@@@260###Fillmore St & Sutter St@@@28,Fillmore St & Bay St@@@110,Fillmore St & Bay St@@@12###Fillmore St & Sutter St@@@6,05:03:00,30:10:00,7.62962962962963,28.5,7.62962962962963,28.5,0,0,0,0,0,1,1
17324,3rd St & Gene Friend Way / Chase Center,91,3RD-19TH AVE OWL,3,666666,FFFFFF,0,Ulloa St & West Portal Ave@@@26,,Ulloa St & West Portal Ave@@@16,23:58:08,29:58:04,,30.0,,30.0,0,0,0,0,0,1,1
17324,3rd St & Gene Friend Way / Chase Center,TBUS,THIRD BUS,3,BF2B45,FFFFFF,1,Visitacion Ave & Bay Shore Blvd@@@24,,,05:19:21,08:05:21,,,,,0,0,0,0,0,1,1
17325,Garfield St & Byxbee St,29,SUNSET,3,005B95,FFFFFF,0,Fitzgerald Ave & Keith St@@@168,Fitzgerald Ave & Keith St@@@68,,05:26:08,24:25:08,12.454545454545455,,12.454545454545455,,0,0,0,0,0,1,1
17326,Garfield St & Vernon St,29,SUNSET,3,005B95,FFFFFF,0,Fitzgerald Ave & Keith St@@@168,Fitzgerald Ave & Keith St@@@68,,05:26:35,24:25:35,12.424242424242424,,12.424242424242424,,0,0,0,0,0,1,1
17327,Ocean Ave & Lee Ave,29,SUNSET,3,005B95,FFFFFF,0,Fitzgerald Ave & Keith St@@@168,Fitzgerald Ave & Keith St@@@68,,05:31:16,24:30:16,12.454545454545455,,12.454545454545455,,0,0,0,0,0,1,1
17328,Leland Ave & Alpha St,56,RUTLAND,3,005B95,FFFFFF,0,50 Thomas Mellon Dr@@@64###San Bruno Ave & Arleta Ave@@@20,50 Thomas Mellon Dr@@@42,,07:26:57,21:06:57,20.0,,20.0,,0,0,0,0,0,1,1
17329,Leland Ave & Bayshore Blvd,56,RUTLAND,3,005B95,FFFFFF,0,50 Thomas Mellon Dr@@@64###San Bruno Ave & Arleta Ave@@@20,50 Thomas Mellon Dr@@@42,,07:27:37,21:07:37,20.0,,20.0,,0,0,0,0,0,1,1
17330,Raymond Ave & Rutland St,56,RUTLAND,3,005B95,FFFFFF,1,Visitacion Valley Middle School@@@86,Visitacion Valley Middle School@@@42,,07:10:48,21:10:48,20.0,,20.0,,0,0,0,0,0,1,1
17331,Raymond Ave & Delta St,56,RUTLAND,3,005B95,FFFFFF,1,Visitacion Valley Middle School@@@86,Visitacion Valley Middle School@@@42,,07:11:21,21:11:21,20.0,,20.0,,0,0,0,0,0,1,1
17332,Raymond Ave & Sawyer St,56,RUTLAND,3,005B95,FFFFFF,1,Visitacion Valley Middle School@@@86,Visitacion Valley Middle School@@@42,,07:12:37,21:12:37,20.0,,20.0,,0,0,0,0,0,1,1
17333,Sawyer St & Visitacion Ave,56,RUTLAND,3,005B95,FFFFFF,1,Visitacion Valley Middle School@@@86,Visitacion Valley Middle School@@@42,,07:13:16,21:13:16,20.0,,20.0,,0,0,0,0,0,1,1
17334,Bayshore Blvd & Blanken Ave,56,RUTLAND,3,005B95,FFFFFF,0,50 Thomas Mellon Dr@@@64###San Bruno Ave & Arleta Ave@@@20,50 Thomas Mellon Dr@@@42,,07:28:00,21:08:00,20.0,,20.0,,0,0,0,0,0,1,1
17334,Bayshore Blvd & Blanken Ave,91,3RD-19TH AVE OWL,3,666666,FFFFFF,1,19th Ave & Holloway/Sf State@@@24,,19th Ave & Holloway/Sf State@@@16,24:11:00,29:41:00,,30.0,,30.0,0,0,0,0,0,1,1
17334,Bayshore Blvd & Blanken Ave,TBUS,THIRD BUS,3,BF2B45,FFFFFF,0,Pacific Ave & Powell St@@@16###Stockton St & Washington St@@@4,,,05:04:19,23:46:19,,,,,0,0,0,0,0,1,1
17335,Raymond Ave & Elliot St,56,RUTLAND,3,005B95,FFFFFF,1,Visitacion Valley Middle School@@@86,Visitacion Valley Middle School@@@42,,07:11:58,21:11:58,20.0,,20.0,,0,0,0,0,0,1,1
17342,Third Street/Gilman/Paul,T,THIRD,0,BF2B45,FFFFFF,1,Bayshore Blvd & Sunnydale Ave@@@172,Bayshore Blvd & Sunnydale Ave@@@70,,07:08:00,24:43:00,12.058823529411764,,12.058823529411764,,0,0,0,0,0,1,1
17343,Third Street & Carroll Ave,T,THIRD,0,BF2B45,FFFFFF,0,Chinatown - Rose Pak Station@@@148###Third Street & Marin St@@@24,Chinatown - Rose Pak Station@@@70,,07:31:44,24:55:29,11.941176470588236,,11.941176470588236,,0,0,0,0,0,1,1
17344,Third Street & Carroll Ave,T,THIRD,0,BF2B45,FFFFFF,1,Bayshore Blvd & Sunnydale Ave@@@172,Bayshore Blvd & Sunnydale Ave@@@70,,07:06:23,24:41:39,12.058823529411764,,12.058823529411764,,0,0,0,0,0,1,1
17345,Third Street & Williams Ave,T,THIRD,0,BF2B45,FFFFFF,0,Chinatown - Rose Pak Station@@@148###Third Street & Marin St@@@24,Chinatown - Rose Pak Station@@@70,,07:33:53,24:57:20,11.941176470588236,,11.941176470588236,,0,0,0,0,0,1,1
17346,Third Street & Williams Ave,T,THIRD,0,BF2B45,FFFFFF,1,Bayshore Blvd & Sunnydale Ave@@@172,Bayshore Blvd & Sunnydale Ave@@@70,,07:04:27,24:40:02,12.058823529411764,,12.058823529411764,,0,0,0,0,0,1,1
17347,Third Street/Gilman/Paul,T,THIRD,0,BF2B45,FFFFFF,0,Chinatown - Rose Pak Station@@@148###Third Street & Marin St@@@24,Chinatown - Rose Pak Station@@@70,,07:30:00,24:54:00,11.941176470588236,,11.941176470588236,,0,0,0,0,0,1,1
17352,Third Street & Evans Ave,T,THIRD,0,BF2B45,FFFFFF,0,Chinatown - Rose Pak Station@@@148###Third Street & Marin St@@@24,Chinatown - Rose Pak Station@@@70,,07:40:35,25:02:59,11.970588235294118,,11.970588235294118,,0,0,0,0,0,1,1
17353,Third Street & Marin St,T,THIRD,0,BF2B45,FFFFFF,0,Chinatown - Rose Pak Station@@@148###Third Street & Marin St@@@24,Chinatown - Rose Pak Station@@@70,,07:43:00,25:05:00,11.970588235294118,,11.970588235294118,,0,0,0,0,0,1,1
17354,Third Street & 23rd St,T,THIRD,0,BF2B45,FFFFFF,0,Chinatown - Rose Pak Station@@@150,Chinatown - Rose Pak Station@@@70,,06:30:08,23:38:12,11.970588235294118,,11.970588235294118,,0,0,0,0,0,1,1
17355,Third Street & 20th St,T,THIRD,0,BF2B45,FFFFFF,0,Chinatown - Rose Pak Station@@@150,Chinatown - Rose Pak Station@@@70,,06:32:00,23:40:00,12.0,,12.0,,0,0,0,0,0,1,1
17356,Ucsf Medical Center (Mariposa),T,THIRD,0,BF2B45,FFFFFF,0,Chinatown - Rose Pak Station@@@150,Chinatown - Rose Pak Station@@@70,,06:34:28,23:42:03,12.0,,12.0,,0,0,0,0,0,1,1
17357,Ucsf / Chase Center (16th St),T,THIRD,0,BF2B45,FFFFFF,0,Chinatown - Rose Pak Station@@@150,Chinatown - Rose Pak Station@@@70,,06:37:06,23:44:15,12.0,,12.0,,0,0,0,0,0,1,1
17358,Third Street & Mission Rock St,T,THIRD,0,BF2B45,FFFFFF,0,Chinatown - Rose Pak Station@@@150,Chinatown - Rose Pak Station@@@70,,06:39:57,23:46:37,12.0,,12.0,,0,0,0,0,0,1,1
17359,Third Street & Mission Rock St,T,THIRD,0,BF2B45,FFFFFF,1,Bayshore Blvd & Sunnydale Ave@@@154,Bayshore Blvd & Sunnydale Ave@@@70,,08:12:56,24:20:46,12.058823529411764,,12.058823529411764,,0,0,0,0,0,1,1
17360,Ucsf / Chase Center (16th Street),T,THIRD,0,BF2B45,FFFFFF,1,Bayshore Blvd & Sunnydale Ave@@@154,Bayshore Blvd & Sunnydale Ave@@@68,,08:15:22,24:22:58,12.030303030303031,,12.030303030303031,,0,0,0,0,0,1,1
17361,Ucsf Medical Center (Mariposa),T,THIRD,0,BF2B45,FFFFFF,1,Bayshore Blvd & Sunnydale Ave@@@154,Bayshore Blvd & Sunnydale Ave@@@70,,08:17:30,24:24:53,12.058823529411764,,12.058823529411764,,0,0,0,0,0,1,1
17362,Third Street & 20th St,T,THIRD,0,BF2B45,FFFFFF,1,Bayshore Blvd & Sunnydale Ave@@@154,Bayshore Blvd & Sunnydale Ave@@@70,,08:20:00,24:27:00,12.058823529411764,,12.058823529411764,,0,0,0,0,0,1,1
17363,Third Street & 23rd St,T,THIRD,0,BF2B45,FFFFFF,1,Bayshore Blvd & Sunnydale Ave@@@154,Bayshore Blvd & Sunnydale Ave@@@70,,08:22:12,24:28:46,12.058823529411764,,12.058823529411764,,0,0,0,0,0,1,1
17364,Third Street & Marin St,T,THIRD,0,BF2B45,FFFFFF,1,Bayshore Blvd & Sunnydale Ave@@@172,Bayshore Blvd & Sunnydale Ave@@@70,,06:55:00,24:31:00,12.058823529411764,,12.058823529411764,,0,0,0,0,0,1,1
17365,Third Street & Evans Ave,T,THIRD,0,BF2B45,FFFFFF,1,Bayshore Blvd & Sunnydale Ave@@@172,Bayshore Blvd & Sunnydale Ave@@@68,,06:57:51,24:33:51,12.06060606060606,,12.06060606060606,,0,0,0,0,0,1,1
17366,4th St & Berry St,91,3RD-19TH AVE OWL,3,666666,FFFFFF,0,Ulloa St & West Portal Ave@@@26,,Ulloa St & West Portal Ave@@@16,23:54:37,29:54:32,,30.0,,30.0,0,0,0,0,0,1,1
17366,4th St & Berry St,TBUS,THIRD BUS,3,BF2B45,FFFFFF,1,Visitacion Ave & Bay Shore Blvd@@@24,,,05:15:00,08:01:00,,,,,0,0,0,0,0,1,1
17376,Third St & Le Conte Ave,91,3RD-19TH AVE OWL,3,666666,FFFFFF,1,19th Ave & Holloway/Sf State@@@24,,19th Ave & Holloway/Sf State@@@16,24:13:24,29:43:24,,30.0,,30.0,0,0,0,0,0,1,1
17376,Third St & Le Conte Ave,TBUS,THIRD BUS,3,BF2B45,FFFFFF,0,Pacific Ave & Powell St@@@16###Stockton St & Washington St@@@4,,,05:07:25,23:49:25,,,,,0,0,0,0,0,1,1
17377,Third St & Marin St,15,BAYVIEW HUNTERS POINT EXPRESS,3,005B95,FFFFFF,1,Sutter St & Sansome St@@@130,Sutter St & Sansome St@@@66,,08:19:10,22:17:51,12.375,,12.375,,0,0,0,0,0,1,1
17377,Third St & Marin St,91,3RD-19TH AVE OWL,3,666666,FFFFFF,1,19th Ave & Holloway/Sf State@@@24,,19th Ave & Holloway/Sf State@@@16,24:24:15,29:54:15,,30.0,,30.0,0,0,0,0,0,1,1
17377,Third St & Marin St,TBUS,THIRD BUS,3,BF2B45,FFFFFF,0,Pacific Ave & Powell St@@@16###Stockton St & Washington St@@@4,,,05:20:00,24:02:00,,,,,0,0,0,0,0,1,1
17378,Third St & Marin St,15,BAYVIEW HUNTERS POINT EXPRESS,3,005B95,FFFFFF,0,Palou Ave & 3rd St@@@130,Palou Ave & 3rd St@@@66,,08:22:15,22:28:54,12.65625,,12.65625,,0,0,0,0,0,1,1
17378,Third St & Marin St,91,3RD-19TH AVE OWL,3,666666,FFFFFF,0,Ulloa St & West Portal Ave@@@26,,Ulloa St & West Portal Ave@@@18,24:03:39,30:03:39,,30.0,,30.0,0,0,0,0,0,1,1
17378,Third St & Marin St,TBUS,THIRD BUS,3,BF2B45,FFFFFF,1,Visitacion Ave & Bay Shore Blvd@@@24,,,05:27:00,08:13:00,,,,,0,0,0,0,0,1,1
17381,Third St & Mariposa St,91,3RD-19TH AVE OWL,3,666666,FFFFFF,1,19th Ave & Holloway/Sf State@@@24,,19th Ave & Holloway/Sf State@@@16,24:28:27,29:58:27,,30.0,,30.0,0,0,0,0,0,1,1
17381,Third St & Mariposa St,TBUS,THIRD BUS,3,BF2B45,FFFFFF,0,Pacific Ave & Powell St@@@16###Stockton St & Washington St@@@4,,,05:25:53,24:07:53,,,,,0,0,0,0,0,1,1
17382,Third St & Mariposa St,91,3RD-19TH AVE OWL,3,666666,FFFFFF,0,Ulloa St & West Portal Ave@@@26,,Ulloa St & West Portal Ave@@@16,23:59:50,29:59:45,,30.0,,30.0,0,0,0,0,0,1,1
17382,Third St & Mariposa St,TBUS,THIRD BUS,3,BF2B45,FFFFFF,1,Visitacion Ave & Bay Shore Blvd@@@24,,,05:21:27,08:07:27,,,,,0,0,0,0,0,1,1
17383,Presidio Transit Center,43,MASONIC,3,005B95,FFFFFF,0,Munich St & Geneva Ave@@@112,Munich St & Geneva Ave@@@42,,05:08:35,23:59:35,20.2,,20.2,,0,0,0,0,0,1,1
17383,Presidio Transit Center,43,MASONIC,3,005B95,FFFFFF,1,Marina Blvd & Laguna St@@@112,Marina Blvd & Laguna St@@@40,,05:50:50,24:39:06,20.42105263157895,,20.42105263157895,,0,0,0,0,0,1,1
17390,Third Street/Hudson/Innes,T,THIRD,0,BF2B45,FFFFFF,1,Bayshore Blvd & Sunnydale Ave@@@172,Bayshore Blvd & Sunnydale Ave@@@70,,06:59:07,24:35:07,12.058823529411764,,12.058823529411764,,0,0,0,0,0,1,1
17391,Third Street/Kirkwood/La Salle,T,THIRD,0,BF2B45,FFFFFF,1,Bayshore Blvd & Sunnydale Ave@@@172,Bayshore Blvd & Sunnydale Ave@@@70,,07:00:10,24:36:10,12.058823529411764,,12.058823529411764,,0,0,0,0,0,1,1
17392,Third Street/Oakdale/Palou,T,THIRD,0,BF2B45,FFFFFF,1,Bayshore Blvd & Sunnydale Ave@@@172,Bayshore Blvd & Sunnydale Ave@@@70,,07:02:00,24:38:00,12.058823529411764,,12.058823529411764,,0,0,0,0,0,1,1
17393,Third Street/Revere/Shafter,T,THIRD,0,BF2B45,FFFFFF,1,Bayshore Blvd & Sunnydale Ave@@@172,Bayshore Blvd & Sunnydale Ave@@@70,,07:02:59,24:38:49,12.058823529411764,,12.058823529411764,,0,0,0,0,0,1,1
17394,Third Street & Le Conte Ave,T,THIRD,0,BF2B45,FFFFFF,1,Bayshore Blvd & Sunnydale Ave@@@172,Bayshore Blvd & Sunnydale Ave@@@68,,07:09:42,24:44:13,12.06060606060606,,12.06060606060606,,0,0,0,0,0,1,1
17395,Bayshore Blvd & Blanken Ave,T,THIRD,0,BF2B45,FFFFFF,1,Bayshore Blvd & Sunnydale Ave@@@172,Bayshore Blvd & Sunnydale Ave@@@68,,07:13:08,24:46:40,12.030303030303031,,12.030303030303031,,0,0,0,0,0,1,1
17397,4th St & King St,T,THIRD,0,BF2B45,FFFFFF,1,Bayshore Blvd & Sunnydale Ave@@@154,Bayshore Blvd & Sunnydale Ave@@@70,,08:10:00,24:18:00,12.029411764705882,,12.029411764705882,,0,0,0,0,0,1,1
17398,Bayshore Blvd & Sunnydale Ave,T,THIRD,0,BF2B45,FFFFFF,0,Chinatown - Rose Pak Station@@@148###Third Street & Marin St@@@24,Chinatown - Rose Pak Station@@@70,,07:25:00,24:49:00,11.941176470588236,,11.941176470588236,,0,0,0,0,0,1,1
17399,Bayshore Blvd & Areta Ave,T,THIRD,0,BF2B45,FFFFFF,0,Chinatown - Rose Pak Station@@@148###Third Street & Marin St@@@24,Chinatown - Rose Pak Station@@@70,,07:26:18,24:50:18,11.941176470588236,,11.941176470588236,,0,0,0,0,0,1,1
17400,Third Street & Le Conte Ave,T,THIRD,0,BF2B45,FFFFFF,0,Chinatown - Rose Pak Station@@@148###Third Street & Marin St@@@24,Chinatown - Rose Pak Station@@@70,,07:28:50,24:52:50,11.941176470588236,,11.941176470588236,,0,0,0,0,0,1,1
17401,Third Street/Revere/Shafter,T,THIRD,0,BF2B45,FFFFFF,0,Chinatown - Rose Pak Station@@@148###Third Street & Marin St@@@24,Chinatown - Rose Pak Station@@@70,,07:35:34,24:58:46,11.970588235294118,,11.970588235294118,,0,0,0,0,0,1,1
17402,Third Street/Oakdale/Palou,T,THIRD,0,BF2B45,FFFFFF,0,Chinatown - Rose Pak Station@@@148###Third Street & Marin St@@@24,Chinatown - Rose Pak Station@@@70,,07:37:00,25:00:00,11.970588235294118,,11.970588235294118,,0,0,0,0,0,1,1
17403,Third Street/Kirkwood/La Salle,T,THIRD,0,BF2B45,FFFFFF,0,Chinatown - Rose Pak Station@@@148###Third Street & Marin St@@@24,Chinatown - Rose Pak Station@@@70,,07:38:24,25:01:10,11.970588235294118,,11.970588235294118,,0,0,0,0,0,1,1
17404,Third Street/Hudson/Innes,T,THIRD,0,BF2B45,FFFFFF,0,Chinatown - Rose Pak Station@@@148###Third Street & Marin St@@@24,Chinatown - Rose Pak Station@@@70,,07:39:23,25:01:59,11.970588235294118,,11.970588235294118,,0,0,0,0,0,1,1
17405,4th St & King St/Caltrain,91,3RD-19TH AVE OWL,3,666666,FFFFFF,1,19th Ave & Holloway/Sf State@@@24,,19th Ave & Holloway/Sf State@@@18,24:34:00,30:04:00,,30.0,,30.0,0,0,0,0,0,1,1
17405,4th St & King St/Caltrain,TBUS,THIRD BUS,3,BF2B45,FFFFFF,0,Pacific Ave & Powell St@@@16###Stockton St & Washington St@@@4,,,05:33:00,24:15:00,,,,,0,0,0,0,0,1,1
17423,Market St & Hyde St,19,POLK,3,005B95,FFFFFF,1,Beach St & Polk St@@@102,Beach St & Polk St@@@42,,05:38:29,22:27:39,20.05,,20.05,,0,0,0,0,0,1,1
17425,Monterey Blvd & San Anselmo Ave,23,MONTEREY,3,005B95,FFFFFF,0,Sloat Blvd & 47th Ave@@@66,Sloat Blvd & 47th Ave@@@28,,06:35:07,22:33:26,29.923076923076923,,29.923076923076923,,0,0,0,0,0,1,1
17428,Newhall St & Fairfax Ave,44,O'SHAUGHNESSY,3,005B95,FFFFFF,0,Hudson Ave & 3rd St@@@186,Hudson Ave & 3rd St@@@68,Hudson Ave & 3rd St@@@16,06:40:15,29:56:24,12.303030303030303,31.857142857142858,12.303030303030303,31.857142857142858,0,0,0,0,0,1,1
17431,Silver Ave & Lisbon St,44,O'SHAUGHNESSY,3,005B95,FFFFFF,1,Bosworth St & Diamond St@@@20###California St & 6th Ave@@@170,California St & 6th Ave@@@70,Bosworth St & Diamond St@@@14,05:19:35,29:27:39,12.0,31.666666666666668,12.0,31.666666666666668,0,0,0,0,0,1,1
17444,California St & Battery St,CA,CALIFORNIA STREET CABLE CAR,5,B49A36,000000,1,California St & Drumm St@@@134,California St & Drumm St@@@76,,07:09:22,20:46:06,11.0,,11.0,,0,0,0,0,0,1,1
17447,The Embarcadero & Brannan St,NBUS,JUDAH BUS,3,005B95,FFFFFF,0,Judah/La Playa/Ocean Beach@@@18,,,05:21:57,07:37:57,,,,,0,0,0,0,0,1,1
17447,The Embarcadero & Brannan St,NOWL,OWL JUDAH,3,666666,FFFFFF,0,Judah/La Playa/Ocean Beach@@@24,,Judah/La Playa/Ocean Beach@@@16,24:03:54,29:33:54,,30.0,,30.0,0,0,0,0,0,1,1
17448,19th Ave & Winston Dr,28,19TH AVENUE,3,005B95,FFFFFF,0,Daly City BART Stop D4@@@168,Daly City BART Stop D4@@@66,,05:37:16,24:40:26,12.625,,12.625,,0,0,0,0,0,1,1
17448,19th Ave & Winston Dr,91,3RD-19TH AVE OWL,3,666666,FFFFFF,1,19th Ave & Holloway/Sf State@@@24,,19th Ave & Holloway/Sf State@@@20,25:17:38,30:47:38,,30.0,,30.0,0,0,0,0,0,1,1
17449,19th Ave & Winston Dr,M,OCEAN VIEW,0,008547,FFFFFF,1,Metro Embarcadero Station@@@138###The Embarcadero & Folsom St@@@6###Ulloa St & Lenox Way@@@28,Metro Embarcadero Station@@@70,,05:15:25,23:42:25,12.058823529411764,,12.058823529411764,,0,0,0,0,0,1,1
17473,3rd St & 22nd St,55,DOGPATCH,3,005B95,FFFFFF,0,20th St & 3rd St@@@104,20th St & 3rd St@@@42,,05:12:08,22:11:08,20.15,,20.15,,0,0,0,0,0,1,1
17476,Van Ness Ave & North Point St,90,SAN BRUNO OWL,3,666666,FFFFFF,0,Bayshore Blvd & Arleta Ave@@@22,,Bayshore Blvd & Arleta Ave@@@14,24:17:00,29:17:00,,30.0,,30.0,0,0,0,0,0,1,1
17520,Bayshore Blvd & Visitacion Ave,TBUS,THIRD BUS,3,BF2B45,FFFFFF,0,Pacific Ave & Powell St@@@16###Stockton St & Washington St@@@4,,,05:03:00,23:45:00,,,,,0,0,0,0,0,1,1
17523,Pennsylvania Avenue & 23rd Street,48,QUINTARA-24TH STREET,3,005B95,FFFFFF,0,24th St & Castro St@@@20###Lower Great Hwy & Rivera St@@@110,Lower Great Hwy & Rivera St@@@42,24th St & Castro St@@@14,05:03:02,29:03:02,20.0,30.0,20.0,30.0,0,0,0,0,0,1,1
17524,Pennsylvania Avenue & 25th Street,48,QUINTARA-24TH STREET,3,005B95,FFFFFF,0,24th St & Castro St@@@20###Lower Great Hwy & Rivera St@@@110,Lower Great Hwy & Rivera St@@@42,24th St & Castro St@@@14,05:03:54,29:03:54,20.0,30.0,20.0,30.0,0,0,0,0,0,1,1
17525,25th Avenue & Dakota Street,48,QUINTARA-24TH STREET,3,005B95,FFFFFF,1,22nd St Caltrain Station/Iowa@@@126,22nd St Caltrain Station/Iowa@@@40,22nd St Caltrain Station/Iowa@@@14,06:02:35,29:09:35,20.210526315789473,30.0,20.210526315789473,30.0,0,0,0,0,0,1,1
17526,Pennsylvania Avenue & 25th Street,48,QUINTARA-24TH STREET,3,005B95,FFFFFF,1,22nd St Caltrain Station/Iowa@@@126,22nd St Caltrain Station/Iowa@@@40,22nd St Caltrain Station/Iowa@@@14,06:03:04,29:10:04,20.157894736842106,30.0,20.157894736842106,30.0,0,0,0,0,0,1,1
17527,Pennsylvania Avenue & 23rd Street,48,QUINTARA-24TH STREET,3,005B95,FFFFFF,1,22nd St Caltrain Station/Iowa@@@126,22nd St Caltrain Station/Iowa@@@40,22nd St Caltrain Station/Iowa@@@14,06:03:54,29:10:54,20.210526315789473,30.0,20.210526315789473,30.0,0,0,0,0,0,1,1
17528,Foerster Street & Monterey Blvd,36,TERESITA,3,005B95,FFFFFF,1,Laguna Honda Blvd/Forest Hill Sta@@@58,Laguna Honda Blvd/Forest Hill Sta@@@28,,08:39:00,22:37:00,30.0,,30.0,,0,0,0,0,0,1,1
17532,South Van Ness Ave & 24th St,67,BERNAL HEIGHTS,3,005B95,FFFFFF,0,Ellsworth St & Crescent Ave@@@98,Ellsworth St & Crescent Ave@@@44,,06:01:49,21:59:17,19.857142857142858,,19.857142857142858,,0,0,0,0,0,1,1
17538,Cabrillo St & 7th Ave,44,O'SHAUGHNESSY,3,005B95,FFFFFF,0,Hudson Ave & 3rd St@@@166,Hudson Ave & 3rd St@@@70,,06:02:06,24:07:06,12.0,,12.0,,0,0,0,0,0,1,1
17539,Cabrillo St & 7th Ave,44,O'SHAUGHNESSY,3,005B95,FFFFFF,1,California St & 6th Ave@@@170,California St & 6th Ave@@@70,,05:38:50,24:37:32,12.117647058823529,,12.117647058823529,,0,0,0,0,0,1,1
17544,Connecticut St & 19th St,55,DOGPATCH,3,005B95,FFFFFF,0,20th St & 3rd St@@@104,20th St & 3rd St@@@42,,05:08:10,22:07:31,20.15,,20.15,,0,0,0,0,0,1,1
17551,Cesar Chavez St & Mission St,12,FOLSOM-PACIFIC,3,005B95,FFFFFF,1,Jackson St & Van Ness Ave@@@98,Jackson St & Van Ness Ave@@@42,,06:12:01,22:12:01,19.95,,19.95,,0,0,0,0,0,1,1
17551,Cesar Chavez St & Mission St,27,BRYANT,3,005B95,FFFFFF,1,Jackson St & Van Ness Ave@@@104,Jackson St & Van Ness Ave@@@44,,05:02:44,22:03:07,19.80952380952381,,19.80952380952381,,0,0,0,0,0,1,1
17552,Folsom St & Cesar Chavez St,12,FOLSOM-PACIFIC,3,005B95,FFFFFF,1,Jackson St & Van Ness Ave@@@98,Jackson St & Van Ness Ave@@@42,,06:13:44,22:13:44,19.95,,19.95,,0,0,0,0,0,1,1
17552,Folsom St & Cesar Chavez St,67,BERNAL HEIGHTS,3,005B95,FFFFFF,1,24th St & Mission St@@@98,24th St & Mission St@@@42,,06:22:00,22:19:00,19.95,,19.95,,0,0,0,0,0,1,1
17554,Mission St & Flournoy,14R,MISSION RAPID,3,BF2B45,FFFFFF,1,Mission St & Main St@@@184,Mission St & Main St@@@84,,05:03:00,22:03:00,10.0,,10.0,,0,0,0,0,0,1,1
17554,Mission St & Flournoy,58,LAKE MERCED,3,005B95,FFFFFF,1,Buckingham Ave & 19th Ave@@@66,Buckingham Ave & 19th Ave@@@28,,06:04:00,22:04:00,30.0,,30.0,,0,0,0,0,0,1,1
17558,Avenue H & 13th St,25,TREASURE ISLAND,3,005B95,FFFFFF,1,Transit Center Bay 29@@@82###Transit Center Bay E@@@28,Transit Center Bay 29@@@34,Transit Center Bay E@@@18,06:39:00,30:17:00,25.0,30.0,25.0,30.0,0,0,0,0,0,1,1
17560,9th St & Avenue D,25,TREASURE ISLAND,3,005B95,FFFFFF,1,Transit Center Bay 29@@@82###Transit Center Bay E@@@28,Transit Center Bay 29@@@34,Transit Center Bay E@@@18,06:37:08,30:15:08,25.0,30.0,25.0,30.0,0,0,0,0,0,1,1
17563,Mcallister St & Jones St,27,BRYANT,3,005B95,FFFFFF,0,24th St & Mission St@@@102,24th St & Mission St@@@42,,05:19:35,22:13:22,20.1,,20.1,,0,0,0,0,0,1,1
17563,Mcallister St & Jones St,5,FULTON,3,005B95,FFFFFF,0,6th Ave & Fulton St@@@22###Cabrillo St & La Playa St@@@272,Cabrillo St & La Playa St@@@120,6th Ave & Fulton St@@@2###Cabrillo St & La Playa St@@@12,05:10:00,29:16:00,7.016949152542373,27.833333333333332,7.016949152542373,27.833333333333332,0,0,0,0,0,1,1
17568,Divisadero St & Bay St,30,STOCKTON,3,005B95,FFFFFF,0,Divisadero St & Chestnut St@@@36,,,05:37:20,24:29:26,,,,,0,0,0,0,0,1,1
17568,Divisadero St & Bay St,30,STOCKTON,3,005B95,FFFFFF,1,Townsend St & 4th St/Caltrain@@@104,Townsend St & 4th St/Caltrain@@@56,,06:59:11,20:08:11,14.962962962962964,,14.962962962962964,,0,0,0,0,0,1,1
17572,17th Ave & Quintara St,48,QUINTARA-24TH STREET,3,005B95,FFFFFF,0,Lower Great Hwy & Rivera St@@@110,Lower Great Hwy & Rivera St@@@42,,05:34:19,24:34:19,20.05,,20.05,,0,0,0,0,0,1,1
17573,Quintara St & 17th Ave,66,QUINTARA,3,005B95,FFFFFF,0,Vicente St & 30th Ave@@@86,Vicente St & 30th Ave@@@42,,08:07:26,22:06:57,20.0,,20.0,,0,0,0,0,0,1,1
17577,Bernal Heights Blvd & Powhattan St,67,BERNAL HEIGHTS,3,005B95,FFFFFF,0,Ellsworth St & Crescent Ave@@@98,Ellsworth St & Crescent Ave@@@42,,06:07:33,22:05:33,19.95,,19.95,,0,0,0,0,0,1,1
17592,Cesar Chavez St & Valencia St,27,BRYANT,3,005B95,FFFFFF,1,Jackson St & Van Ness Ave@@@104,Jackson St & Van Ness Ave@@@44,,05:02:09,22:02:27,19.80952380952381,,19.80952380952381,,0,0,0,0,0,1,1
17592,Cesar Chavez St & Valencia St,36,TERESITA,3,005B95,FFFFFF,1,Laguna Honda Blvd/Forest Hill Sta@@@58,Laguna Honda Blvd/Forest Hill Sta@@@28,,08:25:57,22:24:57,30.0,,30.0,,0,0,0,0,0,1,1
17606,Daly City BART Stop A2,54,FELTON,3,005B95,FFFFFF,1,Newhall St & Hudson@@@96,Newhall St & Hudson@@@42,,05:35:00,21:55:00,20.0,,20.0,,0,0,0,0,0,1,1
17622,5th St & Brannan St,45,UNION-STOCKTON,3,005B95,FFFFFF,1,Townsend St & Lusk St/Caltrain@@@132,Townsend St & Lusk St/Caltrain@@@56,,05:06:06,22:26:47,15.148148148148149,,15.148148148148149,,0,0,0,0,0,1,1
17624,Zoo Rd & Amory Rd (Janet Pomeroy Center),58,LAKE MERCED,3,005B95,FFFFFF,0,Mission St & Flournoy@@@66,Mission St & Flournoy@@@28,,06:10:16,22:10:16,30.0,,30.0,,0,0,0,0,0,1,1
17626,Alemany Blvd & Flosom St,67,BERNAL HEIGHTS,3,005B95,FFFFFF,0,Ellsworth St & Crescent Ave@@@98,Ellsworth St & Crescent Ave@@@42,,06:12:47,22:09:47,19.9,,19.9,,0,0,0,0,0,1,1
17632,Mendell St & Cargo Way,91,3RD-19TH AVE OWL,3,666666,FFFFFF,0,Ulloa St & West Portal Ave@@@26,,Ulloa St & West Portal Ave@@@18,24:05:17,30:05:17,,30.0,,30.0,0,0,0,0,0,1,1
17635,Mcallister St & Leavenworth St,5,FULTON,3,005B95,FFFFFF,1,4th St & Market St@@@18###Transit Center Bay B@@@276,Transit Center Bay B@@@120,4th St & Market St@@@14,04:38:04,29:04:50,6.9491525423728815,30.0,6.9491525423728815,30.0,0,0,0,0,0,1,1
17636,Haight St & Fillmore St,NOWL,OWL JUDAH,3,666666,FFFFFF,1,Townsend St & 5th St/Caltrain@@@22,,Townsend St & 5th St/Caltrain@@@16,24:41:00,29:41:00,,30.0,,30.0,0,0,0,0,0,1,1
17638,Ocean Ave & Otsego Ave,29,SUNSET,3,005B95,FFFFFF,1,25th Ave & California St@@@22###Bowley St & Lincoln Blvd@@@142,Bowley St & Lincoln Blvd@@@70,,05:19:15,24:19:15,12.0,,12.0,,0,0,0,0,0,1,1
17638,Ocean Ave & Otsego Ave,49,VAN NESS-MISSION,3,005B95,FFFFFF,0,City College Terminal@@@264,City College Terminal@@@104,,05:37:32,24:41:17,8.156862745098039,,8.156862745098039,,0,0,0,0,0,1,1
17671,Geneva Ave & Mission St,43,MASONIC,3,005B95,FFFFFF,0,Munich St & Geneva Ave@@@112,Munich St & Geneva Ave@@@40,,05:50:00,24:43:00,20.736842105263158,,20.736842105263158,,0,0,0,0,0,1,1
17671,Geneva Ave & Mission St,54,FELTON,3,005B95,FFFFFF,1,Newhall St & Hudson@@@96,Newhall St & Hudson@@@42,,05:48:00,22:09:00,20.05,,20.05,,0,0,0,0,0,1,1
17671,Geneva Ave & Mission St,8,BAYSHORE,3,005B95,FFFFFF,1,Kearny St & North Point St@@@264,Kearny St & North Point St@@@120,,05:04:00,24:05:00,7.016949152542373,,7.016949152542373,,0,0,0,0,0,1,1
17671,Geneva Ave & Mission St,91,3RD-19TH AVE OWL,3,666666,FFFFFF,1,19th Ave & Holloway/Sf State@@@24,,19th Ave & Holloway/Sf State@@@14,23:59:00,29:29:00,,30.0,,30.0,0,0,0,0,0,1,1
17677,8th St & Howard,19,POLK,3,005B95,FFFFFF,0,Galvez Ave & Hill Ave@@@102,Galvez Ave & Hill Ave@@@42,,05:20:32,22:21:32,20.2,,20.2,,0,0,0,0,0,1,1
17677,8th St & Howard,27,BRYANT,3,005B95,FFFFFF,0,24th St & Mission St@@@102,24th St & Mission St@@@42,,05:23:13,22:18:21,20.15,,20.15,,0,0,0,0,0,1,1
17685,Burnett Ave & Dawnview Way,37,CORBETT,3,005B95,FFFFFF,0,Parkridge Dr & Burnett Ave@@@54,Parkridge Dr & Burnett Ave@@@26,,09:30:21,22:30:21,30.083333333333332,,30.083333333333332,,0,0,0,0,0,1,1
17687,Parnassus Ave &4th Ave,43,MASONIC,3,005B95,FFFFFF,1,Marina Blvd & Laguna St@@@112,Marina Blvd & Laguna St@@@42,,05:29:28,24:19:28,20.15,,20.15,,0,0,0,0,0,1,1
17687,Parnassus Ave &4th Ave,6,HAYES-PARNASSUS,3,005B95,FFFFFF,1,Hyde St & Grove St@@@116,Hyde St & Grove St@@@42,,05:06:28,24:06:48,20.05,,20.05,,0,0,0,0,0,1,1
17688,513 Parnassus Ave,43,MASONIC,3,005B95,FFFFFF,1,Marina Blvd & Laguna St@@@112,Marina Blvd & Laguna St@@@42,,05:30:16,24:20:16,20.15,,20.15,,0,0,0,0,0,1,1
17688,513 Parnassus Ave,6,HAYES-PARNASSUS,3,005B95,FFFFFF,1,Hyde St & Grove St@@@116,Hyde St & Grove St@@@42,,05:07:16,24:07:46,20.05,,20.05,,0,0,0,0,0,1,1
17689,Crescent Ave & Anderson St,23,MONTEREY,3,005B95,FFFFFF,0,Sloat Blvd & 47th Ave@@@66,Sloat Blvd & 47th Ave@@@28,,06:19:59,22:19:59,30.0,,30.0,,0,0,0,0,0,1,1
17719,Middle Point & Acacia,19,POLK,3,005B95,FFFFFF,0,Galvez Ave & Hill Ave@@@102,Galvez Ave & Hill Ave@@@42,,05:39:36,22:42:14,20.35,,20.35,,0,0,0,0,0,1,1
17719,Middle Point & Acacia,44,O'SHAUGHNESSY,3,005B95,FFFFFF,1,Bosworth St & Diamond St@@@20###California St & 6th Ave@@@170,California St & 6th Ave@@@70,Bosworth St & Diamond St@@@14,05:04:03,29:13:22,12.0,31.666666666666668,12.0,31.666666666666668,0,0,0,0,0,1,1
17720,Fulton St & 43rd Ave,5,FULTON,3,005B95,FFFFFF,1,4th St & Market St@@@18###6th Ave & Fulton St@@@22###Transit Center Bay B@@@260,Transit Center Bay B@@@120,4th St & Market St@@@12###6th Ave & Fulton St@@@4,05:01:55,29:26:36,7.0,28.285714285714285,7.0,28.285714285714285,0,0,0,0,0,1,1
17721,Fulton St & 18th Ave,5,FULTON,3,005B95,FFFFFF,1,4th St & Market St@@@18###6th Ave & Fulton St@@@22###Transit Center Bay B@@@260,Transit Center Bay B@@@120,4th St & Market St@@@12###6th Ave & Fulton St@@@4,05:07:52,29:31:30,7.0,28.142857142857142,7.0,28.142857142857142,0,0,0,0,0,1,1
17727,Fulton S T& 28th Ave,5,FULTON,3,005B95,FFFFFF,0,Cabrillo St & La Playa St@@@300,Cabrillo St & La Playa St@@@120,Cabrillo St & La Playa St@@@14,04:50:32,29:20:32,6.9491525423728815,30.0,6.9491525423728815,30.0,0,0,0,0,0,1,1
17728,Fulton S T& 30th Ave,5,FULTON,3,005B95,FFFFFF,0,Cabrillo St & La Playa St@@@300,Cabrillo St & La Playa St@@@122,Cabrillo St & La Playa St@@@14,04:50:54,29:20:54,6.95,30.0,6.95,30.0,0,0,0,0,0,1,1
17729,Fulton St & 40th Ave,5,FULTON,3,005B95,FFFFFF,0,Cabrillo St & La Playa St@@@300,Cabrillo St & La Playa St@@@122,Cabrillo St & La Playa St@@@14,04:52:44,29:22:44,6.95,30.0,6.95,30.0,0,0,0,0,0,1,1
17730,Fulton St & 43rd Ave,5,FULTON,3,005B95,FFFFFF,0,Cabrillo St & La Playa St@@@300,Cabrillo St & La Playa St@@@120,Cabrillo St & La Playa St@@@14,04:53:17,29:23:17,6.9491525423728815,30.0,6.9491525423728815,30.0,0,0,0,0,0,1,1
17732,Folsom St & 20st,12,FOLSOM-PACIFIC,3,005B95,FFFFFF,0,Valencia St & Cesar Chavez St@@@98,Valencia St & Cesar Chavez St@@@42,,06:33:37,22:37:37,20.15,,20.15,,0,0,0,0,0,1,1
17733,Folsom St & 20th St,12,FOLSOM-PACIFIC,3,005B95,FFFFFF,1,Jackson St & Van Ness Ave@@@98,Jackson St & Van Ness Ave@@@42,,06:18:09,22:18:27,19.95,,19.95,,0,0,0,0,0,1,1
17737,Pacific Ave & Stockton St/Chinatown,12,FOLSOM-PACIFIC,3,005B95,FFFFFF,1,Jackson St & Van Ness Ave@@@152,Jackson St & Van Ness Ave@@@80,,06:46:17,22:49:17,10.256410256410257,,10.256410256410257,,0,0,0,0,0,1,1
17743,Persia St & Mission St,14,MISSION,3,005B95,FFFFFF,1,30th St & Mission St@@@10,,30th St & Mission St@@@10,29:11:37,29:57:37,,11.5,,11.5,0,0,0,0,0,1,1
17746,Folsom St & Cesar Chavez St,67,BERNAL HEIGHTS,3,005B95,FFFFFF,0,Ellsworth St & Crescent Ave@@@98,Ellsworth St & Crescent Ave@@@42,,06:04:00,22:02:00,19.9,,19.9,,0,0,0,0,0,1,1
17747,Executive Park Blvd & Thomas Mellon Dr,56,RUTLAND,3,005B95,FFFFFF,0,50 Thomas Mellon Dr@@@64###San Bruno Ave & Arleta Ave@@@20,50 Thomas Mellon Dr@@@42,,07:30:07,21:10:28,20.0,,20.0,,0,0,0,0,0,1,1
17750,C. Chavez St&Florida St,27,BRYANT,3,005B95,FFFFFF,0,24th St & Mission St@@@102,24th St & Mission St@@@42,,05:36:16,22:32:35,20.45,,20.45,,0,0,0,0,0,1,1
17751,C. Chavez St&Harrison St,27,BRYANT,3,005B95,FFFFFF,0,24th St & Mission St@@@102,24th St & Mission St@@@42,,05:36:38,22:33:02,20.4,,20.4,,0,0,0,0,0,1,1
17756,Palou Ave & Newhall St,24,DIVISADERO,3,005B95,FFFFFF,1,Divisadero St & Sutter St@@@8###Fillmore St & Jackson St@@@16###Jackson St & Webster St@@@158,Jackson St & Webster St@@@70,,05:08:38,24:27:24,12.088235294117647,,12.088235294117647,,0,0,0,0,0,1,1
17757,Haight St & Gough St,7,HAIGHT-NORIEGA,3,005B95,FFFFFF,1,Transit Center Bay E@@@156,Transit Center Bay E@@@68,,05:27:37,24:32:18,12.242424242424242,,12.242424242424242,,0,0,0,0,0,1,1
17758,Crossover Dr & Lincoln St,28,19TH AVENUE,3,005B95,FFFFFF,1,Powell St & Beach St@@@170,Powell St & Beach St@@@68,,05:17:47,24:18:47,12.181818181818182,,12.181818181818182,,0,0,0,0,0,1,1
17758,Crossover Dr & Lincoln St,29,SUNSET,3,005B95,FFFFFF,1,25th Ave & California St@@@22###Bowley St & Lincoln Blvd@@@142,Bowley St & Lincoln Blvd@@@70,,05:49:00,24:45:00,12.205882352941176,,12.205882352941176,,0,0,0,0,0,1,1
17758,Crossover Dr & Lincoln St,91,3RD-19TH AVE OWL,3,666666,FFFFFF,0,Ulloa St & West Portal Ave@@@22,,Ulloa St & West Portal Ave@@@14,24:15:42,29:15:42,,30.0,,30.0,0,0,0,0,0,1,1
17760,Thornton Dr & Scotia Ave,54,FELTON,3,005B95,FFFFFF,1,Newhall St & Hudson@@@96,Newhall St & Hudson@@@42,,06:06:04,22:29:29,20.15,,20.15,,0,0,0,0,0,1,1
17761,16th St& Rhode Island St,22,FILLMORE,3,005B95,FFFFFF,0,Mission Bay North & 4th St@@@288,Mission Bay North & 4th St@@@112,Mission Bay North & 4th St@@@16,04:46:36,29:56:29,7.581818181818182,30.0,7.581818181818182,30.0,0,0,0,0,0,1,1
17761,16th St& Rhode Island St,55,DOGPATCH,3,005B95,FFFFFF,0,20th St & 3rd St@@@104,20th St & 3rd St@@@42,,05:05:04,22:04:48,20.1,,20.1,,0,0,0,0,0,1,1
17762,16th St & Wisconsin St,22,FILLMORE,3,005B95,FFFFFF,0,Mission Bay North & 4th St@@@288,Mission Bay North & 4th St@@@110,Mission Bay North & 4th St@@@16,04:47:35,29:57:24,7.592592592592593,30.0,7.592592592592593,30.0,0,0,0,0,0,1,1
17762,16th St & Wisconsin St,55,DOGPATCH,3,005B95,FFFFFF,0,20th St & 3rd St@@@104,20th St & 3rd St@@@42,,05:05:52,22:05:30,20.1,,20.1,,0,0,0,0,0,1,1
17763,16th St & Missouri St,22,FILLMORE,3,005B95,FFFFFF,0,Mission Bay North & 4th St@@@288,Mission Bay North & 4th St@@@110,Mission Bay North & 4th St@@@16,04:48:34,29:58:18,7.592592592592593,30.0,7.592592592592593,30.0,0,0,0,0,0,1,1
17764,16th St & 4th St,22,FILLMORE,3,005B95,FFFFFF,0,Mission Bay North & 4th St@@@288,Mission Bay North & 4th St@@@110,Mission Bay North & 4th St@@@18,04:50:41,30:00:17,7.592592592592593,30.0,7.592592592592593,30.0,0,0,0,0,0,1,1
17765,Mission Bay North & 4th St,22,FILLMORE,3,005B95,FFFFFF,1,Fillmore St & Bay St@@@260###Fillmore St & Sutter St@@@28,Fillmore St & Bay St@@@110,Fillmore St & Bay St@@@12###Fillmore St & Sutter St@@@6,05:01:00,30:08:00,7.574074074074074,28.5,7.574074074074074,28.5,0,0,0,0,0,1,1
17766,Mission Bay South & 4th St Se-Fs/ Bz,22,FILLMORE,3,005B95,FFFFFF,1,Fillmore St & Bay St@@@260###Fillmore St & Sutter St@@@28,Fillmore St & Bay St@@@110,Fillmore St & Bay St@@@12###Fillmore St & Sutter St@@@6,05:01:25,30:08:25,7.574074074074074,28.5,7.574074074074074,28.5,0,0,0,0,0,1,1
17767,16th Street & 4th Street,22,FILLMORE,3,005B95,FFFFFF,1,Fillmore St & Bay St@@@260###Fillmore St & Sutter St@@@28,Fillmore St & Bay St@@@110,Fillmore St & Bay St@@@12###Fillmore St & Sutter St@@@6,05:04:36,30:11:36,7.62962962962963,28.5,7.62962962962963,28.5,0,0,0,0,0,1,1
17768,16th Street & Missouri St,22,FILLMORE,3,005B95,FFFFFF,1,Fillmore St & Bay St@@@260###Fillmore St & Sutter St@@@28,Fillmore St & Bay St@@@110,Fillmore St & Bay St@@@12###Fillmore St & Sutter St@@@6,05:06:59,30:13:59,7.648148148148148,28.5,7.648148148148148,28.5,0,0,0,0,0,1,1
17769,16th Street & Wisconsin St,22,FILLMORE,3,005B95,FFFFFF,1,Fillmore St & Bay St@@@260###Fillmore St & Sutter St@@@28,Fillmore St & Bay St@@@110,Fillmore St & Bay St@@@12###Fillmore St & Sutter St@@@6,05:08:06,30:15:06,7.62962962962963,28.5,7.62962962962963,28.5,0,0,0,0,0,1,1
17769,16th Street & Wisconsin St,55,DOGPATCH,3,005B95,FFFFFF,1,16th St & Mission St@@@104,16th St & Mission St@@@42,,05:06:19,22:06:56,20.05,,20.05,,0,0,0,0,0,1,1
17770,16th Street & Rhode Island St,22,FILLMORE,3,005B95,FFFFFF,1,Fillmore St & Bay St@@@260###Fillmore St & Sutter St@@@28,Fillmore St & Bay St@@@108,Fillmore St & Bay St@@@12###Fillmore St & Sutter St@@@6,05:09:16,30:16:16,7.6415094339622645,28.5,7.6415094339622645,28.5,0,0,0,0,0,1,1
17770,16th Street & Rhode Island St,55,DOGPATCH,3,005B95,FFFFFF,1,16th St & Mission St@@@104,16th St & Mission St@@@42,,05:07:02,22:07:45,20.05,,20.05,,0,0,0,0,0,1,1
17772,Newhall St & Hudson,54,FELTON,3,005B95,FFFFFF,0,Daly City BART Stop A2@@@94,Daly City BART Stop A2@@@42,,05:50:00,22:00:00,20.0,,20.0,,0,0,0,0,0,1,1
17778,San Jose Ave & Geneva Ave,J,CHURCH,0,A96614,FFFFFF,1,Church St & Duboce Ave@@@30###Metro Embarcadero Station@@@122,Metro Embarcadero Station@@@56,,05:00:00,24:00:00,14.925925925925926,,14.925925925925926,,0,0,0,0,0,1,1
17778,San Jose Ave & Geneva Ave,K,INGLESIDE,0,437C93,FFFFFF,1,Metro Embarcadero Station@@@140###The Embarcadero & Folsom St@@@4###West Portal Station@@@2,Metro Embarcadero Station@@@70,,07:41:00,23:43:00,12.058823529411764,,12.058823529411764,,0,0,0,0,0,1,1
17783,Presidio Blvd & Letterman Dr,43,MASONIC,3,005B95,FFFFFF,1,Marina Blvd & Laguna St@@@112,Marina Blvd & Laguna St@@@40,,05:49:16,24:37:44,20.36842105263158,,20.36842105263158,,0,0,0,0,0,1,1
17787,Lombard St & Gough St,28,19TH AVENUE,3,005B95,FFFFFF,1,Powell St & Beach St@@@170,Powell St & Beach St@@@66,,05:37:50,24:39:24,12.4375,,12.4375,,0,0,0,0,0,1,1
17787,Lombard St & Gough St,91,3RD-19TH AVE OWL,3,666666,FFFFFF,0,Ulloa St & West Portal Ave@@@22,,Ulloa St & West Portal Ave@@@16,24:32:09,29:32:09,,30.0,,30.0,0,0,0,0,0,1,1
17788,Font Blvd & Tapia Dr,57,PARKMERCED,3,005B95,FFFFFF,0,Daly City BART Stop B3@@@92,Daly City BART Stop B3@@@32,,05:14:00,22:16:00,25.333333333333332,,25.333333333333332,,0,0,0,0,0,1,1
17789,Font Blvd & Serrano Dr,57,PARKMERCED,3,005B95,FFFFFF,0,Daly City BART Stop B3@@@92,Daly City BART Stop B3@@@32,,05:14:18,22:16:18,25.333333333333332,,25.333333333333332,,0,0,0,0,0,1,1
17790,Font Blvd & Juan Bautisa Cir,57,PARKMERCED,3,005B95,FFFFFF,0,Daly City BART Stop B3@@@92,Daly City BART Stop B3@@@32,,05:14:42,22:16:42,25.333333333333332,,25.333333333333332,,0,0,0,0,0,1,1
17792,Brotherhood Way & Chumasero Dr,58,LAKE MERCED,3,005B95,FFFFFF,1,Buckingham Ave & 19th Ave@@@66,Buckingham Ave & 19th Ave@@@28,,06:12:34,22:12:34,30.0,,30.0,,0,0,0,0,0,1,1
17793,Brotherhood Way & Summit Way,58,LAKE MERCED,3,005B95,FFFFFF,1,Buckingham Ave & 19th Ave@@@66,Buckingham Ave & 19th Ave@@@28,,06:12:58,22:12:58,30.0,,30.0,,0,0,0,0,0,1,1
17796,Brotherhood Way & Grace Community Church,58,LAKE MERCED,3,005B95,FFFFFF,0,Mission St & Flournoy@@@66,Mission St & Flournoy@@@28,,06:22:21,22:22:21,30.0,,30.0,,0,0,0,0,0,1,1
17797,Brotherhood Way & Church Access Rd,58,LAKE MERCED,3,005B95,FFFFFF,0,Mission St & Flournoy@@@66,Mission St & Flournoy@@@28,,06:23:24,22:23:24,30.0,,30.0,,0,0,0,0,0,1,1
17798,Brotherhood Way & Summit Way,58,LAKE MERCED,3,005B95,FFFFFF,0,Mission St & Flournoy@@@66,Mission St & Flournoy@@@28,,06:23:44,22:23:44,30.0,,30.0,,0,0,0,0,0,1,1
17800,Lombard St & Gough St,28,19TH AVENUE,3,005B95,FFFFFF,0,Daly City BART Stop D4@@@168,Daly City BART Stop D4@@@70,,05:07:27,24:10:57,11.970588235294118,,11.970588235294118,,0,0,0,0,0,1,1
17800,Lombard St & Gough St,91,3RD-19TH AVE OWL,3,666666,FFFFFF,1,19th Ave & Holloway/Sf State@@@24,,19th Ave & Holloway/Sf State@@@18,24:54:40,30:24:40,,30.0,,30.0,0,0,0,0,0,1,1
17801,Brotherhood Way & Grace Community Church,58,LAKE MERCED,3,005B95,FFFFFF,1,Buckingham Ave & 19th Ave@@@66,Buckingham Ave & 19th Ave@@@28,,06:14:16,22:14:16,30.0,,30.0,,0,0,0,0,0,1,1
17804,Ocean Ave & I-280 On Ramp,29,SUNSET,3,005B95,FFFFFF,1,25th Ave & California St@@@22###Bowley St & Lincoln Blvd@@@142,Bowley St & Lincoln Blvd@@@70,,05:20:30,24:20:30,12.0,,12.0,,0,0,0,0,0,1,1
17804,Ocean Ave & I-280 On Ramp,49,VAN NESS-MISSION,3,005B95,FFFFFF,0,City College Terminal@@@264,City College Terminal@@@102,,05:39:33,24:42:58,8.12,,8.12,,0,0,0,0,0,1,1
17805,Chumasero Dr & Galindo Ave,57,PARKMERCED,3,005B95,FFFFFF,1,Ulloa St & West Portal Ave@@@92,Ulloa St & West Portal Ave@@@34,,05:08:15,22:08:52,25.25,,25.25,,0,0,0,0,0,1,1
17806,Font & Mary Ward Hall/Mashouf Wellness Center,57,PARKMERCED,3,005B95,FFFFFF,1,Ulloa St & West Portal Ave@@@92,Ulloa St & West Portal Ave@@@34,,05:11:53,22:12:59,25.25,,25.25,,0,0,0,0,0,1,1
17807,Winston Dr & Buckingham/Stonestown,57,PARKMERCED,3,005B95,FFFFFF,0,Daly City BART Stop B3@@@92,Daly City BART Stop B3@@@34,,05:09:46,22:10:55,25.25,,25.25,,0,0,0,0,0,1,1
17808,Font & Mary Ward Hall/Mashouf Wellness Center,57,PARKMERCED,3,005B95,FFFFFF,0,Daly City BART Stop B3@@@92,Daly City BART Stop B3@@@32,,05:12:59,22:14:47,25.333333333333332,,25.333333333333332,,0,0,0,0,0,1,1
17815,Skyline Blvd & Sloat Blvd,58,LAKE MERCED,3,005B95,FFFFFF,1,Buckingham Ave & 19th Ave@@@66,Buckingham Ave & 19th Ave@@@28,,06:26:54,22:26:54,30.0,,30.0,,0,0,0,0,0,1,1
17820,Arch St & Alemany St,57,PARKMERCED,3,005B95,FFFFFF,1,Ulloa St & West Portal Ave@@@92,Ulloa St & West Portal Ave@@@34,,05:06:32,22:06:54,25.25,,25.25,,0,0,0,0,0,1,1
17820,Arch St & Alemany St,58,LAKE MERCED,3,005B95,FFFFFF,1,Buckingham Ave & 19th Ave@@@66,Buckingham Ave & 19th Ave@@@28,,06:10:57,22:10:57,30.0,,30.0,,0,0,0,0,0,1,1
17841,Mission St & Power St,12,FOLSOM-PACIFIC,3,005B95,FFFFFF,1,Jackson St & Van Ness Ave@@@98,Jackson St & Van Ness Ave@@@42,,06:10:59,22:10:59,19.95,,19.95,,0,0,0,0,0,1,1
17841,Mission St & Power St,14,MISSION,3,005B95,FFFFFF,1,Steuart St & Mission St@@@312,Steuart St & Mission St@@@106,Steuart St & Mission St@@@30,05:35:42,29:17:42,8.0,13.714285714285714,8.0,13.714285714285714,0,0,0,0,0,1,1
17841,Mission St & Power St,49,VAN NESS-MISSION,3,005B95,FFFFFF,1,Van Ness Ave & North Point St@@@262,Van Ness Ave & North Point St@@@106,,05:14:42,24:14:08,7.980769230769231,,7.980769230769231,,0,0,0,0,0,1,1
17842,Daly City BART Stop C1,14R,MISSION RAPID,3,BF2B45,FFFFFF,1,Mission St & Main St@@@184,Mission St & Main St@@@84,,05:01:00,22:01:00,10.0,,10.0,,0,0,0,0,0,1,1
17842,Daly City BART Stop C1,58,LAKE MERCED,3,005B95,FFFFFF,0,Mission St & Flournoy@@@66,Mission St & Flournoy@@@28,,06:29:00,22:29:00,30.0,,30.0,,0,0,0,0,0,1,1
17843,Bemis St & Addison St,35,EUREKA,3,005B95,FFFFFF,1,Market St & Castro St@@@56,Market St & Castro St@@@28,,07:23:13,20:54:13,30.076923076923077,,30.076923076923077,,0,0,0,0,0,1,1
17844,California St & 6th Ave,44,O'SHAUGHNESSY,3,005B95,FFFFFF,0,Hudson Ave & 3rd St@@@166,Hudson Ave & 3rd St@@@72,,05:55:00,24:00:00,12.0,,12.0,,0,0,0,0,0,1,1
17849,Pennslvania Ave & 20th St,55,DOGPATCH,3,005B95,FFFFFF,1,16th St & Mission St@@@104,16th St & Mission St@@@42,,05:02:58,22:03:06,20.0,,20.0,,0,0,0,0,0,1,1
17851,Lake Merced & Lakeshore,18,46TH AVENUE,3,005B95,FFFFFF,0,19th Ave & Buckingham/Stonestown@@@96,19th Ave & Buckingham/Stonestown@@@42,,06:25:05,22:26:32,20.05,,20.05,,0,0,0,0,0,1,1
17852,Lake Merced & Lakeshore,18,46TH AVENUE,3,005B95,FFFFFF,1,33rd Ave & Geary Blvd@@@22###Legion Of Honor@@@74,Legion Of Honor@@@42,,06:14:07,22:04:07,20.0,,20.0,,0,0,0,0,0,1,1
17853,Lincoln Way & 34th Ave,29,SUNSET,3,005B95,FFFFFF,1,25th Ave & California St@@@22###Bowley St & Lincoln Blvd@@@142,Bowley St & Lincoln Blvd@@@68,,05:44:54,24:41:55,12.181818181818182,,12.181818181818182,,0,0,0,0,0,1,1
17854,Geary Blvd & Arguello Blvd,38,GEARY,3,005B95,FFFFFF,0,48th Ave & Point Lobos Ave@@@56###Geary Blvd & 32nd Ave@@@90###V.A. Hospital@@@82,Geary Blvd & 32nd Ave@@@42###V.A. Hospital@@@42,48th Ave & Point Lobos Ave@@@14,05:50:46,29:27:50,10.024390243902438,30.0,10.024390243902438,30.0,0,0,0,0,0,1,1
17854,Geary Blvd & Arguello Blvd,38R,GEARY RAPID,3,BF2B45,FFFFFF,0,48th Ave & Point Lobos Ave@@@174,48th Ave & Point Lobos Ave@@@84,,06:28:48,21:28:48,10.024390243902438,,10.024390243902438,,0,0,0,0,0,1,1
17856,Chestnut St & Gough St,30,STOCKTON,3,005B95,FFFFFF,1,Townsend St & 4th St/Caltrain@@@136,Townsend St & 4th St/Caltrain@@@56,,05:58:32,24:05:32,15.0,,15.0,,0,0,0,0,0,1,1
17857,Chestnut St & Gough St,30,STOCKTON,3,005B95,FFFFFF,0,Crissy Field Terminal@@@104###Divisadero St & Chestnut St@@@36,Crissy Field Terminal@@@54,,05:29:14,24:22:47,15.26923076923077,,15.26923076923077,,0,0,0,0,0,1,1
17860,Donahue St & Innes Ave,19,POLK,3,005B95,FFFFFF,1,Beach St & Polk St@@@102,Beach St & Polk St@@@42,,05:10:59,22:00:50,20.0,,20.0,,0,0,0,0,0,1,1
17862,Broadway & Sansome St,12,FOLSOM-PACIFIC,3,005B95,FFFFFF,0,Main St & Howard St@@@54###Valencia St & Cesar Chavez St@@@98,Main St & Howard St@@@40###Valencia St & Cesar Chavez St@@@42,,06:10:14,22:11:05,10.0,,10.0,,0,0,0,0,0,1,1
17863,Sansome St & Jackson St,12,FOLSOM-PACIFIC,3,005B95,FFFFFF,0,Main St & Howard St@@@54###Valencia St & Cesar Chavez St@@@98,Main St & Howard St@@@40###Valencia St & Cesar Chavez St@@@42,,06:11:00,22:12:00,10.0,,10.0,,0,0,0,0,0,1,1
17865,16th Street & Owen St,22,FILLMORE,3,005B95,FFFFFF,1,Fillmore St & Bay St@@@260###Fillmore St & Sutter St@@@28,Fillmore St & Bay St@@@110,Fillmore St & Bay St@@@12###Fillmore St & Sutter St@@@6,05:05:20,30:12:20,7.62962962962963,28.5,7.62962962962963,28.5,0,0,0,0,0,1,1
17866,16th St & Owen St,22,FILLMORE,3,005B95,FFFFFF,0,Mission Bay North & 4th St@@@288,Mission Bay North & 4th St@@@110,Mission Bay North & 4th St@@@16,04:50:04,29:59:43,7.574074074074074,30.0,7.574074074074074,30.0,0,0,0,0,0,1,1
17867,Miguel St & Laidley St,35,EUREKA,3,005B95,FFFFFF,0,Bosworth St & Diamond St@@@58,Bosworth St & Diamond St@@@28,,07:15:22,21:16:22,30.076923076923077,,30.076923076923077,,0,0,0,0,0,1,1
17868,Miguel St & Laidley St,35,EUREKA,3,005B95,FFFFFF,1,Market St & Castro St@@@56,Market St & Castro St@@@28,,07:22:44,20:53:44,30.076923076923077,,30.076923076923077,,0,0,0,0,0,1,1
17870,Otis & Mccoppin St,14,MISSION,3,005B95,FFFFFF,0,Mission St & San Jose Ave@@@310,Mission St & San Jose Ave@@@106,Mission St & San Jose Ave@@@30,05:24:49,29:14:49,7.923076923076923,13.428571428571429,7.923076923076923,13.428571428571429,0,0,0,0,0,1,1
17870,Otis & Mccoppin St,49,VAN NESS-MISSION,3,005B95,FFFFFF,0,City College Terminal@@@264,City College Terminal@@@106,,05:15:49,24:17:49,8.038461538461538,,8.038461538461538,,0,0,0,0,0,1,1
17872,4th & Brannan Southbound,T,THIRD,0,BF2B45,FFFFFF,1,Bayshore Blvd & Sunnydale Ave@@@148,Bayshore Blvd & Sunnydale Ave@@@70,,08:07:00,23:57:00,12.029411764705882,,12.029411764705882,,0,0,0,0,0,1,1
17873,Yerba Buena/Moscone Station Southbound,T,THIRD,0,BF2B45,FFFFFF,1,Bayshore Blvd & Sunnydale Ave@@@148,Bayshore Blvd & Sunnydale Ave@@@72,,08:04:00,23:54:00,12.0,,12.0,,0,0,0,0,0,1,1
17874,Union Square/Market St Station Southbound,T,THIRD,0,BF2B45,FFFFFF,1,Bayshore Blvd & Sunnydale Ave@@@148,Bayshore Blvd & Sunnydale Ave@@@70,,08:02:00,23:52:00,12.0,,12.0,,0,0,0,0,0,1,1
17876,Chinatown - Rose Pak Station,T,THIRD,0,BF2B45,FFFFFF,1,Bayshore Blvd & Sunnydale Ave@@@148,Bayshore Blvd & Sunnydale Ave@@@70,,08:00:00,23:50:00,12.0,,12.0,,0,0,0,0,0,1,1
17877,Union Square/Market St Station Northbound,T,THIRD,0,BF2B45,FFFFFF,0,Chinatown - Rose Pak Station@@@150,Chinatown - Rose Pak Station@@@70,,06:52:00,23:57:00,12.0,,12.0,,0,0,0,0,0,1,1
17878,Yerba Buena/Moscone Station Northbound,T,THIRD,0,BF2B45,FFFFFF,0,Chinatown - Rose Pak Station@@@150,Chinatown - Rose Pak Station@@@70,,06:50:00,23:55:00,12.0,,12.0,,0,0,0,0,0,1,1
17879,Fourth Street & Brannan Northbound,T,THIRD,0,BF2B45,FFFFFF,0,Chinatown - Rose Pak Station@@@150,Chinatown - Rose Pak Station@@@70,,06:47:00,23:52:00,12.0,,12.0,,0,0,0,0,0,1,1
17885,Quintra St & 43rd Ave,48,QUINTARA-24TH STREET,3,005B95,FFFFFF,0,Lower Great Hwy & Rivera St@@@110,Lower Great Hwy & Rivera St@@@42,,05:42:48,24:43:22,19.95,,19.95,,0,0,0,0,0,1,1
17886,Bayshore Blvd & Flower St,23,MONTEREY,3,005B95,FFFFFF,1,Palou Ave & 3rd St@@@66,Palou Ave & 3rd St@@@28,,06:34:48,22:34:56,30.076923076923077,,30.076923076923077,,0,0,0,0,0,1,1
17886,Bayshore Blvd & Flower St,9,SAN BRUNO,3,005B95,FFFFFF,1,Market St & Steuart St@@@184,Market St & Steuart St@@@84,,05:21:58,24:08:58,10.0,,10.0,,0,0,0,0,0,1,1
17886,Bayshore Blvd & Flower St,90,SAN BRUNO OWL,3,666666,FFFFFF,1,Van Ness Ave & North Point St@@@20,,Van Ness Ave & North Point St@@@12,24:17:58,28:47:58,,30.0,,30.0,0,0,0,0,0,1,1
17887,201 Bayshore Blvd E,9,SAN BRUNO,3,005B95,FFFFFF,1,Market St & Steuart St@@@184,Market St & Steuart St@@@84,,05:22:37,24:09:37,10.0,,10.0,,0,0,0,0,0,1,1
17887,201 Bayshore Blvd E,90,SAN BRUNO OWL,3,666666,FFFFFF,1,Van Ness Ave & North Point St@@@20,,Van Ness Ave & North Point St@@@12,24:18:37,28:48:37,,30.0,,30.0,0,0,0,0,0,1,1
17888,Bayshore Blvd & Oakdale Ave,9,SAN BRUNO,3,005B95,FFFFFF,0,Sunnydale Ave / Mclaren School@@@190,Sunnydale Ave / Mclaren School@@@82,,05:46:12,24:40:12,10.225,,10.225,,0,0,0,0,0,1,1
17888,Bayshore Blvd & Oakdale Ave,90,SAN BRUNO OWL,3,666666,FFFFFF,0,Bayshore Blvd & Arleta Ave@@@22,,Bayshore Blvd & Arleta Ave@@@16,24:43:45,29:43:45,,30.0,,30.0,0,0,0,0,0,1,1
17892,46th Ave & Taraval St,LOWL,OWL TARAVAL,3,666666,FFFFFF,0,Wawona/46th Ave /Sf Zoo@@@28,,Wawona/46th Ave /Sf Zoo@@@20,24:31:06,29:56:06,,25.0,,25.0,0,0,0,0,0,1,1
17899,San Bruno Ave & Harkness Ave,8,BAYSHORE,3,005B95,FFFFFF,1,Kearny St & North Point St@@@264,Kearny St & North Point St@@@120,,05:18:24,24:20:01,7.016949152542373,,7.016949152542373,,0,0,0,0,0,1,1
17899,San Bruno Ave & Harkness Ave,9,SAN BRUNO,3,005B95,FFFFFF,1,Market St & Steuart St@@@184,Market St & Steuart St@@@86,,05:14:14,24:01:14,9.976190476190476,,9.976190476190476,,0,0,0,0,0,1,1
17899,San Bruno Ave & Harkness Ave,90,SAN BRUNO OWL,3,666666,FFFFFF,1,Van Ness Ave & North Point St@@@20,,Van Ness Ave & North Point St@@@12,24:11:44,28:41:44,,30.0,,30.0,0,0,0,0,0,1,1
17900,San Bruno Ave & Felton St,8,BAYSHORE,3,005B95,FFFFFF,0,City College Terminal@@@260,City College Terminal@@@118,,05:27:04,24:30:46,7.137931034482759,,7.137931034482759,,0,0,0,0,0,1,1
17900,San Bruno Ave & Felton St,9,SAN BRUNO,3,005B95,FFFFFF,0,Sunnydale Ave / Mclaren School@@@190,Sunnydale Ave / Mclaren School@@@80,,05:50:38,24:44:38,10.23076923076923,,10.23076923076923,,0,0,0,0,0,1,1
17900,San Bruno Ave & Felton St,90,SAN BRUNO OWL,3,666666,FFFFFF,0,Bayshore Blvd & Arleta Ave@@@22,,Bayshore Blvd & Arleta Ave@@@16,24:47:26,29:47:26,,30.0,,30.0,0,0,0,0,0,1,1
17902,Valencia St & Mission St,36,TERESITA,3,005B95,FFFFFF,1,Laguna Honda Blvd/Forest Hill Sta@@@58,Laguna Honda Blvd/Forest Hill Sta@@@28,,08:25:00,22:24:00,30.0,,30.0,,0,0,0,0,0,1,1
17908,Potrero Ave & 21st St,33,ASHBURY-18TH ST,3,005B95,FFFFFF,1,Arguello Blvd & California St@@@14###Sacramento St & Cherry St@@@84,Sacramento St & Cherry St@@@40,,06:03:27,22:41:53,20.0,,20.0,,0,0,0,0,0,1,1
17908,Potrero Ave & 21st St,9,SAN BRUNO,3,005B95,FFFFFF,1,Market St & Steuart St@@@184,Market St & Steuart St@@@84,,05:26:21,24:13:21,10.0,,10.0,,0,0,0,0,0,1,1
17908,Potrero Ave & 21st St,90,SAN BRUNO OWL,3,666666,FFFFFF,1,Van Ness Ave & North Point St@@@20,,Van Ness Ave & North Point St@@@12,24:22:21,28:52:21,,30.0,,30.0,0,0,0,0,0,1,1
17909,Potrero Ave & 19th St,33,ASHBURY-18TH ST,3,005B95,FFFFFF,1,Arguello Blvd & California St@@@14###Sacramento St & Cherry St@@@84,Sacramento St & Cherry St@@@42,,06:04:47,22:43:23,20.25,,20.25,,0,0,0,0,0,1,1
17909,Potrero Ave & 19th St,9,SAN BRUNO,3,005B95,FFFFFF,1,Market St & Steuart St@@@184,Market St & Steuart St@@@84,,05:27:15,24:14:15,10.0,,10.0,,0,0,0,0,0,1,1
17909,Potrero Ave & 19th St,90,SAN BRUNO OWL,3,666666,FFFFFF,1,Van Ness Ave & North Point St@@@20,,Van Ness Ave & North Point St@@@12,24:23:15,28:53:15,,30.0,,30.0,0,0,0,0,0,1,1
17910,Potrero Ave & Mariposa St,33,ASHBURY-18TH ST,3,005B95,FFFFFF,1,Arguello Blvd & California St@@@14###Sacramento St & Cherry St@@@84,Sacramento St & Cherry St@@@42,,06:05:57,22:44:42,20.25,,20.25,,0,0,0,0,0,1,1
17910,Potrero Ave & Mariposa St,9,SAN BRUNO,3,005B95,FFFFFF,1,Market St & Steuart St@@@184,Market St & Steuart St@@@84,,05:28:02,24:15:02,10.0,,10.0,,0,0,0,0,0,1,1
17910,Potrero Ave & Mariposa St,90,SAN BRUNO OWL,3,666666,FFFFFF,1,Van Ness Ave & North Point St@@@20,,Van Ness Ave & North Point St@@@12,24:24:02,28:54:02,,30.0,,30.0,0,0,0,0,0,1,1
17911,Potrero Ave & Mariposa St,33,ASHBURY-18TH ST,3,005B95,FFFFFF,0,25th St & Potrero Ave@@@98,25th St & Potrero Ave@@@42,,05:44:15,22:30:15,19.9,,19.9,,0,0,0,0,0,1,1
17911,Potrero Ave & Mariposa St,9,SAN BRUNO,3,005B95,FFFFFF,0,Sunnydale Ave / Mclaren School@@@190,Sunnydale Ave / Mclaren School@@@82,,05:39:43,24:32:54,10.125,,10.125,,0,0,0,0,0,1,1
17911,Potrero Ave & Mariposa St,90,SAN BRUNO OWL,3,666666,FFFFFF,0,Bayshore Blvd & Arleta Ave@@@22,,Bayshore Blvd & Arleta Ave@@@16,24:37:43,29:37:43,,30.0,,30.0,0,0,0,0,0,1,1
17912,Potrero Ave & 19th St,33,ASHBURY-18TH ST,3,005B95,FFFFFF,0,25th St & Potrero Ave@@@98,25th St & Potrero Ave@@@42,,05:45:25,22:31:25,19.9,,19.9,,0,0,0,0,0,1,1
17912,Potrero Ave & 19th St,9,SAN BRUNO,3,005B95,FFFFFF,0,Sunnydale Ave / Mclaren School@@@190,Sunnydale Ave / Mclaren School@@@84,,05:40:30,24:33:52,10.170731707317072,,10.170731707317072,,0,0,0,0,0,1,1
17912,Potrero Ave & 19th St,90,SAN BRUNO OWL,3,666666,FFFFFF,0,Bayshore Blvd & Arleta Ave@@@22,,Bayshore Blvd & Arleta Ave@@@16,24:38:30,29:38:30,,30.0,,30.0,0,0,0,0,0,1,1
17914,Transit Center Bay B,5,FULTON,3,005B95,FFFFFF,0,6th Ave & Fulton St@@@20###Cabrillo St & La Playa St@@@256,Cabrillo St & La Playa St@@@120,,05:00:00,24:57:00,7.0,,7.0,,0,0,0,0,0,1,1
17915,Transit Center Bay C,38R,GEARY RAPID,3,BF2B45,FFFFFF,0,48th Ave & Point Lobos Ave@@@174,48th Ave & Point Lobos Ave@@@86,,06:00:00,21:00:00,10.0,,10.0,,0,0,0,0,0,1,1
17916,Transit Center Bay D,38,GEARY,3,005B95,FFFFFF,0,48th Ave & Point Lobos Ave@@@56###Geary Blvd & 32nd Ave@@@90###V.A. Hospital@@@82,Geary Blvd & 32nd Ave@@@42###V.A. Hospital@@@44,48th Ave & Point Lobos Ave@@@14,05:15:00,29:05:00,10.0,30.0,10.0,30.0,0,0,0,0,0,1,1
17917,Transit Center Bay E,25,TREASURE ISLAND,3,005B95,FFFFFF,0,Clipper Cove Way & Treasure Island Rd@@@24,,Clipper Cove Way & Treasure Island Rd@@@18,24:32:00,30:02:00,,30.0,,30.0,0,0,0,0,0,1,1
17917,Transit Center Bay E,7,HAIGHT-NORIEGA,3,005B95,FFFFFF,0,Ortega St & 48th Ave@@@158,Ortega St & 48th Ave@@@72,,05:00:00,24:00:00,12.0,,12.0,,0,0,0,0,0,1,1
17918,Transit Center Bay 27,25,TREASURE ISLAND,3,005B95,FFFFFF,1,Transit Center Bay 29@@@82,Transit Center Bay 29@@@34,,06:53:05,23:40:05,25.125,,25.125,,0,0,0,0,0,1,1
17919,Pacific Ave & Van Ness Ave,27,BRYANT,3,005B95,FFFFFF,0,24th St & Mission St@@@102,24th St & Mission St@@@42,,05:10:00,22:00:00,19.95,,19.95,,0,0,0,0,0,1,1
17921,Clipper St & Diamond St,48,QUINTARA-24TH STREET,3,005B95,FFFFFF,0,Lower Great Hwy & Rivera St@@@110,Lower Great Hwy & Rivera St@@@42,,05:22:08,24:22:08,20.05,,20.05,,0,0,0,0,0,1,1
17923,Folsom St & Ripley St,67,BERNAL HEIGHTS,3,005B95,FFFFFF,0,Ellsworth St & Crescent Ave@@@98,Ellsworth St & Crescent Ave@@@42,,06:05:24,22:03:24,19.9,,19.9,,0,0,0,0,0,1,1
17924,Bernal Heights Blvd & Bradford St,67,BERNAL HEIGHTS,3,005B95,FFFFFF,0,Ellsworth St & Crescent Ave@@@98,Ellsworth St & Crescent Ave@@@42,,06:06:40,22:04:40,19.95,,19.95,,0,0,0,0,0,1,1
17925,Daly City BART Stop D4,28,19TH AVENUE,3,005B95,FFFFFF,1,19th Avenue & Holloway/Sf State@@@2###Powell St & Beach St@@@170,Powell St & Beach St@@@72,,05:00:00,24:28:00,12.0,,12.0,,0,0,0,0,0,1,1
17926,8th Ave & Judah Ave,66,QUINTARA,3,005B95,FFFFFF,1,9th Ave & Judah St@@@86,9th Ave & Judah St@@@42,,08:26:40,22:24:40,20.0,,20.0,,0,0,0,0,0,1,1
17938,Hudson Ave & Newhall St,15,BAYVIEW HUNTERS POINT EXPRESS,3,005B95,FFFFFF,0,Palou Ave & 3rd St@@@130,Palou Ave & 3rd St@@@66,,08:24:59,22:31:19,12.6875,,12.6875,,0,0,0,0,0,1,1
17945,Mission St & Fremont St,14,MISSION,3,005B95,FFFFFF,1,Steuart St & Mission St@@@312,Steuart St & Mission St@@@104,Steuart St & Mission St@@@34,05:59:00,29:41:09,8.117647058823529,13.6875,8.117647058823529,13.6875,0,0,0,0,0,1,1
17945,Mission St & Fremont St,14R,MISSION RAPID,3,BF2B45,FFFFFF,1,Mission St & Main St@@@184,Mission St & Main St@@@84,,05:42:18,22:48:50,10.170731707317072,,10.170731707317072,,0,0,0,0,0,1,1
17948,Transit Center Bay 29,25,TREASURE ISLAND,3,005B95,FFFFFF,0,Clipper Cove Way & Treasure Island Rd@@@86,Clipper Cove Way & Treasure Island Rd@@@34,,06:25:00,24:02:00,25.0,,25.0,,0,0,0,0,0,1,1
17951,Zoo Rd & Skyline Blvd,58,LAKE MERCED,3,005B95,FFFFFF,0,Mission St & Flournoy@@@66,Mission St & Flournoy@@@28,,06:11:05,22:11:05,30.0,,30.0,,0,0,0,0,0,1,1
17953,Geary Blvd & Masonic St,38,GEARY,3,005B95,FFFFFF,1,Transit Center Bay D@@@228,Transit Center Bay D@@@84,Transit Center Bay D@@@16,05:48:00,29:32:00,10.024390243902438,30.0,10.024390243902438,30.0,0,0,0,0,0,1,1
17953,Geary Blvd & Masonic St,38R,GEARY RAPID,3,BF2B45,FFFFFF,1,Transit Center Bay C@@@174,Transit Center Bay C@@@84,,06:19:00,21:19:00,10.024390243902438,,10.024390243902438,,0,0,0,0,0,1,1
17954,Geary Blvd & Fillmore St/Japantown,38,GEARY,3,005B95,FFFFFF,1,Transit Center Bay D@@@228,Transit Center Bay D@@@84,Transit Center Bay D@@@16,05:53:00,29:36:00,10.024390243902438,30.0,10.024390243902438,30.0,0,0,0,0,0,1,1
17954,Geary Blvd & Fillmore St/Japantown,38R,GEARY RAPID,3,BF2B45,FFFFFF,1,Transit Center Bay C@@@174,Transit Center Bay C@@@84,,06:23:00,21:23:00,10.024390243902438,,10.024390243902438,,0,0,0,0,0,1,1
17957,Townsend St & 5th St/Caltrain,NBUS,JUDAH BUS,3,005B95,FFFFFF,0,Judah/La Playa/Ocean Beach@@@18,,,05:16:00,07:32:00,,,,,0,0,0,0,0,1,1
17957,Townsend St & 5th St/Caltrain,NOWL,OWL JUDAH,3,666666,FFFFFF,0,Judah/La Playa/Ocean Beach@@@24,,Judah/La Playa/Ocean Beach@@@16,24:00:00,29:30:00,,30.0,,30.0,0,0,0,0,0,1,1
17960,Townsend St & 7th St,19,POLK,3,005B95,FFFFFF,1,Beach St & Polk St@@@102,Beach St & Polk St@@@42,,05:32:00,22:21:00,20.05,,20.05,,0,0,0,0,0,1,1
17961,3rd Street & Evans Ave,15,BAYVIEW HUNTERS POINT EXPRESS,3,005B95,FFFFFF,1,Sutter St & Sansome St@@@130,Sutter St & Sansome St@@@66,,08:17:00,22:16:06,12.375,,12.375,,0,0,0,0,0,1,1
17961,3rd Street & Evans Ave,TBUS,THIRD BUS,3,BF2B45,FFFFFF,0,Pacific Ave & Powell St@@@16###Stockton St & Washington St@@@4,,,05:17:12,23:59:12,,,,,0,0,0,0,0,1,1
17976,Ulloa St & West Portal Ave,48,QUINTARA-24TH STREET,3,005B95,FFFFFF,1,22nd St Caltrain Station/Iowa@@@108,22nd St Caltrain Station/Iowa@@@42,,05:36:00,24:15:00,20.0,,20.0,,0,0,0,0,0,1,1
17976,Ulloa St & West Portal Ave,91,3RD-19TH AVE OWL,3,666666,FFFFFF,1,19th Ave & Holloway/Sf State@@@24,,19th Ave & Holloway/Sf State@@@14,23:46:00,29:16:00,,30.0,,30.0,0,0,0,0,0,1,1
17976,Ulloa St & West Portal Ave,KBUS,INGLESIDE BUS,3,437C93,FFFFFF,1,Steuart St & Mission St@@@24,,,05:16:00,24:16:00,,,,,0,0,0,0,0,1,1
17976,Ulloa St & West Portal Ave,LOWL,OWL TARAVAL,3,666666,FFFFFF,1,Jones St & Beach St@@@30,,Jones St & Beach St@@@20,24:11:00,30:01:00,,25.0,,25.0,0,0,0,0,0,1,1
17977,Jones St & O'Farrell St,27,BRYANT,3,005B95,FFFFFF,0,24th St & Mission St@@@102,24th St & Mission St@@@42,,05:17:22,22:10:04,20.05,,20.05,,0,0,0,0,0,1,1
17979,Moscow St & Geneva Ave,54,FELTON,3,005B95,FFFFFF,1,Newhall St & Hudson@@@96,Newhall St & Hudson@@@42,,05:50:16,22:11:33,20.05,,20.05,,0,0,0,0,0,1,1
17980,Moscow St & Italy Ave,54,FELTON,3,005B95,FFFFFF,1,Newhall St & Hudson@@@96,Newhall St & Hudson@@@42,,05:50:55,22:12:17,20.05,,20.05,,0,0,0,0,0,1,1
17981,Moscow St & France Ave,54,FELTON,3,005B95,FFFFFF,1,Newhall St & Hudson@@@96,Newhall St & Hudson@@@42,,05:51:32,22:12:58,20.1,,20.1,,0,0,0,0,0,1,1
17982,Moscow St & Russia Ave,54,FELTON,3,005B95,FFFFFF,1,Newhall St & Hudson@@@96,Newhall St & Hudson@@@42,,05:52:08,22:13:39,20.05,,20.05,,0,0,0,0,0,1,1
17983,Moscow St & Brazil St,54,FELTON,3,005B95,FFFFFF,1,Newhall St & Hudson@@@96,Newhall St & Hudson@@@42,,05:54:20,22:16:08,20.1,,20.1,,0,0,0,0,0,1,1
17984,Moscow St & Excelsior Ave,54,FELTON,3,005B95,FFFFFF,1,Newhall St & Hudson@@@96,Newhall St & Hudson@@@40,,05:54:57,22:16:49,20.105263157894736,,20.105263157894736,,0,0,0,0,0,1,1
17985,Moscow St & Avalon Ave,54,FELTON,3,005B95,FFFFFF,1,Newhall St & Hudson@@@96,Newhall St & Hudson@@@40,,05:55:34,22:17:30,20.05263157894737,,20.05263157894737,,0,0,0,0,0,1,1
17992,Main St & Folsom St,12,FOLSOM-PACIFIC,3,005B95,FFFFFF,1,Jackson St & Van Ness Ave@@@98,Jackson St & Van Ness Ave@@@42,,06:34:51,22:37:41,19.85,,19.85,,0,0,0,0,0,1,1
17993,Essex St & Folsom St,12,FOLSOM-PACIFIC,3,005B95,FFFFFF,0,Valencia St & Cesar Chavez St@@@98,Valencia St & Cesar Chavez St@@@42,,06:18:37,22:21:01,20.1,,20.1,,0,0,0,0,0,1,1
17994,Spear St & Mission St,12,FOLSOM-PACIFIC,3,005B95,FFFFFF,0,Main St & Howard St@@@54###Valencia St & Cesar Chavez St@@@98,Main St & Howard St@@@40###Valencia St & Cesar Chavez St@@@40,,06:15:07,22:16:52,10.0,,10.0,,0,0,0,0,0,1,1
17995,Spear St & Folsom St,12,FOLSOM-PACIFIC,3,005B95,FFFFFF,0,Main St & Howard St@@@54###Valencia St & Cesar Chavez St@@@98,Main St & Howard St@@@40###Valencia St & Cesar Chavez St@@@40,,06:15:23,22:17:22,10.0,,10.0,,0,0,0,0,0,1,1
17996,Irving St & 8th Ave,N,JUDAH,0,005B95,FFFFFF,1,Duboce Ave & Church St@@@8###King St & 4th St@@@154,King St & 4th St@@@68,,07:47:59,24:50:23,12.212121212121213,,12.212121212121213,,0,0,0,0,0,1,1
17996,Irving St & 8th Ave,NBUS,JUDAH BUS,3,005B95,FFFFFF,1,Townsend St & 5th St/Caltrain@@@20,,,05:18:35,24:08:35,,,,,0,0,0,0,0,1,1
17996,Irving St & 8th Ave,NOWL,OWL JUDAH,3,666666,FFFFFF,1,Townsend St & 5th St/Caltrain@@@22,,Townsend St & 5th St/Caltrain@@@16,24:30:38,29:30:38,,30.0,,30.0,0,0,0,0,0,1,1
17999,9th Ave & Irving St,N,JUDAH,0,005B95,FFFFFF,0,Judah/La Playa/Ocean Beach@@@162,Judah/La Playa/Ocean Beach@@@70,,06:58:41,24:12:13,12.029411764705882,,12.029411764705882,,0,0,0,0,0,1,1
17999,9th Ave & Irving St,NBUS,JUDAH BUS,3,005B95,FFFFFF,0,Judah/La Playa/Ocean Beach@@@18,,,05:52:59,08:08:59,,,,,0,0,0,0,0,1,1
17999,9th Ave & Irving St,NOWL,OWL JUDAH,3,666666,FFFFFF,0,Judah/La Playa/Ocean Beach@@@24,,Judah/La Playa/Ocean Beach@@@18,24:37:54,30:07:54,,30.0,,30.0,0,0,0,0,0,1,1
18000,Clipper Cove Way & Treasure Island Rd,25,TREASURE ISLAND,3,005B95,FFFFFF,1,Transit Center Bay 29@@@82###Transit Center Bay E@@@28,Transit Center Bay 29@@@34,Transit Center Bay E@@@18,06:34:00,30:12:00,25.0,30.0,25.0,30.0,0,0,0,0,0,1,1
18002,Folsom St & Beale St,12,FOLSOM-PACIFIC,3,005B95,FFFFFF,0,Valencia St & Cesar Chavez St@@@98,Valencia St & Cesar Chavez St@@@42,,06:17:27,22:19:38,20.05,,20.05,,0,0,0,0,0,1,1
18003,Oakdale Ave & Toland St,23,MONTEREY,3,005B95,FFFFFF,0,Sloat Blvd & 47th Ave@@@66,Sloat Blvd & 47th Ave@@@28,,06:14:19,22:14:19,30.0,,30.0,,0,0,0,0,0,1,1
18012,Lyon St & Union St,45,UNION-STOCKTON,3,005B95,FFFFFF,1,Townsend St & Lusk St/Caltrain@@@132###Union St & Pierce St@@@6,Townsend St & Lusk St/Caltrain@@@56,,04:40:37,22:30:37,15.0,,15.0,,0,0,0,0,0,1,1
18013,Oakdale Ave & Toland St,23,MONTEREY,3,005B95,FFFFFF,1,Palou Ave & 3rd St@@@66,Palou Ave & 3rd St@@@28,,06:36:04,22:36:25,30.076923076923077,,30.076923076923077,,0,0,0,0,0,1,1
18014,Ocean Ave & Geneva Ave / City College,KBUS,INGLESIDE BUS,3,437C93,FFFFFF,1,Steuart St & Mission St@@@24,,,05:03:32,24:03:32,,,,,0,0,0,0,0,1,1
18015,Market St & Clayton St,KBUS,INGLESIDE BUS,3,437C93,FFFFFF,0,San Jose Ave & Geneva Ave@@@24,,,05:26:41,08:11:41,,,,,0,0,0,0,0,1,1
18015,Market St & Clayton St,LOWL,OWL TARAVAL,3,666666,FFFFFF,0,Wawona/46th Ave /Sf Zoo@@@28,,Wawona/46th Ave /Sf Zoo@@@18,24:14:14,29:39:14,,25.0,,25.0,0,0,0,0,0,1,1
18018,Shoreline Access Road,25,TREASURE ISLAND,3,005B95,FFFFFF,1,Transit Center Bay 29@@@82###Transit Center Bay E@@@28,Transit Center Bay 29@@@32,Transit Center Bay E@@@18,06:46:00,30:24:00,25.0,30.0,25.0,30.0,0,0,0,0,0,1,1
18023,Mason St - Yacht/Girard,30,STOCKTON,3,005B95,FFFFFF,0,Crissy Field Terminal@@@104,Crissy Field Terminal@@@54,,06:30:33,19:39:44,15.307692307692308,,15.307692307692308,,0,0,0,0,0,1,1
18024,Mason St - Tunnel Top Park,30,STOCKTON,3,005B95,FFFFFF,0,Crissy Field Terminal@@@104,Crissy Field Terminal@@@54,,06:31:39,19:41:12,15.307692307692308,,15.307692307692308,,0,0,0,0,0,1,1
18027,Mason St - Tunnel Top Park,30,STOCKTON,3,005B95,FFFFFF,1,Townsend St & 4th St/Caltrain@@@104,Townsend St & 4th St/Caltrain@@@56,,06:55:01,20:04:01,14.962962962962964,,14.962962962962964,,0,0,0,0,0,1,1
18028,Mason St - Yacht/Girard,30,STOCKTON,3,005B95,FFFFFF,1,Townsend St & 4th St/Caltrain@@@104,Townsend St & 4th St/Caltrain@@@56,,06:56:31,20:05:31,14.962962962962964,,14.962962962962964,,0,0,0,0,0,1,1
18031,Irving St & 5th Ave,N,JUDAH,0,005B95,FFFFFF,1,Duboce Ave & Church St@@@8###King St & 4th St@@@154,King St & 4th St@@@68,,07:49:22,24:51:38,12.212121212121213,,12.212121212121213,,0,0,0,0,0,1,1
18031,Irving St & 5th Ave,NBUS,JUDAH BUS,3,005B95,FFFFFF,1,Townsend St & 5th St/Caltrain@@@20,,,05:19:25,24:09:25,,,,,0,0,0,0,0,1,1
18031,Irving St & 5th Ave,NOWL,OWL JUDAH,3,666666,FFFFFF,1,Townsend St & 5th St/Caltrain@@@22,,Townsend St & 5th St/Caltrain@@@16,24:31:28,29:31:28,,30.0,,30.0,0,0,0,0,0,1,1
18032,Irving St & 6th Ave,N,JUDAH,0,005B95,FFFFFF,0,Judah/La Playa/Ocean Beach@@@162,Judah/La Playa/Ocean Beach@@@70,,06:56:53,24:10:36,12.029411764705882,,12.029411764705882,,0,0,0,0,0,1,1
18032,Irving St & 6th Ave,NBUS,JUDAH BUS,3,005B95,FFFFFF,0,Judah/La Playa/Ocean Beach@@@18,,,05:51:58,08:07:58,,,,,0,0,0,0,0,1,1
18032,Irving St & 6th Ave,NOWL,OWL JUDAH,3,666666,FFFFFF,0,Judah/La Playa/Ocean Beach@@@24,,Judah/La Playa/Ocean Beach@@@18,24:36:48,30:06:48,,30.0,,30.0,0,0,0,0,0,1,1
18034,Clipper St & Douglass St,48,QUINTARA-24TH STREET,3,005B95,FFFFFF,0,Lower Great Hwy & Rivera St@@@110,Lower Great Hwy & Rivera St@@@42,,05:22:42,24:22:42,20.05,,20.05,,0,0,0,0,0,1,1
18035,Clipper St & Douglass St,48,QUINTARA-24TH STREET,3,005B95,FFFFFF,1,22nd St Caltrain Station/Iowa@@@108,22nd St Caltrain Station/Iowa@@@42,,05:45:48,24:24:48,20.0,,20.0,,0,0,0,0,0,1,1
18039,Ulloa St & Claremont St,KBUS,INGLESIDE BUS,3,437C93,FFFFFF,0,San Jose Ave & Geneva Ave@@@24,,,05:36:00,08:21:00,,,,,0,0,0,0,0,1,1
18040,Bayshore Blvd &L Eland Ave,8,BAYSHORE,3,005B95,FFFFFF,0,City College Terminal@@@260,City College Terminal@@@118,,05:31:00,24:35:00,7.206896551724138,,7.206896551724138,,0,0,0,0,0,1,1
18040,Bayshore Blvd &L Eland Ave,91,3RD-19TH AVE OWL,3,666666,FFFFFF,0,Ulloa St & West Portal Ave@@@26,,Ulloa St & West Portal Ave@@@18,24:17:13,30:17:13,,30.0,,30.0,0,0,0,0,0,1,1
18045,20th St & Missouri St,55,DOGPATCH,3,005B95,FFFFFF,0,20th St & 3rd St@@@104,20th St & 3rd St@@@42,,05:08:52,22:08:08,20.15,,20.15,,0,0,0,0,0,1,1
18046,20th St & Pennsylvania Ave,55,DOGPATCH,3,005B95,FFFFFF,0,20th St & 3rd St@@@104,20th St & 3rd St@@@42,,05:09:40,22:08:50,20.15,,20.15,,0,0,0,0,0,1,1
18047,7th St & Market St,27,BRYANT,3,005B95,FFFFFF,1,Jackson St & Van Ness Ave@@@104,Jackson St & Van Ness Ave@@@42,,05:21:00,22:25:00,20.05,,20.05,,0,0,0,0,0,1,1
18048,Leavenworth St & Turk St,27,BRYANT,3,005B95,FFFFFF,1,Jackson St & Van Ness Ave@@@104,Jackson St & Van Ness Ave@@@42,,05:22:30,22:27:25,20.05,,20.05,,0,0,0,0,0,1,1
18049,Jones St & Ellis St,27,BRYANT,3,005B95,FFFFFF,0,24th St & Mission St@@@102,24th St & Mission St@@@42,,05:17:49,22:10:43,20.1,,20.1,,0,0,0,0,0,1,1
18050,Jones St & Turk St,27,BRYANT,3,005B95,FFFFFF,0,24th St & Mission St@@@102,24th St & Mission St@@@42,,05:18:40,22:12:01,20.05,,20.05,,0,0,0,0,0,1,1
18051,Jerrold Ave & Donahue St,15,BAYVIEW HUNTERS POINT EXPRESS,3,005B95,FFFFFF,0,Palou Ave & 3rd St@@@130,Palou Ave & 3rd St@@@66,,08:30:27,22:36:27,12.6875,,12.6875,,0,0,0,0,0,1,1
18051,Jerrold Ave & Donahue St,15,BAYVIEW HUNTERS POINT EXPRESS,3,005B95,FFFFFF,1,Sutter St & Sansome St@@@130,Sutter St & Sansome St@@@68,,08:09:26,22:09:26,12.363636363636363,,12.363636363636363,,0,0,0,0,0,1,1
18052,Kirkwood Ave & Earl St,15,BAYVIEW HUNTERS POINT EXPRESS,3,005B95,FFFFFF,0,Palou Ave & 3rd St@@@130,Palou Ave & 3rd St@@@66,,08:31:17,22:37:17,12.6875,,12.6875,,0,0,0,0,0,1,1
18052,Kirkwood Ave & Earl St,15,BAYVIEW HUNTERS POINT EXPRESS,3,005B95,FFFFFF,1,Sutter St & Sansome St@@@130,Sutter St & Sansome St@@@68,,08:10:15,22:10:15,12.363636363636363,,12.363636363636363,,0,0,0,0,0,1,1
18053,Ingalls St & Lasalle Ave,15,BAYVIEW HUNTERS POINT EXPRESS,3,005B95,FFFFFF,0,Palou Ave & 3rd St@@@130,Palou Ave & 3rd St@@@64,,08:33:45,22:39:36,12.741935483870968,,12.741935483870968,,0,0,0,0,0,1,1
18054,Ingalls St & Oakdale Ave,15,BAYVIEW HUNTERS POINT EXPRESS,3,005B95,FFFFFF,0,Palou Ave & 3rd St@@@130,Palou Ave & 3rd St@@@64,,08:34:16,22:40:01,12.741935483870968,,12.741935483870968,,0,0,0,0,0,1,1
18056,Ingalls St & Oakdale Ave,15,BAYVIEW HUNTERS POINT EXPRESS,3,005B95,FFFFFF,1,Sutter St & Sansome St@@@130,Sutter St & Sansome St@@@68,,08:06:06,22:06:06,12.363636363636363,,12.363636363636363,,0,0,0,0,0,1,1
18057,Ingalls St & Lasalle Ave,15,BAYVIEW HUNTERS POINT EXPRESS,3,005B95,FFFFFF,1,Sutter St & Sansome St@@@130,Sutter St & Sansome St@@@68,,08:06:34,22:06:34,12.363636363636363,,12.363636363636363,,0,0,0,0,0,1,1
18058,Ingalls St & Kiska Rd,15,BAYVIEW HUNTERS POINT EXPRESS,3,005B95,FFFFFF,1,Sutter St & Sansome St@@@130,Sutter St & Sansome St@@@68,,08:07:00,22:07:00,12.363636363636363,,12.363636363636363,,0,0,0,0,0,1,1
18059,Church St & Market St,22,FILLMORE,3,005B95,FFFFFF,0,Mission Bay North & 4th St@@@288,Mission Bay North & 4th St@@@112,Mission Bay North & 4th St@@@16,04:36:00,29:46:00,7.490909090909091,30.0,7.490909090909091,30.0,0,0,0,0,0,1,1
18059,Church St & Market St,J,CHURCH,0,A96614,FFFFFF,0,Balboa Park BART/Mezzanine Level@@@154,Balboa Park BART/Mezzanine Level@@@56,,05:29:02,25:03:02,15.0,,15.0,,0,0,0,0,0,1,1
18061,Duboce Ave & Church St,NBUS,JUDAH BUS,3,005B95,FFFFFF,1,Townsend St & 5th St/Caltrain@@@20,,,05:28:00,24:18:00,,,,,0,0,0,0,0,1,1
18062,Market St & Church St,KBUS,INGLESIDE BUS,3,437C93,FFFFFF,1,Steuart St & Mission St@@@24,,,05:30:20,24:30:20,,,,,0,0,0,0,0,1,1
18062,Market St & Church St,LOWL,OWL TARAVAL,3,666666,FFFFFF,1,Jones St & Beach St@@@30,,Jones St & Beach St@@@22,24:24:07,30:14:07,,25.0,,25.0,0,0,0,0,0,1,1
18064,20th St & Missouri St,55,DOGPATCH,3,005B95,FFFFFF,1,16th St & Mission St@@@104,16th St & Mission St@@@42,,05:03:38,22:03:53,20.0,,20.0,,0,0,0,0,0,1,1
18066,Ingalls St & Palou Ave,15,BAYVIEW HUNTERS POINT EXPRESS,3,005B95,FFFFFF,0,Palou Ave & 3rd St@@@130,Palou Ave & 3rd St@@@64,,08:34:34,22:40:15,12.741935483870968,,12.741935483870968,,0,0,0,0,0,1,1
18067,Clipper St & Grand View Ave,48,QUINTARA-24TH STREET,3,005B95,FFFFFF,0,Lower Great Hwy & Rivera St@@@110,Lower Great Hwy & Rivera St@@@42,,05:23:37,24:23:37,20.05,,20.05,,0,0,0,0,0,1,1
18081,Cortland Ave & Bayshore Blvd,24,DIVISADERO,3,005B95,FFFFFF,1,Divisadero St & Sutter St@@@8###Fillmore St & Jackson St@@@16###Jackson St & Webster St@@@158,Jackson St & Webster St@@@70,,05:14:00,24:32:00,12.088235294117647,,12.088235294117647,,0,0,0,0,0,1,1
18088,South Van Ness Ave & Market St,49,VAN NESS-MISSION,3,005B95,FFFFFF,1,Van Ness Ave & North Point St@@@262,Van Ness Ave & North Point St@@@106,,05:28:00,24:28:00,8.038461538461538,,8.038461538461538,,0,0,0,0,0,1,1
18088,South Van Ness Ave & Market St,90,SAN BRUNO OWL,3,666666,FFFFFF,1,Van Ness Ave & North Point St@@@20,,Van Ness Ave & North Point St@@@14,24:32:00,29:02:00,,30.0,,30.0,0,0,0,0,0,1,1
18089,Van Ness Ave & Mcallister St,49,VAN NESS-MISSION,3,005B95,FFFFFF,1,Van Ness Ave & North Point St@@@262,Van Ness Ave & North Point St@@@104,,05:30:01,24:30:01,8.03921568627451,,8.03921568627451,,0,0,0,0,0,1,1
18089,Van Ness Ave & Mcallister St,90,SAN BRUNO OWL,3,666666,FFFFFF,1,Van Ness Ave & North Point St@@@20,,Van Ness Ave & North Point St@@@14,24:33:58,29:03:58,,30.0,,30.0,0,0,0,0,0,1,1
18090,Van Ness Ave & Eddy St,49,VAN NESS-MISSION,3,005B95,FFFFFF,1,Van Ness Ave & North Point St@@@262,Van Ness Ave & North Point St@@@104,,05:31:11,24:31:11,8.019607843137255,,8.019607843137255,,0,0,0,0,0,1,1
18090,Van Ness Ave & Eddy St,90,SAN BRUNO OWL,3,666666,FFFFFF,1,Van Ness Ave & North Point St@@@20,,Van Ness Ave & North Point St@@@14,24:35:05,29:05:05,,30.0,,30.0,0,0,0,0,0,1,1
18091,Van Ness Ave & Geary Blvd,49,VAN NESS-MISSION,3,005B95,FFFFFF,1,Van Ness Ave & North Point St@@@262,Van Ness Ave & North Point St@@@104,,05:32:20,24:32:20,8.03921568627451,,8.03921568627451,,0,0,0,0,0,1,1
18091,Van Ness Ave & Geary Blvd,90,SAN BRUNO OWL,3,666666,FFFFFF,1,Van Ness Ave & North Point St@@@20,,Van Ness Ave & North Point St@@@14,24:36:00,29:06:00,,30.0,,30.0,0,0,0,0,0,1,1
18092,Van Ness Ave & Bush St,49,VAN NESS-MISSION,3,005B95,FFFFFF,1,Van Ness Ave & North Point St@@@262,Van Ness Ave & North Point St@@@106,,05:33:29,24:33:29,8.01923076923077,,8.01923076923077,,0,0,0,0,0,1,1
18092,Van Ness Ave & Bush St,90,SAN BRUNO OWL,3,666666,FFFFFF,1,Van Ness Ave & North Point St@@@20,,Van Ness Ave & North Point St@@@14,24:36:58,29:06:58,,30.0,,30.0,0,0,0,0,0,1,1
18093,Van Ness Ave & Clay St,49,VAN NESS-MISSION,3,005B95,FFFFFF,1,Van Ness Ave & North Point St@@@262,Van Ness Ave & North Point St@@@104,,05:35:00,24:35:00,8.019607843137255,,8.019607843137255,,0,0,0,0,0,1,1
18093,Van Ness Ave & Clay St,90,SAN BRUNO OWL,3,666666,FFFFFF,1,Van Ness Ave & North Point St@@@20,,Van Ness Ave & North Point St@@@14,24:38:16,29:08:16,,30.0,,30.0,0,0,0,0,0,1,1
18094,Van Ness Ave & Pacific St,49,VAN NESS-MISSION,3,005B95,FFFFFF,1,Van Ness Ave & North Point St@@@262,Van Ness Ave & North Point St@@@104,,05:36:05,24:36:05,8.019607843137255,,8.019607843137255,,0,0,0,0,0,1,1
18094,Van Ness Ave & Pacific St,90,SAN BRUNO OWL,3,666666,FFFFFF,1,Van Ness Ave & North Point St@@@20,,Van Ness Ave & North Point St@@@14,24:39:11,29:09:11,,30.0,,30.0,0,0,0,0,0,1,1
18095,Van Ness Ave & Vallejo St,49,VAN NESS-MISSION,3,005B95,FFFFFF,1,Van Ness Ave & North Point St@@@262,Van Ness Ave & North Point St@@@104,,05:36:55,24:36:55,8.019607843137255,,8.019607843137255,,0,0,0,0,0,1,1
18095,Van Ness Ave & Vallejo St,90,SAN BRUNO OWL,3,666666,FFFFFF,1,Van Ness Ave & North Point St@@@20,,Van Ness Ave & North Point St@@@14,24:39:54,29:09:54,,30.0,,30.0,0,0,0,0,0,1,1
18096,Van Ness Ave & Union St,49,VAN NESS-MISSION,3,005B95,FFFFFF,1,Van Ness Ave & North Point St@@@262,Van Ness Ave & North Point St@@@104,,05:38:00,24:38:00,8.019607843137255,,8.019607843137255,,0,0,0,0,0,1,1
18096,Van Ness Ave & Union St,90,SAN BRUNO OWL,3,666666,FFFFFF,1,Van Ness Ave & North Point St@@@20,,Van Ness Ave & North Point St@@@14,24:40:30,29:10:30,,30.0,,30.0,0,0,0,0,0,1,1
18097,Van Ness Ave & Union St,49,VAN NESS-MISSION,3,005B95,FFFFFF,0,City College Terminal@@@264,City College Terminal@@@106,,05:04:00,24:05:00,8.01923076923077,,8.01923076923077,,0,0,0,0,0,1,1
18097,Van Ness Ave & Union St,90,SAN BRUNO OWL,3,666666,FFFFFF,0,Bayshore Blvd & Arleta Ave@@@22,,Bayshore Blvd & Arleta Ave@@@14,24:19:49,29:19:49,,30.0,,30.0,0,0,0,0,0,1,1
18098,Van Ness Ave & Vallejo St,49,VAN NESS-MISSION,3,005B95,FFFFFF,0,City College Terminal@@@264,City College Terminal@@@106,,05:04:46,24:05:46,8.038461538461538,,8.038461538461538,,0,0,0,0,0,1,1
18098,Van Ness Ave & Vallejo St,90,SAN BRUNO OWL,3,666666,FFFFFF,0,Bayshore Blvd & Arleta Ave@@@22,,Bayshore Blvd & Arleta Ave@@@14,24:20:39,29:20:39,,30.0,,30.0,0,0,0,0,0,1,1
18099,Van Ness Ave & Jackson St,49,VAN NESS-MISSION,3,005B95,FFFFFF,0,City College Terminal@@@264,City College Terminal@@@104,,05:05:56,24:06:56,8.019607843137255,,8.019607843137255,,0,0,0,0,0,1,1
18099,Van Ness Ave & Jackson St,90,SAN BRUNO OWL,3,666666,FFFFFF,0,Bayshore Blvd & Arleta Ave@@@22,,Bayshore Blvd & Arleta Ave@@@14,24:21:53,29:21:53,,30.0,,30.0,0,0,0,0,0,1,1
18100,Van Ness Ave & Sacramento St,49,VAN NESS-MISSION,3,005B95,FFFFFF,0,City College Terminal@@@264,City College Terminal@@@104,,05:07:03,24:08:03,8.03921568627451,,8.03921568627451,,0,0,0,0,0,1,1
18100,Van Ness Ave & Sacramento St,90,SAN BRUNO OWL,3,666666,FFFFFF,0,Bayshore Blvd & Arleta Ave@@@22,,Bayshore Blvd & Arleta Ave@@@14,24:23:05,29:23:05,,30.0,,30.0,0,0,0,0,0,1,1
18101,Van Ness Ave & Sutter St,49,VAN NESS-MISSION,3,005B95,FFFFFF,0,City College Terminal@@@264,City College Terminal@@@104,,05:08:37,24:09:37,8.03921568627451,,8.03921568627451,,0,0,0,0,0,1,1
18101,Van Ness Ave & Sutter St,90,SAN BRUNO OWL,3,666666,FFFFFF,0,Bayshore Blvd & Arleta Ave@@@22,,Bayshore Blvd & Arleta Ave@@@14,24:24:46,29:24:46,,30.0,,30.0,0,0,0,0,0,1,1
18102,Van Ness Ave & O'Farrell St,49,VAN NESS-MISSION,3,005B95,FFFFFF,0,City College Terminal@@@264,City College Terminal@@@106,,05:10:00,24:11:00,8.038461538461538,,8.038461538461538,,0,0,0,0,0,1,1
18102,Van Ness Ave & O'Farrell St,90,SAN BRUNO OWL,3,666666,FFFFFF,0,Bayshore Blvd & Arleta Ave@@@22,,Bayshore Blvd & Arleta Ave@@@14,24:26:00,29:26:00,,30.0,,30.0,0,0,0,0,0,1,1
18103,Van Ness Ave & Eddy St,49,VAN NESS-MISSION,3,005B95,FFFFFF,0,City College Terminal@@@264,City College Terminal@@@106,,05:10:52,24:12:05,8.038461538461538,,8.038461538461538,,0,0,0,0,0,1,1
18103,Van Ness Ave & Eddy St,90,SAN BRUNO OWL,3,666666,FFFFFF,0,Bayshore Blvd & Arleta Ave@@@22,,Bayshore Blvd & Arleta Ave@@@14,24:26:52,29:26:52,,30.0,,30.0,0,0,0,0,0,1,1
18104,Van Ness Ave & Mcallister St,49,VAN NESS-MISSION,3,005B95,FFFFFF,0,City College Terminal@@@264,City College Terminal@@@104,,05:12:10,24:13:43,8.03921568627451,,8.03921568627451,,0,0,0,0,0,1,1
18104,Van Ness Ave & Mcallister St,90,SAN BRUNO OWL,3,666666,FFFFFF,0,Bayshore Blvd & Arleta Ave@@@22,,Bayshore Blvd & Arleta Ave@@@14,24:28:10,29:28:10,,30.0,,30.0,0,0,0,0,0,1,1
18105,Van Ness Ave & Market St,49,VAN NESS-MISSION,3,005B95,FFFFFF,0,City College Terminal@@@264,City College Terminal@@@104,,05:14:00,24:16:00,8.03921568627451,,8.03921568627451,,0,0,0,0,0,1,1
18105,Van Ness Ave & Market St,90,SAN BRUNO OWL,3,666666,FFFFFF,0,Bayshore Blvd & Arleta Ave@@@22,,Bayshore Blvd & Arleta Ave@@@16,24:30:00,29:30:00,,30.0,,30.0,0,0,0,0,0,1,1
18106,Hudson Ave & Newhall St,15,BAYVIEW HUNTERS POINT EXPRESS,3,005B95,FFFFFF,1,Sutter St & Sansome St@@@130,Sutter St & Sansome St@@@66,,08:16:04,22:15:19,12.375,,12.375,,0,0,0,0,0,1,1
18109,Townsend St & Lusk St/Caltrain,30,STOCKTON,3,005B95,FFFFFF,0,Crissy Field Terminal@@@102###Divisadero St & Chestnut St@@@36,Crissy Field Terminal@@@58,,05:05:00,24:00:00,15.0,,15.0,,0,0,0,0,0,1,1
18110,Townsend St & Lusk St/Caltrain,45,UNION-STOCKTON,3,005B95,FFFFFF,0,Lyon St & Greenwich St@@@124###Sutter St & Kearny St@@@8,Lyon St & Greenwich St@@@56,,05:20:00,22:30:00,15.0,,15.0,,0,0,0,0,0,1,1
18116,Stockton St & Washington St/Chinatown,30,STOCKTON,3,005B95,FFFFFF,0,Crissy Field Terminal@@@104###Divisadero St & Chestnut St@@@36###Van Ness Ave & North Point St@@@54,Crissy Field Terminal@@@54###Van Ness Ave & North Point St@@@42,,05:16:53,24:11:28,8.702127659574469,,8.702127659574469,,0,0,0,0,0,1,1
18116,Stockton St & Washington St/Chinatown,45,UNION-STOCKTON,3,005B95,FFFFFF,0,Lyon St & Greenwich St@@@124,Lyon St & Greenwich St@@@56,,05:32:53,22:12:53,15.074074074074074,,15.074074074074074,,0,0,0,0,0,1,1
18116,Stockton St & Washington St/Chinatown,91,3RD-19TH AVE OWL,3,666666,FFFFFF,1,19th Ave & Holloway/Sf State@@@24,,19th Ave & Holloway/Sf State@@@18,24:45:03,30:15:03,,30.0,,30.0,0,0,0,0,0,1,1
18117,Stockton St & Washington St,TBUS,THIRD BUS,3,BF2B45,FFFFFF,0,Pacific Ave & Powell St@@@16###Stockton St & Washington St@@@4,,,05:47:00,24:29:00,,,,,0,0,0,0,0,1,1
18118,Pacific Ave & Powell St,TBUS,THIRD BUS,3,BF2B45,FFFFFF,1,Visitacion Ave & Bay Shore Blvd@@@16,,,06:00:00,07:45:00,,,,,0,0,0,0,0,1,1
18121,Seven Seas Ave & Bruton St,25,TREASURE ISLAND,3,005B95,FFFFFF,1,Transit Center Bay 29@@@82###Transit Center Bay E@@@28,Transit Center Bay 29@@@34,Transit Center Bay E@@@18,06:35:24,30:13:24,25.0,30.0,25.0,30.0,0,0,0,0,0,1,1
18122,Seven Seas Ave & Bruton St,25,TREASURE ISLAND,3,005B95,FFFFFF,1,Transit Center Bay 29@@@82###Transit Center Bay E@@@28,Transit Center Bay 29@@@34,Transit Center Bay E@@@18,06:44:13,30:22:13,25.0,30.0,25.0,30.0,0,0,0,0,0,1,1
18133,22nd St & Illinois St,48,QUINTARA-24TH STREET,3,005B95,FFFFFF,1,22nd St Caltrain Station/Iowa@@@126,22nd St Caltrain Station/Iowa@@@42,22nd St Caltrain Station/Iowa@@@14,06:06:09,29:13:09,20.2,30.0,20.2,30.0,0,0,0,0,0,1,1
18134,23rd St & 3rd St,48,QUINTARA-24TH STREET,3,005B95,FFFFFF,1,22nd St Caltrain Station/Iowa@@@126,22nd St Caltrain Station/Iowa@@@42,22nd St Caltrain Station/Iowa@@@14,06:07:10,29:14:10,20.2,30.0,20.2,30.0,0,0,0,0,0,1,1
18135,25th Ave & California St,29,SUNSET,3,005B95,FFFFFF,0,Fitzgerald Ave & Keith St@@@168,Fitzgerald Ave & Keith St@@@70,,05:02:00,24:00:00,12.117647058823529,,12.117647058823529,,0,0,0,0,0,1,1
18136,Ulloa St & 14th Ave,L,TARAVAL,0,942D83,FFFFFF,0,47th Ave & Cutler Ave@@@168,47th Ave & Cutler Ave@@@68,,05:25:26,24:11:57,12.06060606060606,,12.06060606060606,,0,0,0,0,0,1,1
18137,Ulloa St & 14th Ave,L,TARAVAL,0,942D83,FFFFFF,1,Metro Embarcadero Station@@@138###The Embarcadero & Folsom St@@@6###Ulloa St & West Portal Ave@@@24,Metro Embarcadero Station@@@70,,06:15:03,24:46:03,12.088235294117647,,12.088235294117647,,0,0,0,0,0,1,1
18147,Hudson Ave & Cashmere St,15,BAYVIEW HUNTERS POINT EXPRESS,3,005B95,FFFFFF,1,Sutter St & Sansome St@@@130,Sutter St & Sansome St@@@66,,08:14:03,22:13:41,12.375,,12.375,,0,0,0,0,0,1,1
18149,Seven Seas Ave & Johnson St,25,TREASURE ISLAND,3,005B95,FFFFFF,1,Transit Center Bay 29@@@82###Transit Center Bay E@@@28,Transit Center Bay 29@@@34,Transit Center Bay E@@@18,06:43:14,30:21:14,25.0,30.0,25.0,30.0,0,0,0,0,0,1,1
18151,Mason St - Sports Basement,30,STOCKTON,3,005B95,FFFFFF,0,Crissy Field Terminal@@@104,Crissy Field Terminal@@@54,,06:32:34,19:42:25,15.346153846153847,,15.346153846153847,,0,0,0,0,0,1,1
18152,Mason St - Sports Basement,30,STOCKTON,3,005B95,FFFFFF,1,Townsend St & 4th St/Caltrain@@@104,Townsend St & 4th St/Caltrain@@@56,,06:53:45,20:02:45,14.962962962962964,,14.962962962962964,,0,0,0,0,0,1,1
18153,Crissy Field Terminal,30,STOCKTON,3,005B95,FFFFFF,1,Townsend St & 4th St/Caltrain@@@104,Townsend St & 4th St/Caltrain@@@56,,06:53:00,20:02:00,14.962962962962964,,14.962962962962964,,0,0,0,0,0,1,1
18154,Clay St & Davis St,12,FOLSOM-PACIFIC,3,005B95,FFFFFF,0,Main St & Howard St@@@54###Valencia St & Cesar Chavez St@@@98,Main St & Howard St@@@40###Valencia St & Cesar Chavez St@@@42,,06:12:50,22:14:10,10.0,,10.0,,0,0,0,0,0,1,1
18155,Church St & 26th St,J,CHURCH,0,A96614,FFFFFF,1,Church St & Duboce Ave@@@30###Metro Embarcadero Station@@@122,Metro Embarcadero Station@@@56,,05:11:27,24:11:27,14.962962962962964,,14.962962962962964,,0,0,0,0,0,1,1
18156,Church St & 26th St,J,CHURCH,0,A96614,FFFFFF,0,Balboa Park BART/Mezzanine Level@@@154,Balboa Park BART/Mezzanine Level@@@56,,05:38:06,25:12:06,15.074074074074074,,15.074074074074074,,0,0,0,0,0,1,1
18157,Church St & 28th St,J,CHURCH,0,A96614,FFFFFF,1,Church St & Duboce Ave@@@30###Metro Embarcadero Station@@@122,Metro Embarcadero Station@@@56,,05:10:11,24:10:11,14.962962962962964,,14.962962962962964,,0,0,0,0,0,1,1
18158,Church St & 28th St,J,CHURCH,0,A96614,FFFFFF,0,Balboa Park BART/Mezzanine Level@@@154,Balboa Park BART/Mezzanine Level@@@56,,05:39:13,25:13:13,15.074074074074074,,15.074074074074074,,0,0,0,0,0,1,1
18159,Sunset Blvd & Rivera St,29,SUNSET,3,005B95,FFFFFF,0,Fitzgerald Ave & Keith St@@@168,Fitzgerald Ave & Keith St@@@68,,05:13:41,24:12:41,12.333333333333334,,12.333333333333334,,0,0,0,0,0,1,1
18160,Sunnyvale Ave & W.Access Rd,9,SAN BRUNO,3,005B95,FFFFFF,1,Market St & Steuart St@@@184,Market St & Steuart St@@@84,,05:02:22,23:50:22,10.0,,10.0,,0,0,0,0,0,1,1
18161,Brookdale Ave & Blythdale Ave,9,SAN BRUNO,3,005B95,FFFFFF,1,Market St & Steuart St@@@184,Market St & Steuart St@@@84,,05:03:05,23:51:05,10.0,,10.0,,0,0,0,0,0,1,1
18162,Brookdale Ave & Blythdale Ave,9,SAN BRUNO,3,005B95,FFFFFF,0,Sunnydale Ave / Mclaren School@@@190,Sunnydale Ave / Mclaren School@@@82,,06:03:01,24:57:01,10.475,,10.475,,0,0,0,0,0,1,1
18163,Western Access Road & Sunnyvale Ave,9,SAN BRUNO,3,005B95,FFFFFF,0,Sunnydale Ave / Mclaren School@@@190,Sunnydale Ave / Mclaren School@@@80,,06:03:40,24:57:40,10.487179487179487,,10.487179487179487,,0,0,0,0,0,1,1
18164,Clayton St & Deming St,33,ASHBURY-18TH ST,3,005B95,FFFFFF,1,Arguello Blvd & California St@@@14###Sacramento St & Cherry St@@@84,Sacramento St & Cherry St@@@40,,06:21:40,23:06:32,20.68421052631579,,20.68421052631579,,0,0,0,0,0,1,1
18165,11th St & Market St,9,SAN BRUNO,3,005B95,FFFFFF,1,Market St & Steuart St@@@184,Market St & Steuart St@@@84,,05:34:00,24:22:00,10.048780487804878,,10.048780487804878,,0,0,0,0,0,1,1
18175,Buckingham Ave & 19th Ave,58,LAKE MERCED,3,005B95,FFFFFF,0,Mission St & Flournoy@@@66,Mission St & Flournoy@@@30,,06:00:00,22:00:00,30.0,,30.0,,0,0,0,0,0,1,1
